time_days,event
570.0416666666666,1
447.8333333333333,1
480.375,1
470.0416666666667,1
452.375,1
420.8333333333333,1
455.7083333333333,1
411.5833333333333,1
333.7083333333333,1
212.08333333333334,1
155.29166666666666,1
155.5,1
112.25,1
150.54166666666666,1
226.83333333333334,1
112.625,1
134.08333333333334,1
50.791666666666664,1
610.6666666666666,1
561.375,1
528.0416666666666,1
491.1666666666667,1
577.8333333333334,1
525.3333333333334,1
189.79166666666666,1
377.9583333333333,1
133.0,1
160.83333333333334,1
138.5,1
889.625,1
854.5833333333334,1
883.9166666666666,1
858.2083333333334,1
752.625,1
829.4166666666666,1
727.6666666666666,1
740.3333333333334,1
726.75,1
466.5416666666667,1
692.5416666666666,1
692.625,1
190.70833333333334,1
723.7916666666666,0
724.2916666666666,0
724.3333333333334,0
723.625,0
724.4583333333334,0
723.7916666666666,0
724.25,0
724.3333333333334,0
724.25,0
723.9583333333334,0
724.125,0
723.4166666666666,0
724.125,0
708.25,0
723.9166666666666,0
709.625,0
724.375,0
723.9583333333334,0
723.7083333333334,0
724.5416666666666,0
724.0416666666666,0
723.7083333333334,0
724.2916666666666,0
724.375,0
675.9166666666666,0
724.0416666666666,0
722.2083333333334,0
724.6666666666666,0
724.0833333333334,0
723.625,0
723.9166666666666,0
723.4583333333334,0
724.0,0
723.5,0
723.75,0
724.0416666666666,0
724.2083333333334,0
723.875,0
723.2916666666666,0
723.2916666666666,0
724.2083333333334,0
724.0833333333334,0
724.125,0
723.875,0
723.9583333333334,0
724.0416666666666,0
724.5,0
724.4583333333334,0
723.5,0
724.2083333333334,0
721.4166666666666,0
724.375,0
723.7916666666666,0
724.5,0
724.2916666666666,0
723.3333333333334,0
724.125,0
724.5,0
724.2083333333334,0
724.0,0
709.4166666666666,0
724.5416666666666,0
723.75,0
724.25,0
724.0,0
723.9583333333334,0
724.125,0
724.125,0
723.7916666666666,0
723.2083333333334,0
738.4166666666666,0
723.5,0
708.0416666666666,0
738.375,0
676.625,0
722.5416666666666,0
722.25,0
724.3333333333334,0
724.2916666666666,0
739.125,0
724.25,0
724.0416666666666,0
723.7083333333334,0
724.125,0
724.5,0
724.0,0
722.5416666666666,0
723.875,0
724.0833333333334,0
724.375,0
721.625,0
717.875,0
718.9583333333334,0
718.7083333333334,0
718.5833333333334,0
718.5,0
718.5,0
718.2083333333334,0
718.7916666666666,0
738.5,0
719.2916666666666,0
738.7083333333334,0
718.0416666666666,0
738.6666666666666,0
738.9166666666666,0
718.0833333333334,0
718.3333333333334,0
738.625,0
718.5,0
718.875,0
718.75,0
719.2083333333334,0
739.0833333333334,0
738.5833333333334,0
707.75,0
707.5833333333334,0
707.7916666666666,0
676.2083333333334,0
676.4166666666666,0
676.75,0
676.1666666666666,0
567.2083333333334,0
708.25,0
708.2916666666666,0
676.5833333333334,0
676.5833333333334,0
677.0,0
682.0833333333334,0
676.5833333333334,0
676.6666666666666,0
682.0,0
676.5833333333334,0
707.8333333333334,0
676.5,0
678.0,0
678.125,0
676.75,0
676.2916666666666,0
676.25,0
677.875,0
676.2083333333334,0
675.8333333333334,0
657.125,0
682.4166666666666,0
676.7083333333334,0
676.375,0
682.125,0
682.1666666666666,0
669.8333333333334,0
669.5833333333334,0
671.75,0
655.9583333333334,0
657.5833333333334,0
669.75,0
670.0416666666666,0
657.5833333333334,0
469.9583333333333,0
669.4166666666666,0
669.7083333333334,0
669.7083333333334,0
669.8333333333334,0
471.0,0
669.9166666666666,0
669.375,0
469.625,0
669.7083333333334,0
669.6666666666666,0
470.6666666666667,0
669.5833333333334,0
669.3333333333334,0
643.3333333333334,0
669.5416666666666,0
669.5833333333334,0
470.3333333333333,0
468.625,0
468.5416666666667,0
669.6666666666666,0
468.625,0
669.4166666666666,0
470.1666666666667,0
470.5416666666667,0
470.25,0
469.9166666666667,0
469.7916666666667,0
470.625,0
671.625,0
469.7916666666667,0
470.2083333333333,0
468.9583333333333,0
469.0,0
471.3333333333333,0
468.4583333333333,0
471.1666666666667,0
568.25,0
567.2916666666666,0
567.25,0
542.875,0
568.4166666666666,0
567.2916666666666,0
567.2083333333334,0
217.83333333333334,0
567.0833333333334,0
566.875,0
542.6666666666666,0
576.8333333333334,0
566.625,0
575.75,0
567.3333333333334,0
567.2916666666666,0
575.9583333333334,0
542.7083333333334,0
542.4583333333334,0
566.7083333333334,0
577.0,0
542.5,0
571.125,0
575.9583333333334,0
542.5833333333334,0
542.3333333333334,0
566.9166666666666,0
568.125,0
542.2916666666666,0
542.375,0
575.8333333333334,0
566.75,0
567.375,0
542.8333333333334,0
567.125,0
576.0416666666666,0
542.6666666666666,0
575.9166666666666,0
566.75,0
475.8333333333333,0
576.0,0
576.875,0
567.0,0
575.9166666666666,0
566.8333333333334,0
566.75,0
576.625,0
542.7083333333334,0
567.1666666666666,0
575.9166666666666,0
576.2916666666666,0
567.2083333333334,0
576.0,0
576.0,0
575.7083333333334,0
566.5833333333334,0
575.7916666666666,0
504.7083333333333,0
566.75,0
576.4583333333334,0
566.75,0
575.9166666666666,0
575.9583333333334,0
576.0416666666666,0
575.5416666666666,0
575.75,0
566.75,0
576.7916666666666,0
575.7916666666666,0
566.6666666666666,0
575.875,0
566.5416666666666,0
542.5416666666666,0
566.6666666666666,0
542.5,0
576.125,0
566.7916666666666,0
542.9583333333334,0
575.7083333333334,0
567.2083333333334,0
566.625,0
542.7083333333334,0
567.0,0
490.9166666666667,0
566.6666666666666,0
576.125,0
576.0833333333334,0
566.6666666666666,0
575.7916666666666,0
576.0833333333334,0
575.8333333333334,0
542.4166666666666,0
542.3333333333334,0
566.7083333333334,0
567.3333333333334,0
575.875,0
576.5,0
576.0,0
576.375,0
567.1666666666666,0
567.2083333333334,0
576.5,0
566.7916666666666,0
542.7083333333334,0
542.4583333333334,0
542.2083333333334,0
566.7916666666666,0
567.0,0
576.0,0
566.9583333333334,0
575.8333333333334,0
568.1666666666666,0
566.5,0
566.625,0
542.8333333333334,0
575.7083333333334,0
466.75,0
576.3333333333334,0
576.0833333333334,0
445.7916666666667,0
566.6666666666666,0
542.7916666666666,0
217.625,0
575.7916666666666,0
576.0,0
567.25,0
575.75,0
576.7916666666666,0
575.875,0
576.25,0
567.2916666666666,0
567.4583333333334,0
542.75,0
577.1666666666666,0
542.6666666666666,0
549.9166666666666,0
567.0,0
566.9166666666666,0
542.5,0
575.625,0
566.8333333333334,0
542.2916666666666,0
542.5,0
542.5,0
542.7083333333334,0
567.4166666666666,0
566.9166666666666,0
570.7083333333334,0
567.4583333333334,0
566.6666666666666,0
575.9583333333334,0
575.9583333333334,0
567.2916666666666,0
567.375,0
566.75,0
575.7916666666666,0
575.9166666666666,0
575.7083333333334,0
567.0416666666666,0
576.0,0
567.25,0
567.4166666666666,0
577.1666666666666,0
577.0,0
570.6666666666666,0
542.2083333333334,0
542.7916666666666,0
542.7916666666666,0
542.875,0
568.2083333333334,0
542.375,0
575.6666666666666,0
542.75,0
567.0416666666666,0
567.0416666666666,0
566.7083333333334,0
542.5,0
575.9583333333334,0
575.8333333333334,0
567.125,0
567.2083333333334,0
542.2916666666666,0
568.2083333333334,0
542.2916666666666,0
576.0,0
519.4583333333334,0
576.0416666666666,0
576.75,0
576.125,0
576.0416666666666,0
576.5416666666666,0
567.1666666666666,0
575.75,0
567.0416666666666,0
575.9166666666666,0
575.8333333333334,0
567.375,0
542.5416666666666,0
567.0416666666666,0
576.25,0
567.4583333333334,0
542.7916666666666,0
567.375,0
542.375,0
542.7083333333334,0
576.0833333333334,0
567.375,0
504.6666666666667,0
567.0833333333334,0
543.0,0
542.25,0
577.2083333333334,0
567.0833333333334,0
576.0833333333334,0
542.9166666666666,0
575.8333333333334,0
566.9166666666666,0
576.8333333333334,0
567.0,0
567.1666666666666,0
484.375,0
575.8333333333334,0
575.75,0
570.7916666666666,0
576.8333333333334,0
542.5416666666666,0
567.25,0
566.7916666666666,0
502.7916666666667,0
567.1666666666666,0
566.75,0
576.1666666666666,0
567.25,0
567.125,0
571.0,0
575.6666666666666,0
575.7916666666666,0
575.5,0
576.0833333333334,0
576.0416666666666,0
542.5416666666666,0
504.7083333333333,0
576.0416666666666,0
566.875,0
576.4583333333334,0
567.0833333333334,0
576.6666666666666,0
576.0,0
61.333333333333336,0
566.8333333333334,0
576.125,0
567.2083333333334,0
575.9166666666666,0
567.0833333333334,0
542.3333333333334,0
567.2916666666666,0
542.4583333333334,0
576.0,0
575.9166666666666,0
430.625,0
576.125,0
217.58333333333334,0
570.9166666666666,0
542.6666666666666,0
576.0,0
576.5833333333334,0
567.4583333333334,0
542.4583333333334,0
576.1666666666666,0
576.625,0
576.3333333333334,0
576.2083333333334,0
575.7916666666666,0
567.1666666666666,0
575.9583333333334,0
567.0,0
542.4583333333334,0
576.1666666666666,0
576.875,0
575.875,0
576.0,0
24.791666666666668,0
575.7916666666666,0
567.25,0
575.875,0
576.1666666666666,0
567.2083333333334,0
445.7916666666667,0
575.7083333333334,0
575.9583333333334,0
576.3333333333334,0
567.9583333333334,0
576.875,0
575.9166666666666,0
567.2916666666666,0
566.4583333333334,0
576.1666666666666,0
542.4166666666666,0
575.875,0
567.9166666666666,0
567.3333333333334,0
542.75,0
576.0833333333334,0
575.625,0
567.4166666666666,0
542.4166666666666,0
542.625,0
575.875,0
576.3333333333334,0
575.9583333333334,0
576.0833333333334,0
567.0833333333334,0
542.4583333333334,0
542.7083333333334,0
568.5,0
542.25,0
566.6666666666666,0
519.2083333333334,0
218.95833333333334,0
542.5833333333334,0
542.5833333333334,0
575.75,0
542.125,0
567.0,0
566.9583333333334,0
576.4166666666666,0
567.2916666666666,0
575.9166666666666,0
542.4166666666666,0
568.0416666666666,0
576.4166666666666,0
576.7083333333334,0
576.0,0
542.625,0
542.8333333333334,0
542.6666666666666,0
576.0416666666666,0
576.125,0
567.25,0
577.125,0
217.875,0
567.375,0
218.16666666666666,0
542.5833333333334,0
576.1666666666666,0
542.7916666666666,0
566.9583333333334,0
576.625,0
576.0416666666666,0
542.5833333333334,0
570.6666666666666,0
575.9166666666666,0
576.4166666666666,0
567.0,0
576.9583333333334,0
576.7083333333334,0
566.875,0
567.125,0
571.0416666666666,0
567.25,0
218.41666666666666,0
567.2916666666666,0
567.1666666666666,0
566.5,0
570.8333333333334,0
566.4583333333334,0
542.25,0
576.0,0
567.4583333333334,0
567.5,0
567.125,0
576.2083333333334,0
568.0833333333334,0
575.7916666666666,0
576.125,0
566.9583333333334,0
567.5,0
567.25,0
577.125,0
575.9166666666666,0
575.875,0
542.375,0
566.9583333333334,0
542.4583333333334,0
566.75,0
567.1666666666666,0
566.7916666666666,0
576.25,0
576.0,0
542.625,0
567.125,0
567.0416666666666,0
575.7916666666666,0
218.08333333333334,0
567.3333333333334,0
570.9583333333334,0
566.7083333333334,0
575.625,0
567.2916666666666,0
576.2916666666666,0
567.375,0
542.25,0
576.125,0
576.1666666666666,0
566.9583333333334,0
575.8333333333334,0
576.2916666666666,0
566.875,0
566.4583333333334,0
542.2916666666666,0
575.625,0
567.0833333333334,0
567.375,0
567.4583333333334,0
566.7916666666666,0
542.6666666666666,0
567.0,0
542.5833333333334,0
567.1666666666666,0
542.9166666666666,0
566.7916666666666,0
543.0416666666666,0
566.75,0
568.25,0
566.875,0
221.0,0
566.375,0
566.7916666666666,0
567.2083333333334,0
575.7916666666666,0
567.2916666666666,0
542.9166666666666,0
542.9166666666666,0
570.9583333333334,0
576.2916666666666,0
576.125,0
567.125,0
542.875,0
566.375,0
542.3333333333334,0
542.875,0
576.8333333333334,0
575.8333333333334,0
559.0833333333334,0
567.375,0
566.2083333333334,0
542.2083333333334,0
542.875,0
576.25,0
542.5833333333334,0
575.8333333333334,0
542.6666666666666,0
566.625,0
566.6666666666666,0
576.0833333333334,0
567.3333333333334,0
566.8333333333334,0
577.1666666666666,0
566.4166666666666,0
566.5833333333334,0
543.0416666666666,0
575.8333333333334,0
567.2916666666666,0
566.75,0
566.7916666666666,0
576.9166666666666,0
567.375,0
577.2083333333334,0
566.6666666666666,0
542.4583333333334,0
542.4166666666666,0
575.9583333333334,0
567.2083333333334,0
566.75,0
576.25,0
542.2083333333334,0
576.3333333333334,0
542.5416666666666,0
567.0833333333334,0
576.25,0
542.3333333333334,0
542.8333333333334,0
566.7916666666666,0
566.5833333333334,0
567.1666666666666,0
441.4166666666667,0
567.0416666666666,0
567.375,0
567.2916666666666,0
570.9583333333334,0
575.9583333333334,0
566.75,0
576.25,0
566.9166666666666,0
567.5,0
567.3333333333334,0
542.7916666666666,0
576.1666666666666,0
542.375,0
566.2916666666666,0
567.2916666666666,0
566.2916666666666,0
575.7083333333334,0
576.0833333333334,0
500.0416666666667,0
566.7916666666666,0
576.2916666666666,0
567.0833333333334,0
576.9166666666666,0
577.0833333333334,0
566.9583333333334,0
542.9166666666666,0
571.0416666666666,0
567.0833333333334,0
567.2083333333334,0
575.75,0
572.8333333333334,0
542.5,0
577.0,0
567.5,0
567.125,0
567.4583333333334,0
576.3333333333334,0
576.2916666666666,0
575.9166666666666,0
566.875,0
567.0833333333334,0
567.0833333333334,0
576.0416666666666,0
542.5833333333334,0
566.8333333333334,0
566.9583333333334,0
567.0833333333334,0
570.6666666666666,0
567.5,0
567.2083333333334,0
566.7916666666666,0
567.0,0
542.125,0
542.5,0
542.9166666666666,0
576.0833333333334,0
567.0416666666666,0
566.5,0
566.7916666666666,0
566.875,0
567.2083333333334,0
566.7916666666666,0
566.9583333333334,0
566.2083333333334,0
566.7083333333334,0
566.875,0
566.5,0
567.0,0
567.3333333333334,0
567.2916666666666,0
566.875,0
374.625,0
576.9583333333334,0
542.9583333333334,0
567.1666666666666,0
567.125,0
576.0833333333334,0
542.4166666666666,0
542.8333333333334,0
542.375,0
542.75,0
575.9583333333334,0
315.4166666666667,0
567.0416666666666,0
567.4166666666666,0
566.9583333333334,0
566.8333333333334,0
542.4166666666666,0
566.5833333333334,0
566.875,0
567.0,0
566.5833333333334,0
575.7083333333334,0
567.25,0
566.7083333333334,0
567.2916666666666,0
566.9583333333334,0
504.5,0
575.7916666666666,0
542.4166666666666,0
577.0416666666666,0
542.2083333333334,0
566.6666666666666,0
542.2916666666666,0
567.3333333333334,0
567.2083333333334,0
575.7916666666666,0
567.4166666666666,0
567.3333333333334,0
545.9166666666666,0
542.6666666666666,0
566.9583333333334,0
566.9166666666666,0
566.75,0
577.125,0
576.25,0
575.7916666666666,0
484.75,0
567.5416666666666,0
566.9166666666666,0
567.3333333333334,0
566.5,0
542.625,0
566.375,0
542.6666666666666,0
570.8333333333334,0
542.75,0
576.0,0
567.3333333333334,0
571.0,0
567.5416666666666,0
576.875,0
566.5833333333334,0
566.5416666666666,0
495.75,0
567.1666666666666,0
542.8333333333334,0
567.0416666666666,0
576.2083333333334,0
576.125,0
575.6666666666666,0
576.1666666666666,0
575.7083333333334,0
542.5416666666666,0
576.2916666666666,0
567.125,0
575.875,0
570.7916666666666,0
567.0833333333334,0
567.125,0
566.7083333333334,0
568.25,0
567.0,0
542.7083333333334,0
542.4583333333334,0
575.5416666666666,0
567.1666666666666,0
567.25,0
566.9583333333334,0
566.875,0
567.25,0
566.875,0
567.125,0
252.08333333333334,0
567.5,0
567.0,0
566.875,0
567.0,0
558.75,0
567.1666666666666,0
566.7083333333334,0
567.25,0
567.0416666666666,0
567.25,0
566.7083333333334,0
567.375,0
567.2916666666666,0
290.1666666666667,0
567.1666666666666,0
575.75,0
566.9583333333334,0
566.5416666666666,0
542.5,0
567.5,0
566.375,0
542.5,0
567.1666666666666,0
567.4166666666666,0
567.0833333333334,0
566.5416666666666,0
566.5416666666666,0
566.8333333333334,0
567.4583333333334,0
566.3333333333334,0
567.0,0
567.5,0
566.4166666666666,0
567.0833333333334,0
567.5,0
566.875,0
473.6666666666667,0
567.0416666666666,0
567.2916666666666,0
566.8333333333334,0
567.1666666666666,0
567.125,0
567.1666666666666,0
566.5,0
567.0833333333334,0
566.875,0
575.6666666666666,0
566.875,0
566.9583333333334,0
567.0,0
567.2083333333334,0
542.75,0
567.2083333333334,0
567.0833333333334,0
542.75,0
570.8333333333334,0
542.6666666666666,0
542.5416666666666,0
543.0416666666666,0
567.0416666666666,0
570.9583333333334,0
566.8333333333334,0
570.5416666666666,0
567.25,0
566.7916666666666,0
542.9583333333334,0
575.9583333333334,0
566.9583333333334,0
566.9166666666666,0
542.4166666666666,0
566.5833333333334,0
567.0833333333334,0
567.1666666666666,0
566.7083333333334,0
567.5416666666666,0
576.125,0
542.625,0
566.875,0
576.0,0
543.0,0
566.25,0
542.9583333333334,0
567.0,0
566.6666666666666,0
567.125,0
567.0,0
542.375,0
576.9166666666666,0
217.83333333333334,0
542.9166666666666,0
566.9166666666666,0
575.75,0
218.25,0
566.6666666666666,0
575.9583333333334,0
542.75,0
542.625,0
566.875,0
576.2083333333334,0
542.7083333333334,0
567.25,0
566.9583333333334,0
567.4583333333334,0
566.9166666666666,0
567.1666666666666,0
567.4583333333334,0
567.4583333333334,0
474.75,0
566.9583333333334,0
542.2083333333334,0
567.25,0
567.1666666666666,0
567.2083333333334,0
566.8333333333334,0
543.0,0
566.7916666666666,0
575.875,0
566.875,0
566.5,0
568.0416666666666,0
577.0833333333334,0
568.0416666666666,0
567.25,0
576.2916666666666,0
576.0,0
567.0,0
542.7083333333334,0
566.9583333333334,0
576.2916666666666,0
566.8333333333334,0
575.5416666666666,0
542.1666666666666,0
217.375,0
567.0833333333334,0
567.0416666666666,0
576.0833333333334,0
567.0416666666666,0
567.1666666666666,0
567.0416666666666,0
567.2083333333334,0
542.625,0
567.0416666666666,0
576.0833333333334,0
576.0,0
567.0416666666666,0
389.2083333333333,0
542.5416666666666,0
576.2916666666666,0
229.08333333333334,0
217.58333333333334,0
567.25,0
566.7916666666666,0
567.5833333333334,0
567.0416666666666,0
575.625,0
566.5,0
542.7916666666666,0
575.9166666666666,0
542.75,0
567.1666666666666,0
567.125,0
566.875,0
575.5833333333334,0
576.125,0
567.25,0
566.9583333333334,0
566.5416666666666,0
575.75,0
575.5833333333334,0
566.75,0
567.2083333333334,0
567.5,0
568.1666666666666,0
576.125,0
504.0833333333333,0
567.25,0
567.2916666666666,0
566.3333333333334,0
567.2083333333334,0
567.2083333333334,0
576.25,0
542.1666666666666,0
567.25,0
566.7083333333334,0
542.5416666666666,0
576.0833333333334,0
577.0416666666666,0
567.0833333333334,0
575.875,0
567.125,0
575.75,0
566.8333333333334,0
576.0416666666666,0
566.9166666666666,0
567.125,0
567.2083333333334,0
576.0416666666666,0
566.875,0
542.6666666666666,0
567.0833333333334,0
542.5833333333334,0
567.0833333333334,0
567.375,0
575.875,0
567.0,0
576.1666666666666,0
575.875,0
576.0,0
542.2916666666666,0
577.2083333333334,0
475.2083333333333,0
575.9166666666666,0
575.6666666666666,0
567.0833333333334,0
504.5416666666667,0
575.9583333333334,0
568.125,0
542.9583333333334,0
577.0833333333334,0
576.2083333333334,0
576.0833333333334,0
542.5416666666666,0
542.75,0
542.5416666666666,0
568.0,0
576.2083333333334,0
575.9583333333334,0
566.2916666666666,0
567.2083333333334,0
575.9583333333334,0
567.25,0
542.5,0
575.9583333333334,0
566.8333333333334,0
504.3333333333333,0
542.375,0
567.4166666666666,0
474.875,0
576.125,0
566.9583333333334,0
567.1666666666666,0
575.6666666666666,0
576.75,0
576.2083333333334,0
576.125,0
566.9583333333334,0
504.2916666666667,0
567.25,0
542.4583333333334,0
567.0833333333334,0
566.9583333333334,0
576.0416666666666,0
576.125,0
576.2083333333334,0
576.0833333333334,0
567.0833333333334,0
570.7083333333334,0
575.7916666666666,0
570.625,0
575.9166666666666,0
567.4166666666666,0
570.5833333333334,0
567.0416666666666,0
542.5,0
542.4166666666666,0
567.0416666666666,0
570.5833333333334,0
567.0833333333334,0
566.9166666666666,0
566.9166666666666,0
567.0833333333334,0
575.7916666666666,0
575.8333333333334,0
542.5833333333334,0
364.6666666666667,0
576.0416666666666,0
575.5416666666666,0
566.9166666666666,0
446.625,0
575.9166666666666,0
575.9583333333334,0
566.7916666666666,0
575.9166666666666,0
567.125,0
542.375,0
568.2083333333334,0
567.25,0
566.9166666666666,0
576.2083333333334,0
542.5833333333334,0
504.5416666666667,0
542.5416666666666,0
576.375,0
566.8333333333334,0
566.8333333333334,0
576.1666666666666,0
538.625,0
218.91666666666666,0
542.2083333333334,0
575.8333333333334,0
566.875,0
576.0,0
566.2916666666666,0
575.9583333333334,0
566.7083333333334,0
576.1666666666666,0
566.9583333333334,0
567.3333333333334,0
571.0,0
567.0833333333334,0
567.0416666666666,0
566.5833333333334,0
542.5833333333334,0
568.1666666666666,0
567.2083333333334,0
576.2083333333334,0
567.2916666666666,0
567.4166666666666,0
567.0833333333334,0
576.0416666666666,0
576.2083333333334,0
567.0416666666666,0
566.7916666666666,0
568.375,0
576.0416666666666,0
576.6666666666666,0
576.3333333333334,0
567.0416666666666,0
567.0,0
566.75,0
542.625,0
542.7916666666666,0
566.9166666666666,0
566.9166666666666,0
566.8333333333334,0
566.9583333333334,0
575.875,0
567.1666666666666,0
576.0,0
566.7916666666666,0
575.75,0
567.3333333333334,0
566.8333333333334,0
567.4583333333334,0
575.75,0
577.125,0
504.2916666666667,0
454.0416666666667,0
567.2916666666666,0
567.0416666666666,0
542.4583333333334,0
542.5,0
217.875,0
566.875,0
566.7083333333334,0
336.0416666666667,0
567.5416666666666,0
575.7916666666666,0
543.0,0
568.5,0
542.6666666666666,0
576.2083333333334,0
576.25,0
568.4166666666666,0
567.5416666666666,0
576.2083333333334,0
566.9583333333334,0
576.7083333333334,0
472.3333333333333,0
576.0416666666666,0
566.3333333333334,0
567.0416666666666,0
542.8333333333334,0
567.1666666666666,0
576.125,0
566.7916666666666,0
542.4583333333334,0
575.9166666666666,0
566.625,0
576.0416666666666,0
472.5416666666667,0
575.9166666666666,0
566.6666666666666,0
567.9583333333334,0
542.8333333333334,0
575.8333333333334,0
566.9166666666666,0
576.0416666666666,0
542.625,0
575.7916666666666,0
480.9166666666667,0
575.7916666666666,0
542.7083333333334,0
576.0416666666666,0
567.125,0
576.1666666666666,0
575.9583333333334,0
504.5833333333333,0
577.0833333333334,0
576.2083333333334,0
567.3333333333334,0
576.1666666666666,0
490.9166666666667,0
567.25,0
570.875,0
542.9583333333334,0
576.125,0
576.0833333333334,0
542.5,0
566.6666666666666,0
542.6666666666666,0
567.0416666666666,0
571.125,0
575.7083333333334,0
575.9166666666666,0
504.5,0
576.375,0
568.0,0
570.5833333333334,0
567.3333333333334,0
570.625,0
504.2916666666667,0
576.6666666666666,0
570.7083333333334,0
238.79166666666666,0
504.4583333333333,0
567.2083333333334,0
567.375,0
545.625,0
575.8333333333334,0
542.1666666666666,0
567.1666666666666,0
542.5416666666666,0
542.25,0
542.9166666666666,0
570.7916666666666,0
576.25,0
576.25,0
576.7083333333334,0
576.0416666666666,0
576.125,0
567.0416666666666,0
575.8333333333334,0
542.5833333333334,0
566.2916666666666,0
576.125,0
566.8333333333334,0
576.5833333333334,0
542.2916666666666,0
568.375,0
542.25,0
570.5833333333334,0
575.8333333333334,0
575.75,0
566.25,0
567.375,0
567.125,0
504.6666666666667,0
566.3333333333334,0
542.5833333333334,0
566.8333333333334,0
575.7083333333334,0
576.2916666666666,0
504.4583333333333,0
576.9583333333334,0
567.125,0
576.375,0
576.7916666666666,0
567.3333333333334,0
566.625,0
575.9166666666666,0
542.5416666666666,0
567.0416666666666,0
542.6666666666666,0
566.9583333333334,0
576.1666666666666,0
567.5833333333334,0
567.1666666666666,0
218.41666666666666,0
542.9583333333334,0
566.8333333333334,0
567.0833333333334,0
566.8333333333334,0
570.875,0
566.6666666666666,0
567.125,0
575.75,0
566.75,0
567.2916666666666,0
570.9166666666666,0
570.8333333333334,0
542.7916666666666,0
576.5416666666666,0
567.5,0
576.75,0
218.04166666666666,0
504.6666666666667,0
567.0,0
575.7916666666666,0
542.875,0
576.0416666666666,0
576.25,0
567.25,0
576.625,0
566.7916666666666,0
567.4166666666666,0
542.75,0
575.5,0
576.9166666666666,0
542.875,0
475.4166666666667,0
576.3333333333334,0
575.9583333333334,0
575.875,0
576.0,0
570.75,0
542.375,0
576.0,0
542.75,0
542.7083333333334,0
542.625,0
504.5,0
567.125,0
576.125,0
556.0,0
575.75,0
576.375,0
398.2083333333333,0
567.125,0
278.6666666666667,0
566.875,0
567.25,0
566.9166666666666,0
567.0833333333334,0
567.25,0
568.4583333333334,0
567.2916666666666,0
566.6666666666666,0
566.7083333333334,0
566.9166666666666,0
566.5416666666666,0
567.125,0
566.7083333333334,0
566.7083333333334,0
566.4166666666666,0
567.0,0
566.625,0
566.5416666666666,0
566.9583333333334,0
566.3333333333334,0
542.2916666666666,0
504.625,0
567.0833333333334,0
566.9166666666666,0
570.75,0
567.3333333333334,0
566.5416666666666,0
566.7916666666666,0
567.2916666666666,0
567.25,0
566.625,0
567.5416666666666,0
567.3333333333334,0
566.7083333333334,0
567.2916666666666,0
566.9583333333334,0
567.2083333333334,0
566.9583333333334,0
567.1666666666666,0
567.3333333333334,0
567.0833333333334,0
567.0833333333334,0
566.9583333333334,0
575.875,0
576.0833333333334,0
566.25,0
567.2916666666666,0
566.875,0
566.5416666666666,0
566.8333333333334,0
566.9583333333334,0
566.8333333333334,0
542.1666666666666,0
566.5,0
542.75,0
542.2083333333334,0
542.625,0
576.25,0
570.7916666666666,0
566.875,0
576.0416666666666,0
567.2916666666666,0
566.5,0
543.0833333333334,0
433.0833333333333,0
567.25,0
566.4166666666666,0
568.4583333333334,0
566.7083333333334,0
566.8333333333334,0
566.5833333333334,0
566.4583333333334,0
542.625,0
566.5833333333334,0
567.0,0
575.625,0
567.9583333333334,0
567.0,0
566.5416666666666,0
542.7916666666666,0
575.9583333333334,0
567.1666666666666,0
567.125,0
576.0833333333334,0
542.7083333333334,0
567.25,0
566.4166666666666,0
566.4583333333334,0
570.875,0
577.1666666666666,0
575.7916666666666,0
543.0833333333334,0
571.0,0
567.2916666666666,0
566.625,0
576.2083333333334,0
576.0833333333334,0
567.4583333333334,0
568.0,0
542.7083333333334,0
566.75,0
543.0,0
566.625,0
446.125,0
567.2916666666666,0
568.25,0
542.6666666666666,0
566.7916666666666,0
567.25,0
567.1666666666666,0
374.7916666666667,0
503.6666666666667,0
567.5,0
217.70833333333334,0
221.25,0
567.4166666666666,0
218.04166666666666,0
217.91666666666666,0
375.3333333333333,0
503.625,0
218.125,0
567.0,0
221.58333333333334,0
218.5,0
374.875,0
221.125,0
374.875,0
502.2083333333333,0
217.54166666666666,0
218.20833333333334,0
219.125,0
218.91666666666666,0
217.95833333333334,0
502.2916666666667,0
501.9166666666667,0
217.41666666666666,0
218.91666666666666,0
217.66666666666666,0
502.2916666666667,0
504.0833333333333,0
217.95833333333334,0
218.125,0
219.0,0
503.9166666666667,0
220.29166666666666,0
218.83333333333334,0
219.125,0
218.0,0
217.83333333333334,0
217.875,0
218.375,0
217.91666666666666,0
221.08333333333334,0
439.7916666666667,0
506.5,0
468.8333333333333,0
504.625,0
515.375,0
515.8333333333334,0
507.8333333333333,0
515.8333333333334,0
516.0833333333334,0
504.1666666666667,0
522.375,0
503.875,0
506.5416666666667,0
503.5833333333333,0
524.375,0
515.625,0
515.625,0
504.2916666666667,0
503.7083333333333,0
524.875,0
515.875,0
432.7916666666667,0
504.5833333333333,0
515.875,0
506.4583333333333,0
505.2083333333333,0
502.75,0
374.625,0
469.2083333333333,0
395.9583333333333,0
440.7916666666667,0
440.0833333333333,0
504.4166666666667,0
504.2916666666667,0
502.2083333333333,0
504.625,0
502.125,0
433.2083333333333,0
504.625,0
503.75,0
504.4166666666667,0
504.75,0
503.1666666666667,0
504.7083333333333,0
505.1666666666667,0
505.0,0
503.4166666666667,0
478.25,0
503.7083333333333,0
504.8333333333333,0
503.7083333333333,0
504.0833333333333,0
503.9166666666667,0
504.375,0
503.5,0
505.0,0
504.7916666666667,0
504.7083333333333,0
504.3333333333333,0
504.625,0
504.75,0
503.5,0
504.5,0
504.2916666666667,0
503.9583333333333,0
504.3333333333333,0
504.5416666666667,0
503.875,0
503.5833333333333,0
481.0,0
503.625,0
503.875,0
505.3333333333333,0
503.3333333333333,0
504.1666666666667,0
503.5,0
504.8333333333333,0
504.1666666666667,0
503.4583333333333,0
504.9583333333333,0
504.0416666666667,0
504.6666666666667,0
504.0416666666667,0
503.9583333333333,0
504.25,0
503.9583333333333,0
504.8333333333333,0
504.1666666666667,0
504.875,0
506.75,0
505.0833333333333,0
503.7916666666667,0
503.8333333333333,0
503.375,0
525.0833333333334,0
326.25,0
515.625,0
508.375,0
502.8333333333333,0
387.75,0
515.5833333333334,0
360.4166666666667,0
521.9166666666666,0
502.0416666666667,0
503.5416666666667,0
504.7083333333333,0
515.5,0
504.8333333333333,0
504.75,0
504.6666666666667,0
501.875,0
504.9166666666667,0
504.9583333333333,0
502.625,0
432.9583333333333,0
399.7083333333333,0
504.2916666666667,0
515.3333333333334,0
516.2083333333334,0
503.2083333333333,0
516.2916666666666,0
521.4166666666666,0
502.5833333333333,0
515.25,0
521.9583333333334,0
508.1666666666667,0
508.0,0
501.75,0
515.2083333333334,0
515.75,0
524.5,0
515.5416666666666,0
502.625,0
515.75,0
504.4583333333333,0
523.4166666666666,0
516.25,0
501.9583333333333,0
523.1666666666666,0
504.375,0
521.875,0
522.0416666666666,0
502.3333333333333,0
524.75,0
508.375,0
502.5,0
504.4166666666667,0
505.0416666666667,0
524.75,0
521.5833333333334,0
504.6666666666667,0
523.5833333333334,0
524.9583333333334,0
504.375,0
504.5,0
516.3333333333334,0
521.7916666666666,0
502.0833333333333,0
468.7916666666667,0
501.875,0
521.9166666666666,0
504.4583333333333,0
516.25,0
508.2083333333333,0
521.8333333333334,0
524.4583333333334,0
515.5416666666666,0
521.4166666666666,0
516.4166666666666,0
521.9166666666666,0
502.4166666666667,0
502.1666666666667,0
501.875,0
515.2083333333334,0
502.1666666666667,0
469.125,0
521.5,0
521.4166666666666,0
503.625,0
502.5416666666667,0
521.625,0
502.25,0
468.8333333333333,0
502.125,0
505.1666666666667,0
506.4583333333333,0
521.4583333333334,0
523.6666666666666,0
523.125,0
521.4583333333334,0
521.6666666666666,0
503.0,0
515.0416666666666,0
523.6666666666666,0
502.2916666666667,0
515.875,0
502.0416666666667,0
502.125,0
516.5833333333334,0
506.6666666666667,0
521.75,0
468.8333333333333,0
503.3333333333333,0
504.5,0
502.75,0
504.25,0
515.375,0
502.5833333333333,0
516.0833333333334,0
502.4583333333333,0
522.375,0
507.9166666666667,0
469.4166666666667,0
521.9166666666666,0
505.2916666666667,0
502.75,0
515.625,0
508.0416666666667,0
469.125,0
502.2083333333333,0
516.75,0
502.4583333333333,0
469.0,0
521.7083333333334,0
503.0,0
504.9166666666667,0
502.625,0
521.75,0
516.3333333333334,0
468.1666666666667,0
503.2083333333333,0
504.6666666666667,0
502.625,0
516.4583333333334,0
521.6666666666666,0
469.125,0
504.3333333333333,0
516.25,0
516.1666666666666,0
515.4166666666666,0
468.875,0
504.5833333333333,0
502.4166666666667,0
468.7916666666667,0
502.1666666666667,0
521.5,0
502.4166666666667,0
469.2916666666667,0
502.75,0
515.5833333333334,0
516.5416666666666,0
515.75,0
516.3333333333334,0
524.7083333333334,0
508.2916666666667,0
504.5833333333333,0
515.6666666666666,0
502.3333333333333,0
503.3333333333333,0
504.3333333333333,0
502.4583333333333,0
505.0,0
515.1666666666666,0
516.0,0
469.3333333333333,0
522.0416666666666,0
516.2083333333334,0
502.0416666666667,0
515.375,0
502.75,0
502.2083333333333,0
521.9166666666666,0
502.4166666666667,0
521.8333333333334,0
501.7916666666667,0
502.0416666666667,0
502.1666666666667,0
502.7083333333333,0
521.5416666666666,0
502.4583333333333,0
502.1666666666667,0
503.1666666666667,0
515.9583333333334,0
515.625,0
502.75,0
515.1666666666666,0
502.125,0
502.4583333333333,0
502.0416666666667,0
521.6666666666666,0
521.7083333333334,0
501.875,0
503.375,0
501.9166666666667,0
468.8333333333333,0
503.0416666666667,0
516.0,0
502.5833333333333,0
504.625,0
503.0416666666667,0
502.375,0
502.0,0
502.25,0
469.4166666666667,0
502.7916666666667,0
502.2916666666667,0
502.25,0
502.9166666666667,0
521.7083333333334,0
502.25,0
503.25,0
502.4583333333333,0
502.625,0
515.8333333333334,0
515.7916666666666,0
516.0833333333334,0
516.5416666666666,0
500.0,0
503.2916666666667,0
502.3333333333333,0
503.4166666666667,0
502.875,0
469.125,0
523.1666666666666,0
502.0416666666667,0
501.7916666666667,0
502.5833333333333,0
501.9166666666667,0
502.8333333333333,0
502.1666666666667,0
515.1666666666666,0
502.6666666666667,0
502.625,0
469.25,0
502.2916666666667,0
502.5416666666667,0
502.125,0
502.5833333333333,0
502.9166666666667,0
521.8333333333334,0
469.2083333333333,0
469.2083333333333,0
468.7916666666667,0
502.7916666666667,0
521.5833333333334,0
502.4583333333333,0
502.6666666666667,0
505.5833333333333,0
502.2916666666667,0
502.0833333333333,0
503.9166666666667,0
502.25,0
503.3333333333333,0
505.2916666666667,0
468.9583333333333,0
468.9583333333333,0
503.8333333333333,0
521.6666666666666,0
502.7916666666667,0
503.0416666666667,0
469.25,0
469.5,0
502.625,0
469.375,0
521.625,0
502.25,0
516.375,0
503.4166666666667,0
521.6666666666666,0
502.5,0
502.25,0
515.5,0
502.25,0
501.875,0
502.25,0
505.25,0
417.6666666666667,0
515.9166666666666,0
502.375,0
504.75,0
468.7083333333333,0
504.5,0
504.1666666666667,0
501.7083333333333,0
502.875,0
468.625,0
521.5833333333334,0
521.9166666666666,0
468.7916666666667,0
504.9166666666667,0
502.875,0
468.9583333333333,0
468.9583333333333,0
469.0,0
515.8333333333334,0
502.875,0
515.5416666666666,0
468.7083333333333,0
469.0833333333333,0
503.7083333333333,0
502.625,0
469.125,0
502.9166666666667,0
504.7916666666667,0
469.2916666666667,0
502.625,0
503.5,0
469.0416666666667,0
503.0833333333333,0
521.5,0
503.7083333333333,0
504.75,0
502.875,0
468.7083333333333,0
469.25,0
502.4583333333333,0
503.5,0
504.6666666666667,0
468.7916666666667,0
504.5833333333333,0
504.75,0
503.6666666666667,0
503.0833333333333,0
521.7916666666666,0
502.5,0
502.3333333333333,0
469.1666666666667,0
522.0,0
508.3333333333333,0
524.9166666666666,0
504.25,0
503.2916666666667,0
524.9583333333334,0
516.7083333333334,0
505.125,0
522.0833333333334,0
503.125,0
521.75,0
521.7916666666666,0
505.0,0
505.2916666666667,0
502.3333333333333,0
504.625,0
521.5833333333334,0
515.7083333333334,0
504.2916666666667,0
504.1666666666667,0
504.1666666666667,0
515.6666666666666,0
515.5416666666666,0
521.7083333333334,0
502.625,0
523.4166666666666,0
506.3333333333333,0
522.1666666666666,0
504.4166666666667,0
516.0,0
524.375,0
502.4166666666667,0
502.125,0
515.2916666666666,0
469.2083333333333,0
524.4166666666666,0
521.5833333333334,0
504.9166666666667,0
521.875,0
502.3333333333333,0
504.5416666666667,0
508.0,0
502.375,0
469.375,0
502.9583333333333,0
502.0416666666667,0
502.1666666666667,0
501.9583333333333,0
515.5833333333334,0
515.9166666666666,0
502.2083333333333,0
523.125,0
502.7083333333333,0
524.9583333333334,0
515.375,0
521.4166666666666,0
502.1666666666667,0
504.9166666666667,0
508.2916666666667,0
515.4583333333334,0
502.2916666666667,0
504.8333333333333,0
469.125,0
502.5416666666667,0
504.7083333333333,0
507.9583333333333,0
521.5416666666666,0
469.1666666666667,0
515.6666666666666,0
502.0416666666667,0
516.125,0
521.8333333333334,0
504.9166666666667,0
521.5416666666666,0
504.625,0
508.1666666666667,0
504.9166666666667,0
508.4166666666667,0
506.6666666666667,0
515.3333333333334,0
524.75,0
502.5833333333333,0
504.6666666666667,0
503.25,0
521.4583333333334,0
515.7083333333334,0
516.2916666666666,0
521.8333333333334,0
521.9583333333334,0
516.0,0
521.8333333333334,0
516.4583333333334,0
524.875,0
515.125,0
521.6666666666666,0
515.4583333333334,0
515.5416666666666,0
523.0416666666666,0
516.375,0
502.75,0
504.4583333333333,0
502.25,0
502.25,0
521.5416666666666,0
516.1666666666666,0
522.5833333333334,0
508.0,0
521.875,0
502.8333333333333,0
502.3333333333333,0
503.5,0
503.0,0
515.5,0
503.2083333333333,0
502.375,0
522.0833333333334,0
502.5416666666667,0
502.3333333333333,0
516.0416666666666,0
502.2083333333333,0
516.0833333333334,0
502.0,0
502.5,0
501.8333333333333,0
515.3333333333334,0
502.2083333333333,0
515.9166666666666,0
515.5416666666666,0
502.5833333333333,0
525.1666666666666,0
515.9166666666666,0
502.0416666666667,0
521.75,0
506.25,0
524.8333333333334,0
521.5,0
502.7083333333333,0
515.7083333333334,0
523.625,0
524.625,0
515.625,0
469.2916666666667,0
468.875,0
505.3333333333333,0
524.625,0
469.25,0
504.875,0
515.7083333333334,0
505.0833333333333,0
515.625,0
508.4583333333333,0
521.4583333333334,0
503.7916666666667,0
468.7083333333333,0
504.625,0
507.9166666666667,0
521.7916666666666,0
506.6666666666667,0
502.5,0
515.6666666666666,0
503.2916666666667,0
502.1666666666667,0
505.125,0
515.4166666666666,0
504.75,0
521.5416666666666,0
516.3333333333334,0
524.7083333333334,0
505.0833333333333,0
502.375,0
515.4583333333334,0
504.0833333333333,0
515.5833333333334,0
504.7083333333333,0
505.0833333333333,0
508.4166666666667,0
505.2916666666667,0
522.0,0
502.875,0
516.375,0
502.4166666666667,0
515.5416666666666,0
502.0,0
502.625,0
502.3333333333333,0
504.0,0
516.5833333333334,0
521.7916666666666,0
502.125,0
502.5416666666667,0
502.4166666666667,0
502.375,0
522.5416666666666,0
506.25,0
515.125,0
515.375,0
501.875,0
502.7083333333333,0
521.5416666666666,0
522.5416666666666,0
515.8333333333334,0
502.8333333333333,0
515.0833333333334,0
506.2083333333333,0
521.625,0
515.625,0
516.5416666666666,0
503.0,0
502.25,0
516.3333333333334,0
521.6666666666666,0
515.8333333333334,0
515.125,0
503.3333333333333,0
502.5833333333333,0
502.2083333333333,0
469.2083333333333,0
503.0833333333333,0
521.875,0
522.0,0
521.9583333333334,0
502.375,0
524.9166666666666,0
506.3333333333333,0
515.1666666666666,0
502.125,0
521.875,0
515.2916666666666,0
502.5833333333333,0
523.125,0
521.9166666666666,0
502.9583333333333,0
522.0,0
503.5416666666667,0
521.7083333333334,0
515.9166666666666,0
502.375,0
502.9166666666667,0
521.6666666666666,0
522.0833333333334,0
515.625,0
525.125,0
521.5833333333334,0
502.5,0
521.625,0
521.7083333333334,0
521.8333333333334,0
522.125,0
521.5,0
503.1666666666667,0
504.9166666666667,0
521.75,0
516.1666666666666,0
502.375,0
521.6666666666666,0
515.875,0
502.2083333333333,0
502.1666666666667,0
522.5833333333334,0
502.625,0
516.2083333333334,0
503.2916666666667,0
469.0,0
515.5,0
502.3333333333333,0
502.875,0
469.3333333333333,0
516.1666666666666,0
504.7083333333333,0
521.4583333333334,0
515.9166666666666,0
521.625,0
502.5,0
502.5416666666667,0
502.0833333333333,0
522.0416666666666,0
515.6666666666666,0
521.5,0
502.125,0
515.8333333333334,0
516.4166666666666,0
469.0,0
468.7916666666667,0
504.75,0
521.75,0
508.2916666666667,0
502.25,0
502.625,0
503.0416666666667,0
523.5416666666666,0
516.0833333333334,0
468.9166666666667,0
524.5416666666666,0
525.0416666666666,0
508.1666666666667,0
507.8333333333333,0
503.0833333333333,0
516.5416666666666,0
502.4166666666667,0
504.5833333333333,0
504.4166666666667,0
504.125,0
515.6666666666666,0
504.125,0
504.875,0
502.4166666666667,0
502.4583333333333,0
502.0833333333333,0
505.3333333333333,0
502.75,0
504.75,0
503.75,0
504.0416666666667,0
504.25,0
504.6666666666667,0
503.9166666666667,0
504.75,0
504.0,0
504.9583333333333,0
468.7083333333333,0
503.6666666666667,0
504.5,0
504.2916666666667,0
417.7916666666667,0
504.0833333333333,0
504.375,0
505.1666666666667,0
468.875,0
506.75,0
505.2916666666667,0
504.4583333333333,0
468.875,0
503.3333333333333,0
503.8333333333333,0
503.625,0
504.1666666666667,0
503.8333333333333,0
503.9583333333333,0
503.9166666666667,0
469.5,0
468.625,0
505.125,0
504.2916666666667,0
503.75,0
468.7083333333333,0
469.0,0
505.25,0
516.25,0
502.625,0
516.0,0
516.125,0
516.5,0
504.4166666666667,0
521.8333333333334,0
475.1666666666667,0
503.0833333333333,0
515.75,0
515.8333333333334,0
523.2916666666666,0
515.9583333333334,0
515.8333333333334,0
524.75,0
516.3333333333334,0
524.8333333333334,0
516.1666666666666,0
524.875,0
502.6666666666667,0
515.625,0
515.625,0
502.625,0
524.8333333333334,0
502.2083333333333,0
515.9583333333334,0
502.7083333333333,0
507.9583333333333,0
503.25,0
501.9583333333333,0
502.4583333333333,0
503.3333333333333,0
515.0833333333334,0
502.5416666666667,0
504.9583333333333,0
469.0416666666667,0
516.2083333333334,0
502.5833333333333,0
502.9583333333333,0
468.9583333333333,0
524.8333333333334,0
516.5,0
469.0833333333333,0
523.4583333333334,0
469.0416666666667,0
506.7083333333333,0
524.7916666666666,0
525.25,0
525.2083333333334,0
468.8333333333333,0
502.7916666666667,0
502.125,0
516.7083333333334,0
525.0,0
504.9583333333333,0
515.5833333333334,0
516.0,0
525.2083333333334,0
502.0416666666667,0
504.9583333333333,0
516.25,0
507.9166666666667,0
515.7916666666666,0
502.375,0
515.625,0
524.5416666666666,0
503.1666666666667,0
521.8333333333334,0
503.2916666666667,0
515.2083333333334,0
504.7916666666667,0
524.875,0
524.7916666666666,0
508.0416666666667,0
506.1666666666667,0
516.0,0
504.9166666666667,0
504.7083333333333,0
469.1666666666667,0
506.3333333333333,0
524.9583333333334,0
468.8333333333333,0
506.625,0
504.0,0
524.8333333333334,0
468.9166666666667,0
469.25,0
524.5,0
515.8333333333334,0
515.5833333333334,0
515.25,0
504.9583333333333,0
502.375,0
468.75,0
524.6666666666666,0
515.7083333333334,0
504.125,0
525.0,0
524.4166666666666,0
515.9583333333334,0
524.7916666666666,0
503.625,0
503.4583333333333,0
503.0,0
524.5833333333334,0
502.2083333333333,0
504.8333333333333,0
508.2083333333333,0
506.5416666666667,0
516.1666666666666,0
506.3333333333333,0
524.4166666666666,0
525.3333333333334,0
515.2916666666666,0
506.2916666666667,0
515.75,0
516.6666666666666,0
525.0,0
524.75,0
524.7916666666666,0
516.5,0
502.75,0
516.4583333333334,0
523.4166666666666,0
524.7083333333334,0
505.0,0
524.875,0
515.9583333333334,0
524.5833333333334,0
508.3333333333333,0
515.5416666666666,0
505.0,0
504.875,0
523.0416666666666,0
521.75,0
501.9583333333333,0
502.5416666666667,0
506.1666666666667,0
508.4166666666667,0
524.3333333333334,0
515.7916666666666,0
524.75,0
504.7083333333333,0
515.8333333333334,0
524.5416666666666,0
524.7916666666666,0
504.75,0
502.625,0
524.875,0
505.0416666666667,0
524.7916666666666,0
524.875,0
515.875,0
468.7083333333333,0
525.0833333333334,0
502.2916666666667,0
524.9583333333334,0
502.625,0
515.8333333333334,0
507.875,0
515.7083333333334,0
522.0,0
521.5416666666666,0
502.5,0
522.125,0
516.1666666666666,0
502.5,0
515.7916666666666,0
515.125,0
525.0,0
516.4583333333334,0
515.7083333333334,0
469.2083333333333,0
505.0416666666667,0
521.9166666666666,0
502.3333333333333,0
516.2083333333334,0
468.9583333333333,0
516.0416666666666,0
522.0,0
515.5833333333334,0
504.75,0
515.4583333333334,0
515.4583333333334,0
523.5,0
521.4583333333334,0
524.8333333333334,0
502.9166666666667,0
502.875,0
521.6666666666666,0
502.6666666666667,0
469.0,0
515.875,0
524.4166666666666,0
524.75,0
524.9166666666666,0
516.25,0
503.375,0
516.5416666666666,0
523.6666666666666,0
524.6666666666666,0
516.6666666666666,0
515.875,0
524.4583333333334,0
515.5833333333334,0
516.625,0
524.5833333333334,0
525.125,0
524.4583333333334,0
501.7916666666667,0
503.5,0
521.9583333333334,0
515.2083333333334,0
502.0416666666667,0
504.375,0
468.9166666666667,0
515.6666666666666,0
502.125,0
505.0416666666667,0
515.6666666666666,0
502.75,0
521.4166666666666,0
504.0,0
438.0833333333333,0
524.25,0
516.0833333333334,0
502.6666666666667,0
503.0,0
524.9583333333334,0
515.6666666666666,0
504.6666666666667,0
515.4166666666666,0
521.8333333333334,0
521.7916666666666,0
515.75,0
502.5833333333333,0
506.25,0
524.375,0
508.125,0
469.125,0
521.7083333333334,0
515.75,0
502.2083333333333,0
516.4583333333334,0
515.8333333333334,0
523.5,0
525.3333333333334,0
503.6666666666667,0
524.4583333333334,0
516.0416666666666,0
504.25,0
524.5416666666666,0
516.125,0
523.25,0
525.0833333333334,0
504.9166666666667,0
515.9583333333334,0
504.2083333333333,0
521.9583333333334,0
525.2916666666666,0
515.3333333333334,0
469.2083333333333,0
469.125,0
505.0,0
524.9583333333334,0
515.2916666666666,0
499.625,0
521.875,0
516.2916666666666,0
502.375,0
524.875,0
515.1666666666666,0
508.375,0
502.25,0
502.4166666666667,0
502.2916666666667,0
521.5,0
505.3333333333333,0
521.7916666666666,0
515.6666666666666,0
521.7083333333334,0
506.375,0
515.5,0
502.5833333333333,0
504.75,0
502.7916666666667,0
508.0833333333333,0
503.0833333333333,0
515.4166666666666,0
502.6666666666667,0
516.2083333333334,0
508.0833333333333,0
523.375,0
502.3333333333333,0
502.125,0
521.6666666666666,0
504.3333333333333,0
504.375,0
504.5,0
515.5,0
525.3333333333334,0
374.9583333333333,0
525.0,0
502.6666666666667,0
502.75,0
516.0833333333334,0
502.1666666666667,0
515.4166666666666,0
503.375,0
468.6666666666667,0
501.9166666666667,0
501.9166666666667,0
522.0,0
516.5416666666666,0
501.7916666666667,0
502.4166666666667,0
515.875,0
521.625,0
521.6666666666666,0
521.5,0
502.9583333333333,0
521.5833333333334,0
503.0416666666667,0
523.0833333333334,0
502.0833333333333,0
501.9583333333333,0
502.4583333333333,0
521.9166666666666,0
502.375,0
502.9166666666667,0
521.6666666666666,0
502.375,0
417.875,0
521.9583333333334,0
521.9583333333334,0
523.0833333333334,0
522.0,0
502.25,0
515.9166666666666,0
516.4166666666666,0
503.0416666666667,0
502.4166666666667,0
523.2083333333334,0
521.4166666666666,0
502.5833333333333,0
522.0833333333334,0
502.7083333333333,0
522.0416666666666,0
502.0416666666667,0
503.375,0
515.9583333333334,0
502.5416666666667,0
515.4166666666666,0
502.8333333333333,0
502.75,0
501.9583333333333,0
516.2083333333334,0
521.5416666666666,0
502.4166666666667,0
502.25,0
502.5,0
523.375,0
523.4583333333334,0
522.125,0
469.0833333333333,0
502.0416666666667,0
516.2916666666666,0
502.75,0
502.3333333333333,0
502.5416666666667,0
502.25,0
504.4583333333333,0
515.2083333333334,0
521.4583333333334,0
516.1666666666666,0
515.4166666666666,0
521.5833333333334,0
502.6666666666667,0
506.375,0
515.1666666666666,0
502.625,0
515.4583333333334,0
502.6666666666667,0
501.9583333333333,0
516.3333333333334,0
515.125,0
516.4583333333334,0
504.4166666666667,0
502.9166666666667,0
502.6666666666667,0
502.2083333333333,0
502.5416666666667,0
515.2916666666666,0
522.2916666666666,0
502.6666666666667,0
516.2083333333334,0
516.2083333333334,0
503.0833333333333,0
503.4166666666667,0
507.875,0
516.1666666666666,0
508.1666666666667,0
502.0,0
506.25,0
502.4583333333333,0
502.8333333333333,0
503.125,0
504.7916666666667,0
502.0,0
515.1666666666666,0
501.9166666666667,0
502.625,0
515.9583333333334,0
515.2083333333334,0
515.625,0
503.5833333333333,0
503.125,0
515.7916666666666,0
515.6666666666666,0
502.2083333333333,0
521.5416666666666,0
515.0833333333334,0
515.5,0
523.25,0
508.4583333333333,0
504.6666666666667,0
502.3333333333333,0
502.2916666666667,0
516.2083333333334,0
502.1666666666667,0
504.625,0
515.75,0
523.3333333333334,0
515.9583333333334,0
515.9166666666666,0
521.4166666666666,0
505.1666666666667,0
521.625,0
504.3333333333333,0
521.5,0
521.625,0
503.0,0
502.2083333333333,0
503.0416666666667,0
506.5,0
504.5833333333333,0
504.75,0
516.0,0
502.3333333333333,0
516.3333333333334,0
521.5416666666666,0
503.125,0
506.2916666666667,0
502.1666666666667,0
521.5833333333334,0
501.9166666666667,0
521.4583333333334,0
502.7083333333333,0
502.6666666666667,0
502.7916666666667,0
502.9166666666667,0
502.875,0
501.75,0
521.875,0
521.9166666666666,0
502.6666666666667,0
503.125,0
521.5833333333334,0
521.5416666666666,0
502.3333333333333,0
503.0416666666667,0
502.9583333333333,0
501.7916666666667,0
502.0833333333333,0
503.2916666666667,0
502.875,0
502.5,0
502.625,0
502.1666666666667,0
502.2916666666667,0
521.5833333333334,0
502.5833333333333,0
515.875,0
502.1666666666667,0
502.2083333333333,0
501.9166666666667,0
503.0833333333333,0
516.125,0
521.7916666666666,0
521.7083333333334,0
516.1666666666666,0
521.4583333333334,0
521.5833333333334,0
502.5,0
503.0416666666667,0
521.9583333333334,0
521.5,0
515.6666666666666,0
521.7916666666666,0
502.25,0
502.5,0
502.875,0
521.5416666666666,0
417.9166666666667,0
505.0833333333333,0
523.6666666666666,0
502.5,0
516.1666666666666,0
521.6666666666666,0
515.875,0
468.75,0
515.75,0
502.0833333333333,0
502.7916666666667,0
515.7083333333334,0
502.7083333333333,0
516.375,0
502.2916666666667,0
521.8333333333334,0
521.5833333333334,0
508.0833333333333,0
502.3333333333333,0
504.7083333333333,0
502.5,0
503.2916666666667,0
504.4166666666667,0
521.875,0
468.9583333333333,0
516.0833333333334,0
515.5416666666666,0
502.4583333333333,0
507.875,0
504.1666666666667,0
524.5416666666666,0
504.625,0
524.8333333333334,0
515.6666666666666,0
516.1666666666666,0
525.0833333333334,0
516.375,0
506.375,0
504.5833333333333,0
503.9583333333333,0
516.0833333333334,0
515.875,0
516.1666666666666,0
506.5416666666667,0
521.5,0
524.7916666666666,0
524.7083333333334,0
521.4166666666666,0
516.4583333333334,0
502.5416666666667,0
504.8333333333333,0
525.25,0
524.75,0
521.625,0
516.125,0
524.6666666666666,0
504.4166666666667,0
525.0,0
504.7916666666667,0
525.2083333333334,0
506.4583333333333,0
524.8333333333334,0
504.875,0
521.8333333333334,0
524.2916666666666,0
503.0416666666667,0
515.25,0
508.2083333333333,0
505.0416666666667,0
515.8333333333334,0
515.75,0
515.6666666666666,0
508.125,0
524.8333333333334,0
375.0,0
515.9583333333334,0
516.4166666666666,0
504.5416666666667,0
515.7916666666666,0
521.9166666666666,0
516.0,0
506.375,0
516.375,0
515.9583333333334,0
524.625,0
515.9583333333334,0
508.2083333333333,0
504.75,0
515.875,0
506.7083333333333,0
506.3333333333333,0
525.25,0
507.8333333333333,0
504.75,0
524.7083333333334,0
525.0416666666666,0
516.0833333333334,0
516.75,0
524.9166666666666,0
516.0416666666666,0
508.3333333333333,0
506.4583333333333,0
504.9583333333333,0
504.4583333333333,0
524.9583333333334,0
503.1666666666667,0
524.4166666666666,0
515.5833333333334,0
501.9583333333333,0
516.125,0
504.75,0
516.2083333333334,0
516.5833333333334,0
516.3333333333334,0
504.5,0
502.9166666666667,0
506.4583333333333,0
469.0,0
506.5,0
502.4166666666667,0
516.625,0
502.5833333333333,0
515.6666666666666,0
502.8333333333333,0
506.4166666666667,0
516.5833333333334,0
524.5,0
516.625,0
515.75,0
515.875,0
504.25,0
525.0,0
508.125,0
502.9166666666667,0
524.5833333333334,0
515.875,0
504.5,0
502.2083333333333,0
523.1666666666666,0
516.0833333333334,0
508.0,0
515.875,0
515.5416666666666,0
469.0416666666667,0
516.2916666666666,0
524.875,0
515.6666666666666,0
516.0416666666666,0
516.0833333333334,0
515.5,0
504.3333333333333,0
515.7916666666666,0
516.0,0
504.5833333333333,0
516.0416666666666,0
506.5416666666667,0
515.2916666666666,0
516.75,0
504.3333333333333,0
524.6666666666666,0
515.7916666666666,0
516.4583333333334,0
504.5833333333333,0
524.3333333333334,0
502.875,0
502.375,0
504.2916666666667,0
521.8333333333334,0
524.5833333333334,0
521.5,0
525.2083333333334,0
506.7916666666667,0
521.5416666666666,0
503.2083333333333,0
515.6666666666666,0
521.7083333333334,0
503.25,0
515.5,0
515.625,0
516.2083333333334,0
515.5833333333334,0
515.625,0
516.3333333333334,0
503.2083333333333,0
516.125,0
516.375,0
502.1666666666667,0
502.9583333333333,0
507.9166666666667,0
502.2083333333333,0
521.4583333333334,0
524.7083333333334,0
504.25,0
503.5833333333333,0
516.0,0
503.3333333333333,0
516.0,0
515.7083333333334,0
504.6666666666667,0
504.75,0
524.4166666666666,0
506.7083333333333,0
524.6666666666666,0
516.0416666666666,0
502.375,0
521.7083333333334,0
504.8333333333333,0
506.2083333333333,0
524.9166666666666,0
516.5,0
505.2083333333333,0
516.2083333333334,0
502.875,0
503.1666666666667,0
521.5416666666666,0
504.2083333333333,0
503.4166666666667,0
501.9583333333333,0
504.75,0
516.5416666666666,0
503.2916666666667,0
502.2083333333333,0
504.7083333333333,0
524.625,0
525.2916666666666,0
502.9166666666667,0
524.9166666666666,0
503.5,0
508.2916666666667,0
503.3333333333333,0
504.3333333333333,0
506.375,0
475.0833333333333,0
521.4583333333334,0
516.2083333333334,0
524.5,0
504.875,0
524.625,0
506.7083333333333,0
523.2916666666666,0
524.875,0
516.1666666666666,0
516.1666666666666,0
505.0416666666667,0
502.75,0
525.25,0
524.7916666666666,0
506.625,0
504.3333333333333,0
516.2916666666666,0
468.625,0
505.0833333333333,0
504.2083333333333,0
502.5,0
524.5,0
525.125,0
506.3333333333333,0
516.5,0
504.5416666666667,0
523.4583333333334,0
524.375,0
506.2916666666667,0
516.4166666666666,0
524.75,0
502.375,0
515.7083333333334,0
506.4166666666667,0
515.5416666666666,0
502.2916666666667,0
524.5416666666666,0
503.25,0
508.0416666666667,0
507.9583333333333,0
515.7083333333334,0
524.75,0
502.6666666666667,0
515.5,0
516.7083333333334,0
515.7916666666666,0
506.5416666666667,0
515.875,0
524.75,0
468.2916666666667,0
515.6666666666666,0
505.0,0
515.9166666666666,0
506.5,0
516.2083333333334,0
502.5833333333333,0
468.125,0
521.6666666666666,0
502.5416666666667,0
515.875,0
523.0833333333334,0
515.5833333333334,0
524.5833333333334,0
515.9166666666666,0
504.7916666666667,0
506.5833333333333,0
524.8333333333334,0
515.5833333333334,0
503.125,0
506.625,0
524.7916666666666,0
524.5416666666666,0
516.7083333333334,0
502.9166666666667,0
515.5833333333334,0
516.0416666666666,0
524.375,0
504.875,0
515.5,0
524.7083333333334,0
506.1666666666667,0
507.9583333333333,0
515.7916666666666,0
502.7916666666667,0
524.5833333333334,0
502.4583333333333,0
524.6666666666666,0
504.75,0
516.4583333333334,0
504.875,0
501.8333333333333,0
524.875,0
502.5,0
505.0416666666667,0
502.6666666666667,0
515.5,0
507.875,0
502.1666666666667,0
506.5416666666667,0
504.7083333333333,0
516.125,0
515.25,0
515.5833333333334,0
521.625,0
502.5416666666667,0
524.4166666666666,0
504.6666666666667,0
506.5,0
515.4583333333334,0
506.4583333333333,0
502.4166666666667,0
506.2083333333333,0
503.5,0
524.375,0
502.375,0
504.8333333333333,0
515.875,0
502.25,0
521.9583333333334,0
516.0416666666666,0
502.7916666666667,0
521.9583333333334,0
521.5833333333334,0
515.8333333333334,0
502.0833333333333,0
516.6666666666666,0
515.7083333333334,0
504.8333333333333,0
502.125,0
506.5833333333333,0
506.25,0
515.5,0
524.4166666666666,0
524.875,0
516.2916666666666,0
502.25,0
502.7083333333333,0
502.0833333333333,0
524.8333333333334,0
502.4166666666667,0
504.6666666666667,0
502.3333333333333,0
503.1666666666667,0
502.2916666666667,0
503.7916666666667,0
502.3333333333333,0
469.3333333333333,0
502.2083333333333,0
502.0833333333333,0
502.1666666666667,0
468.8333333333333,0
502.5416666666667,0
502.9583333333333,0
502.125,0
502.875,0
502.4583333333333,0
502.8333333333333,0
501.7083333333333,0
502.9166666666667,0
503.5833333333333,0
515.7083333333334,0
502.1666666666667,0
502.3333333333333,0
502.2083333333333,0
502.7083333333333,0
501.75,0
502.375,0
502.25,0
501.75,0
502.7083333333333,0
504.875,0
501.875,0
502.1666666666667,0
502.6666666666667,0
502.3333333333333,0
503.2083333333333,0
521.7083333333334,0
502.9166666666667,0
502.0416666666667,0
503.9583333333333,0
521.75,0
501.875,0
516.2916666666666,0
503.125,0
502.0416666666667,0
502.875,0
502.5416666666667,0
521.625,0
502.25,0
504.0833333333333,0
503.125,0
503.2083333333333,0
469.0416666666667,0
502.9583333333333,0
516.0416666666666,0
502.4166666666667,0
468.7083333333333,0
502.4583333333333,0
503.25,0
502.625,0
502.4166666666667,0
522.2916666666666,0
469.375,0
516.0,0
521.375,0
516.0416666666666,0
521.5416666666666,0
502.1666666666667,0
502.5833333333333,0
502.2083333333333,0
502.25,0
502.3333333333333,0
504.125,0
515.875,0
502.625,0
502.2916666666667,0
516.1666666666666,0
502.25,0
502.1666666666667,0
502.25,0
502.2916666666667,0
502.625,0
502.4166666666667,0
502.3333333333333,0
476.0,0
521.5416666666666,0
417.9166666666667,0
468.6666666666667,0
469.125,0
503.9583333333333,0
502.7083333333333,0
468.75,0
503.4166666666667,0
502.375,0
503.0833333333333,0
502.9166666666667,0
502.875,0
503.5416666666667,0
502.0833333333333,0
502.4166666666667,0
502.7916666666667,0
504.0416666666667,0
521.875,0
503.875,0
503.8333333333333,0
502.4166666666667,0
503.6666666666667,0
502.5,0
484.0833333333333,0
505.5833333333333,0
504.1666666666667,0
503.875,0
503.625,0
502.0,0
504.7083333333333,0
468.9583333333333,0
469.0833333333333,0
504.75,0
505.25,0
502.75,0
468.9166666666667,0
502.9583333333333,0
501.875,0
515.0833333333334,0
504.7916666666667,0
502.625,0
469.0416666666667,0
502.875,0
502.9166666666667,0
502.5,0
503.0,0
502.1666666666667,0
469.2916666666667,0
503.8333333333333,0
469.1666666666667,0
503.7916666666667,0
469.1666666666667,0
502.3333333333333,0
469.0,0
469.0833333333333,0
469.1666666666667,0
504.6666666666667,0
504.5,0
504.7916666666667,0
521.75,0
503.9583333333333,0
505.125,0
502.5833333333333,0
516.25,0
515.375,0
502.3333333333333,0
468.7916666666667,0
469.125,0
515.4583333333334,0
503.875,0
501.9166666666667,0
521.9166666666666,0
516.125,0
502.1666666666667,0
515.9583333333334,0
521.75,0
516.4166666666666,0
469.2083333333333,0
515.4166666666666,0
502.5,0
515.25,0
502.2916666666667,0
469.125,0
516.2916666666666,0
521.4166666666666,0
504.9583333333333,0
469.3333333333333,0
501.875,0
505.5416666666667,0
502.3333333333333,0
503.0416666666667,0
516.3333333333334,0
521.7916666666666,0
521.9166666666666,0
469.1666666666667,0
521.75,0
521.9583333333334,0
503.6666666666667,0
521.75,0
503.4583333333333,0
469.2083333333333,0
523.3333333333334,0
516.25,0
521.8333333333334,0
503.5416666666667,0
502.25,0
503.0833333333333,0
522.5416666666666,0
468.9583333333333,0
502.7083333333333,0
502.3333333333333,0
469.125,0
501.8333333333333,0
502.2916666666667,0
516.0833333333334,0
502.5833333333333,0
502.5416666666667,0
521.75,0
521.875,0
502.4583333333333,0
501.9583333333333,0
502.5416666666667,0
523.5416666666666,0
502.125,0
521.8333333333334,0
503.125,0
501.875,0
502.2916666666667,0
503.375,0
502.4166666666667,0
505.2083333333333,0
502.125,0
516.25,0
502.3333333333333,0
502.2916666666667,0
502.0833333333333,0
503.1666666666667,0
521.4583333333334,0
505.0416666666667,0
503.1666666666667,0
521.5833333333334,0
503.125,0
502.7916666666667,0
503.3333333333333,0
515.4583333333334,0
501.6666666666667,0
521.875,0
502.0833333333333,0
502.0416666666667,0
501.875,0
503.0,0
501.7916666666667,0
502.5,0
503.2916666666667,0
502.4166666666667,0
502.7083333333333,0
469.2916666666667,0
502.2083333333333,0
503.4583333333333,0
521.6666666666666,0
502.4583333333333,0
502.125,0
501.7083333333333,0
503.1666666666667,0
521.8333333333334,0
502.9583333333333,0
515.0833333333334,0
503.0,0
502.8333333333333,0
503.25,0
502.875,0
502.1666666666667,0
503.9583333333333,0
502.7083333333333,0
523.5,0
516.2083333333334,0
502.7083333333333,0
503.0,0
502.75,0
516.0833333333334,0
523.625,0
521.8333333333334,0
521.7916666666666,0
523.5416666666666,0
502.4583333333333,0
502.5,0
521.5,0
515.7083333333334,0
502.4166666666667,0
502.125,0
502.0,0
468.8333333333333,0
503.2083333333333,0
468.7916666666667,0
503.2083333333333,0
502.5833333333333,0
521.5833333333334,0
521.5416666666666,0
502.0833333333333,0
502.25,0
502.2083333333333,0
515.7916666666666,0
417.8333333333333,0
502.375,0
502.5416666666667,0
503.0833333333333,0
502.9166666666667,0
515.75,0
502.25,0
521.625,0
521.5833333333334,0
503.0,0
468.75,0
502.6666666666667,0
503.1666666666667,0
521.75,0
502.5416666666667,0
521.5833333333334,0
523.5833333333334,0
502.5416666666667,0
503.375,0
502.2916666666667,0
502.0833333333333,0
502.0,0
501.875,0
516.0,0
502.0833333333333,0
468.9166666666667,0
515.8333333333334,0
502.0416666666667,0
521.7916666666666,0
502.1666666666667,0
516.0,0
503.0,0
502.8333333333333,0
501.8333333333333,0
515.6666666666666,0
502.125,0
502.2916666666667,0
521.4583333333334,0
502.4583333333333,0
502.0833333333333,0
502.5833333333333,0
469.0833333333333,0
522.0416666666666,0
502.5416666666667,0
501.875,0
522.0833333333334,0
503.5,0
502.125,0
469.2916666666667,0
503.0833333333333,0
521.875,0
469.0,0
502.1666666666667,0
516.4166666666666,0
516.2916666666666,0
502.7916666666667,0
521.7916666666666,0
521.6666666666666,0
515.75,0
502.6666666666667,0
515.375,0
502.2916666666667,0
502.6666666666667,0
503.4166666666667,0
501.8333333333333,0
469.125,0
502.0416666666667,0
502.0833333333333,0
502.2916666666667,0
502.3333333333333,0
502.375,0
502.0833333333333,0
502.7916666666667,0
502.3333333333333,0
502.1666666666667,0
502.5,0
521.8333333333334,0
523.25,0
521.9166666666666,0
503.25,0
502.4166666666667,0
521.5,0
503.2916666666667,0
503.9166666666667,0
503.0833333333333,0
502.5,0
469.1666666666667,0
502.9166666666667,0
502.125,0
515.125,0
502.375,0
502.1666666666667,0
502.25,0
515.7083333333334,0
515.4583333333334,0
516.0833333333334,0
503.0416666666667,0
502.4583333333333,0
501.7916666666667,0
501.9583333333333,0
502.4583333333333,0
522.0,0
503.125,0
469.0416666666667,0
502.8333333333333,0
502.0833333333333,0
503.125,0
502.875,0
521.4583333333334,0
502.4583333333333,0
502.7916666666667,0
502.3333333333333,0
502.4583333333333,0
501.7083333333333,0
503.0,0
502.7083333333333,0
502.9583333333333,0
516.0416666666666,0
502.2916666666667,0
502.9583333333333,0
502.5833333333333,0
469.2083333333333,0
503.0,0
469.25,0
502.4166666666667,0
502.5833333333333,0
502.6666666666667,0
502.5,0
503.0,0
502.375,0
469.1666666666667,0
503.125,0
469.125,0
502.0,0
503.375,0
502.0833333333333,0
502.3333333333333,0
469.1666666666667,0
502.5416666666667,0
502.75,0
502.875,0
503.3333333333333,0
503.25,0
502.4166666666667,0
502.9166666666667,0
521.8333333333334,0
503.0416666666667,0
503.3333333333333,0
502.3333333333333,0
521.7916666666666,0
515.625,0
502.625,0
503.4166666666667,0
502.6666666666667,0
503.25,0
502.0416666666667,0
468.75,0
502.5833333333333,0
501.875,0
502.4166666666667,0
503.4166666666667,0
502.9166666666667,0
515.25,0
502.4583333333333,0
503.375,0
501.9583333333333,0
521.9583333333334,0
501.75,0
502.9166666666667,0
502.3333333333333,0
503.5,0
468.6666666666667,0
503.5833333333333,0
521.875,0
469.0416666666667,0
469.5,0
469.0,0
502.5,0
502.0416666666667,0
469.0,0
468.75,0
503.4583333333333,0
503.625,0
504.6666666666667,0
504.0833333333333,0
503.625,0
502.5416666666667,0
468.7916666666667,0
504.3333333333333,0
469.375,0
503.5833333333333,0
504.7916666666667,0
503.9583333333333,0
504.1666666666667,0
503.375,0
521.7083333333334,0
437.2916666666667,0
502.5416666666667,0
504.625,0
502.4166666666667,0
504.5,0
505.125,0
502.2916666666667,0
504.125,0
504.0,0
469.2916666666667,0
501.9166666666667,0
503.4166666666667,0
504.125,0
502.875,0
503.6666666666667,0
503.75,0
503.9583333333333,0
504.9166666666667,0
503.7083333333333,0
503.0833333333333,0
439.4166666666667,0
503.7083333333333,0
503.8333333333333,0
502.25,0
505.0416666666667,0
503.9583333333333,0
503.4166666666667,0
504.4166666666667,0
469.3333333333333,0
505.1666666666667,0
469.1666666666667,0
468.5833333333333,0
469.5,0
503.625,0
469.3333333333333,0
469.25,0
503.75,0
468.9166666666667,0
504.7083333333333,0
504.2083333333333,0
469.125,0
469.0,0
469.3333333333333,0
468.7916666666667,0
505.0416666666667,0
469.2083333333333,0
503.5833333333333,0
469.0,0
503.9583333333333,0
469.0416666666667,0
503.875,0
503.75,0
504.4166666666667,0
505.4166666666667,0
505.0,0
468.4166666666667,0
505.2083333333333,0
468.9583333333333,0
468.6666666666667,0
469.25,0
503.7083333333333,0
468.5833333333333,0
502.2083333333333,0
502.4166666666667,0
503.1666666666667,0
502.6666666666667,0
502.8333333333333,0
502.7083333333333,0
502.7916666666667,0
505.1666666666667,0
515.4166666666666,0
469.4166666666667,0
502.375,0
503.7916666666667,0
516.0833333333334,0
502.5833333333333,0
468.7916666666667,0
502.4583333333333,0
503.4583333333333,0
503.5833333333333,0
504.8333333333333,0
504.7083333333333,0
504.0,0
503.875,0
468.875,0
503.5833333333333,0
504.9166666666667,0
505.25,0
503.4166666666667,0
503.375,0
503.9166666666667,0
505.4583333333333,0
504.7916666666667,0
504.5833333333333,0
502.4583333333333,0
504.625,0
504.3333333333333,0
503.2083333333333,0
468.625,0
503.625,0
503.9583333333333,0
504.3333333333333,0
504.3333333333333,0
503.5416666666667,0
504.0,0
503.25,0
503.875,0
504.4166666666667,0
502.7083333333333,0
503.9583333333333,0
502.5,0
502.625,0
469.1666666666667,0
503.0416666666667,0
502.625,0
502.3333333333333,0
469.2916666666667,0
503.0833333333333,0
504.5833333333333,0
503.0833333333333,0
504.1666666666667,0
468.7916666666667,0
468.7916666666667,0
503.4166666666667,0
502.4166666666667,0
468.9166666666667,0
502.5833333333333,0
502.1666666666667,0
469.375,0
501.875,0
502.625,0
503.0416666666667,0
503.875,0
468.7916666666667,0
504.0416666666667,0
504.7083333333333,0
502.0,0
504.7083333333333,0
504.4166666666667,0
502.7916666666667,0
469.2916666666667,0
504.5416666666667,0
505.3333333333333,0
504.2916666666667,0
469.0833333333333,0
515.625,0
503.2916666666667,0
503.0416666666667,0
503.75,0
503.4583333333333,0
502.2916666666667,0
503.75,0
501.7916666666667,0
501.9583333333333,0
502.7083333333333,0
502.2916666666667,0
522.2916666666666,0
468.9166666666667,0
468.9166666666667,0
502.3333333333333,0
503.2916666666667,0
502.2083333333333,0
469.0833333333333,0
469.0833333333333,0
502.5833333333333,0
502.8333333333333,0
504.5833333333333,0
468.9166666666667,0
501.75,0
469.0416666666667,0
502.5,0
468.9166666666667,0
503.0,0
503.2083333333333,0
502.7083333333333,0
469.1666666666667,0
502.5833333333333,0
502.4166666666667,0
502.5416666666667,0
502.2916666666667,0
503.2916666666667,0
502.5,0
521.375,0
502.1666666666667,0
502.7083333333333,0
504.7916666666667,0
468.625,0
502.1666666666667,0
502.5833333333333,0
502.4166666666667,0
502.9583333333333,0
468.9166666666667,0
469.0833333333333,0
469.3333333333333,0
502.2916666666667,0
502.25,0
502.3333333333333,0
468.9166666666667,0
502.0,0
516.4583333333334,0
515.625,0
502.7083333333333,0
502.2916666666667,0
521.625,0
502.25,0
515.125,0
502.1666666666667,0
522.0416666666666,0
503.0,0
523.5416666666666,0
502.9166666666667,0
502.125,0
504.5833333333333,0
515.9166666666666,0
502.0,0
501.7916666666667,0
501.9166666666667,0
502.875,0
505.375,0
521.625,0
502.5833333333333,0
502.6666666666667,0
502.2083333333333,0
503.4583333333333,0
469.125,0
437.9583333333333,0
469.2916666666667,0
501.9166666666667,0
468.75,0
504.375,0
522.0833333333334,0
503.4166666666667,0
503.25,0
515.25,0
502.0,0
468.9166666666667,0
502.2916666666667,0
515.5833333333334,0
468.7916666666667,0
469.0416666666667,0
469.0416666666667,0
502.8333333333333,0
516.1666666666666,0
501.9583333333333,0
469.2083333333333,0
522.5416666666666,0
469.1666666666667,0
469.0,0
502.5,0
521.5416666666666,0
468.7083333333333,0
515.8333333333334,0
469.0416666666667,0
468.9583333333333,0
502.0833333333333,0
469.0416666666667,0
469.3333333333333,0
523.3333333333334,0
502.7083333333333,0
469.25,0
502.8333333333333,0
504.25,0
502.3333333333333,0
502.875,0
503.0416666666667,0
502.5833333333333,0
501.875,0
502.125,0
505.2916666666667,0
504.5,0
502.2083333333333,0
503.4166666666667,0
504.2083333333333,0
504.7916666666667,0
504.25,0
503.375,0
505.4583333333333,0
504.5833333333333,0
504.0416666666667,0
503.8333333333333,0
502.125,0
469.1666666666667,0
523.25,0
469.2916666666667,0
502.875,0
515.6666666666666,0
503.9166666666667,0
521.9583333333334,0
503.5,0
504.5833333333333,0
502.0,0
502.2083333333333,0
502.5,0
502.7916666666667,0
468.75,0
503.4583333333333,0
469.125,0
468.9166666666667,0
503.2916666666667,0
516.0,0
502.1666666666667,0
503.25,0
469.25,0
502.4583333333333,0
503.1666666666667,0
501.9583333333333,0
502.375,0
521.3333333333334,0
504.2916666666667,0
503.1666666666667,0
468.875,0
503.5,0
502.3333333333333,0
469.375,0
502.0,0
521.625,0
502.9583333333333,0
468.7916666666667,0
502.375,0
502.75,0
503.2083333333333,0
502.7083333333333,0
502.3333333333333,0
502.2916666666667,0
501.6666666666667,0
515.875,0
502.6666666666667,0
502.8333333333333,0
501.9583333333333,0
502.9166666666667,0
469.0,0
516.4166666666666,0
469.125,0
515.875,0
502.4583333333333,0
502.9583333333333,0
502.5833333333333,0
503.0416666666667,0
502.375,0
503.375,0
503.0833333333333,0
469.2083333333333,0
502.4583333333333,0
502.125,0
502.0416666666667,0
515.9166666666666,0
502.2916666666667,0
502.5,0
502.25,0
502.25,0
503.3333333333333,0
502.125,0
501.9583333333333,0
501.9166666666667,0
502.5416666666667,0
502.7916666666667,0
502.6666666666667,0
502.375,0
469.0416666666667,0
502.75,0
502.5833333333333,0
502.2916666666667,0
468.9583333333333,0
502.75,0
502.5416666666667,0
468.875,0
502.0,0
502.2916666666667,0
502.25,0
502.7916666666667,0
501.8333333333333,0
516.2083333333334,0
502.0833333333333,0
502.8333333333333,0
502.2083333333333,0
502.375,0
503.7916666666667,0
502.3333333333333,0
502.4166666666667,0
502.125,0
502.625,0
503.4583333333333,0
502.625,0
502.375,0
501.9583333333333,0
502.2083333333333,0
502.4583333333333,0
502.875,0
502.3333333333333,0
503.4166666666667,0
501.8333333333333,0
502.125,0
502.9166666666667,0
503.4166666666667,0
502.0416666666667,0
503.5,0
469.2083333333333,0
503.25,0
502.2916666666667,0
469.2083333333333,0
503.125,0
502.25,0
502.6666666666667,0
502.2916666666667,0
503.4166666666667,0
502.5416666666667,0
503.25,0
502.2083333333333,0
503.0416666666667,0
502.0833333333333,0
502.0416666666667,0
502.0833333333333,0
502.5416666666667,0
503.2916666666667,0
502.5416666666667,0
523.4583333333334,0
502.0,0
468.75,0
502.125,0
494.3333333333333,0
502.8333333333333,0
502.6666666666667,0
468.9166666666667,0
502.6666666666667,0
468.75,0
502.125,0
502.375,0
502.8333333333333,0
502.3333333333333,0
501.8333333333333,0
502.1666666666667,0
501.8333333333333,0
502.6666666666667,0
502.1666666666667,0
502.8333333333333,0
501.9583333333333,0
502.4583333333333,0
502.7916666666667,0
502.875,0
468.875,0
503.2083333333333,0
502.5,0
502.2083333333333,0
468.9583333333333,0
503.1666666666667,0
523.625,0
515.9166666666666,0
503.2083333333333,0
521.5,0
522.0416666666666,0
503.0,0
503.2083333333333,0
502.4583333333333,0
521.9583333333334,0
501.9166666666667,0
502.2083333333333,0
468.8333333333333,0
504.0,0
502.5833333333333,0
502.2916666666667,0
503.0833333333333,0
502.1666666666667,0
502.5833333333333,0
515.8333333333334,0
503.1666666666667,0
502.4583333333333,0
502.7083333333333,0
516.0833333333334,0
503.2083333333333,0
502.0416666666667,0
502.0416666666667,0
502.4583333333333,0
469.1666666666667,0
502.25,0
502.7083333333333,0
501.9583333333333,0
502.875,0
501.9166666666667,0
502.375,0
502.7083333333333,0
502.9583333333333,0
502.2083333333333,0
516.125,0
502.0416666666667,0
469.3333333333333,0
503.0,0
502.5,0
502.7916666666667,0
502.1666666666667,0
502.625,0
502.2916666666667,0
502.5833333333333,0
502.125,0
502.625,0
503.25,0
503.0833333333333,0
502.4166666666667,0
502.3333333333333,0
503.25,0
502.1666666666667,0
502.375,0
502.5,0
501.9166666666667,0
502.0833333333333,0
521.5416666666666,0
504.0,0
502.125,0
503.0416666666667,0
503.8333333333333,0
502.4583333333333,0
503.5,0
521.375,0
417.875,0
502.9583333333333,0
515.75,0
503.1666666666667,0
502.7083333333333,0
469.2083333333333,0
502.4166666666667,0
502.0416666666667,0
523.625,0
469.5416666666667,0
502.3333333333333,0
523.25,0
502.8333333333333,0
469.2083333333333,0
523.5416666666666,0
502.0833333333333,0
502.125,0
502.25,0
503.125,0
502.3333333333333,0
521.625,0
516.0416666666666,0
502.0416666666667,0
502.0,0
502.0416666666667,0
515.375,0
502.3333333333333,0
502.5833333333333,0
502.3333333333333,0
501.7916666666667,0
515.2083333333334,0
521.7083333333334,0
502.4583333333333,0
503.25,0
502.5833333333333,0
502.5416666666667,0
502.8333333333333,0
417.2916666666667,0
503.125,0
515.3333333333334,0
502.7916666666667,0
469.3333333333333,0
502.75,0
502.9166666666667,0
503.25,0
468.875,0
502.5416666666667,0
504.0416666666667,0
502.75,0
502.1666666666667,0
468.8333333333333,0
503.0416666666667,0
417.625,0
504.25,0
502.125,0
502.1666666666667,0
503.1666666666667,0
502.375,0
523.2916666666666,0
503.1666666666667,0
503.2083333333333,0
502.9583333333333,0
502.125,0
469.0,0
502.875,0
502.9166666666667,0
501.8333333333333,0
468.6666666666667,0
503.0833333333333,0
501.8333333333333,0
502.4583333333333,0
502.375,0
503.0,0
502.375,0
502.9583333333333,0
502.9583333333333,0
502.0416666666667,0
503.0,0
468.8333333333333,0
502.1666666666667,0
502.4583333333333,0
523.3333333333334,0
502.3333333333333,0
503.3333333333333,0
503.2083333333333,0
502.9583333333333,0
501.8333333333333,0
502.5,0
502.0,0
502.4583333333333,0
503.4166666666667,0
502.375,0
502.7916666666667,0
502.2916666666667,0
502.0,0
516.4166666666666,0
502.9583333333333,0
503.3333333333333,0
502.4166666666667,0
502.2916666666667,0
502.2916666666667,0
502.4583333333333,0
502.3333333333333,0
502.75,0
502.4166666666667,0
502.25,0
502.5,0
502.1666666666667,0
503.0416666666667,0
502.7916666666667,0
502.375,0
502.7083333333333,0
502.4583333333333,0
502.125,0
502.2916666666667,0
502.0416666666667,0
501.8333333333333,0
468.9583333333333,0
503.2083333333333,0
502.2916666666667,0
502.1666666666667,0
501.8333333333333,0
502.9583333333333,0
501.9166666666667,0
503.3333333333333,0
502.5,0
502.125,0
504.2916666666667,0
502.9166666666667,0
502.9583333333333,0
502.0833333333333,0
502.2916666666667,0
502.2916666666667,0
502.1666666666667,0
502.6666666666667,0
502.2916666666667,0
502.9583333333333,0
502.625,0
521.6666666666666,0
503.0416666666667,0
502.0833333333333,0
502.25,0
502.375,0
502.5416666666667,0
502.0833333333333,0
502.9166666666667,0
502.9166666666667,0
521.625,0
468.75,0
504.2083333333333,0
503.6666666666667,0
503.2916666666667,0
469.25,0
503.4166666666667,0
503.5,0
469.0833333333333,0
503.75,0
521.625,0
502.75,0
504.0,0
469.0833333333333,0
505.0,0
504.75,0
469.25,0
503.625,0
468.8333333333333,0
502.1666666666667,0
504.5416666666667,0
503.6666666666667,0
468.75,0
468.8333333333333,0
504.25,0
439.375,0
502.2083333333333,0
469.1666666666667,0
503.7083333333333,0
502.25,0
502.0416666666667,0
503.4166666666667,0
468.8333333333333,0
503.4583333333333,0
504.3333333333333,0
504.8333333333333,0
504.4166666666667,0
469.125,0
468.9583333333333,0
469.0833333333333,0
468.1666666666667,0
504.0833333333333,0
505.125,0
503.6666666666667,0
504.125,0
504.7916666666667,0
504.625,0
503.625,0
503.4166666666667,0
504.7916666666667,0
504.25,0
504.0416666666667,0
504.75,0
504.0833333333333,0
503.7916666666667,0
504.7916666666667,0
504.375,0
505.25,0
505.2083333333333,0
503.2916666666667,0
468.625,0
503.6666666666667,0
504.2916666666667,0
504.2083333333333,0
504.1666666666667,0
503.625,0
468.9583333333333,0
504.5,0
468.9583333333333,0
468.9583333333333,0
469.0833333333333,0
503.4166666666667,0
503.0833333333333,0
503.9583333333333,0
505.0,0
504.5416666666667,0
504.6666666666667,0
503.8333333333333,0
504.6666666666667,0
505.5416666666667,0
504.625,0
503.6666666666667,0
504.0833333333333,0
469.0416666666667,0
468.8333333333333,0
502.0,0
468.875,0
502.2916666666667,0
502.0416666666667,0
469.1666666666667,0
502.875,0
501.7916666666667,0
502.375,0
468.75,0
502.2083333333333,0
502.8333333333333,0
502.0833333333333,0
468.75,0
468.5833333333333,0
468.625,0
503.9166666666667,0
503.2083333333333,0
468.7916666666667,0
468.6666666666667,0
502.0416666666667,0
502.2083333333333,0
469.0416666666667,0
502.1666666666667,0
468.7083333333333,0
468.875,0
468.7083333333333,0
502.4166666666667,0
468.8333333333333,0
468.7916666666667,0
503.0833333333333,0
502.7916666666667,0
468.875,0
468.7083333333333,0
502.2083333333333,0
502.4166666666667,0
502.4583333333333,0
469.125,0
503.875,0
469.1666666666667,0
468.7083333333333,0
502.5416666666667,0
502.9166666666667,0
469.0833333333333,0
469.125,0
468.9166666666667,0
468.875,0
503.75,0
502.2083333333333,0
503.6666666666667,0
503.375,0
503.375,0
468.75,0
502.5416666666667,0
504.5416666666667,0
503.6666666666667,0
469.2083333333333,0
521.9166666666666,0
469.4166666666667,0
355.125,0
502.1666666666667,0
521.6666666666666,0
515.9583333333334,0
521.9166666666666,0
469.125,0
516.4583333333334,0
503.8333333333333,0
503.5416666666667,0
523.375,0
502.5,0
469.0,0
469.0416666666667,0
469.0416666666667,0
523.4166666666666,0
468.9166666666667,0
515.375,0
516.3333333333334,0
468.9583333333333,0
505.0,0
504.0833333333333,0
469.25,0
469.4166666666667,0
468.9166666666667,0
397.2083333333333,0
468.9583333333333,0
469.2916666666667,0
468.9166666666667,0
468.9583333333333,0
504.4583333333333,0
469.0416666666667,0
504.375,0
469.1666666666667,0
504.0416666666667,0
504.0,0
504.0,0
469.0416666666667,0
503.375,0
502.25,0
505.1666666666667,0
503.5416666666667,0
502.6666666666667,0
503.9166666666667,0
468.8333333333333,0
503.875,0
469.1666666666667,0
469.0833333333333,0
503.5416666666667,0
505.25,0
504.5416666666667,0
468.8333333333333,0
516.2083333333334,0
504.4583333333333,0
504.9583333333333,0
503.875,0
468.7916666666667,0
504.1666666666667,0
504.375,0
468.9583333333333,0
504.625,0
503.4583333333333,0
469.375,0
504.375,0
469.2916666666667,0
504.25,0
516.0416666666666,0
468.7916666666667,0
503.75,0
523.4166666666666,0
468.8333333333333,0
503.2916666666667,0
504.125,0
468.875,0
469.3333333333333,0
469.2916666666667,0
468.875,0
469.4166666666667,0
469.0833333333333,0
504.4166666666667,0
503.5,0
504.5833333333333,0
504.0416666666667,0
503.8333333333333,0
503.8333333333333,0
468.7916666666667,0
504.5833333333333,0
469.0833333333333,0
468.625,0
504.8333333333333,0
504.5833333333333,0
468.75,0
504.9166666666667,0
505.125,0
506.6666666666667,0
504.375,0
505.0833333333333,0
503.7916666666667,0
503.7083333333333,0
504.2916666666667,0
503.75,0
504.1666666666667,0
468.9583333333333,0
469.0,0
469.1666666666667,0
469.0416666666667,0
503.5,0
469.2916666666667,0
505.2916666666667,0
504.125,0
503.625,0
469.0416666666667,0
502.7083333333333,0
469.1666666666667,0
469.4583333333333,0
522.0416666666666,0
503.75,0
503.4583333333333,0
503.75,0
468.7916666666667,0
468.8333333333333,0
469.375,0
503.5416666666667,0
502.25,0
503.7083333333333,0
503.5,0
503.6666666666667,0
504.1666666666667,0
504.2083333333333,0
515.6666666666666,0
503.4583333333333,0
468.7083333333333,0
468.75,0
504.875,0
504.1666666666667,0
469.0833333333333,0
469.1666666666667,0
417.875,0
469.1666666666667,0
469.25,0
469.0833333333333,0
319.7916666666667,0
468.75,0
503.75,0
503.6666666666667,0
469.25,0
504.9166666666667,0
515.25,0
469.125,0
469.3333333333333,0
468.8333333333333,0
469.25,0
469.0,0
504.9583333333333,0
469.125,0
504.125,0
503.5833333333333,0
504.2083333333333,0
503.875,0
503.3333333333333,0
468.9583333333333,0
501.75,0
504.2083333333333,0
504.2916666666667,0
503.125,0
468.9583333333333,0
469.25,0
502.4166666666667,0
469.0833333333333,0
504.0,0
521.7916666666666,0
505.25,0
505.0,0
503.5416666666667,0
504.0833333333333,0
503.625,0
469.0,0
502.25,0
504.6666666666667,0
469.0,0
468.8333333333333,0
523.2083333333334,0
501.7083333333333,0
515.9583333333334,0
505.2083333333333,0
469.125,0
469.125,0
504.0416666666667,0
469.2083333333333,0
503.2916666666667,0
504.5,0
505.1666666666667,0
504.3333333333333,0
504.9583333333333,0
504.375,0
504.9166666666667,0
503.8333333333333,0
504.2083333333333,0
469.0416666666667,0
505.0,0
468.7916666666667,0
468.875,0
503.9166666666667,0
468.875,0
504.5,0
469.0416666666667,0
469.4166666666667,0
501.9166666666667,0
504.375,0
504.8333333333333,0
504.375,0
504.3333333333333,0
504.125,0
469.0,0
523.125,0
521.75,0
521.5833333333334,0
521.9583333333334,0
469.0416666666667,0
515.375,0
469.0833333333333,0
521.4166666666666,0
515.5,0
469.2916666666667,0
504.125,0
505.1666666666667,0
502.1666666666667,0
505.4583333333333,0
523.5833333333334,0
503.375,0
521.7916666666666,0
502.75,0
504.1666666666667,0
469.25,0
502.25,0
515.5416666666666,0
503.1666666666667,0
468.75,0
469.0,0
521.4166666666666,0
521.375,0
503.7916666666667,0
503.0416666666667,0
521.9166666666666,0
521.4583333333334,0
516.0416666666666,0
503.375,0
523.2083333333334,0
503.7916666666667,0
503.9583333333333,0
515.3333333333334,0
521.75,0
504.75,0
469.1666666666667,0
469.0833333333333,0
516.0833333333334,0
522.0416666666666,0
522.0,0
502.2083333333333,0
469.0,0
504.5416666666667,0
503.625,0
469.2083333333333,0
469.25,0
504.7916666666667,0
469.2916666666667,0
469.3333333333333,0
468.625,0
504.2083333333333,0
503.6666666666667,0
523.2916666666666,0
504.1666666666667,0
468.6666666666667,0
502.4583333333333,0
469.0833333333333,0
469.25,0
515.5,0
521.7083333333334,0
504.1666666666667,0
515.125,0
418.2083333333333,0
522.0,0
521.5833333333334,0
504.2083333333333,0
503.6666666666667,0
502.0833333333333,0
503.5,0
521.9166666666666,0
503.7083333333333,0
503.875,0
469.2916666666667,0
506.5,0
503.25,0
504.4166666666667,0
503.5,0
503.2916666666667,0
503.75,0
468.875,0
504.1666666666667,0
503.4166666666667,0
503.875,0
503.875,0
504.125,0
504.1666666666667,0
504.375,0
504.9583333333333,0
504.0833333333333,0
503.7083333333333,0
504.0416666666667,0
504.0,0
504.4166666666667,0
504.0416666666667,0
504.5416666666667,0
504.2083333333333,0
503.375,0
504.75,0
505.0833333333333,0
504.0,0
503.25,0
504.4583333333333,0
503.5833333333333,0
469.1666666666667,0
503.625,0
504.0833333333333,0
503.5833333333333,0
504.9166666666667,0
468.9583333333333,0
504.5,0
505.5,0
504.2916666666667,0
503.4166666666667,0
503.3333333333333,0
504.5416666666667,0
504.875,0
503.2916666666667,0
503.6666666666667,0
504.5,0
504.625,0
504.1666666666667,0
504.9166666666667,0
505.0,0
504.5833333333333,0
469.25,0
503.7916666666667,0
505.25,0
503.875,0
469.0416666666667,0
504.2916666666667,0
503.875,0
503.5833333333333,0
503.375,0
469.0,0
469.2083333333333,0
504.3333333333333,0
469.2916666666667,0
503.25,0
503.75,0
504.0,0
504.5833333333333,0
504.9166666666667,0
469.2083333333333,0
504.0833333333333,0
505.0416666666667,0
374.9166666666667,0
503.5,0
502.4166666666667,0
502.5833333333333,0
417.2916666666667,0
504.2083333333333,0
504.8333333333333,0
504.4166666666667,0
504.375,0
504.2916666666667,0
502.5833333333333,0
521.5416666666666,0
504.4583333333333,0
468.75,0
469.25,0
503.4583333333333,0
523.1666666666666,0
504.3333333333333,0
468.9583333333333,0
503.375,0
504.0,0
515.7083333333334,0
502.0833333333333,0
469.3333333333333,0
503.7083333333333,0
515.4583333333334,0
503.9583333333333,0
504.5833333333333,0
503.625,0
502.4583333333333,0
505.25,0
503.7083333333333,0
504.7916666666667,0
469.2916666666667,0
504.25,0
504.125,0
374.5416666666667,0
468.8333333333333,0
503.6666666666667,0
469.25,0
221.5,0
504.875,0
503.5,0
504.2083333333333,0
504.25,0
503.7916666666667,0
504.0416666666667,0
504.4583333333333,0
504.375,0
504.5416666666667,0
505.2916666666667,0
503.9583333333333,0
505.0,0
468.875,0
504.7083333333333,0
503.5,0
505.2916666666667,0
504.375,0
503.5,0
468.7916666666667,0
469.1666666666667,0
504.5416666666667,0
504.75,0
418.0416666666667,0
504.9583333333333,0
505.2083333333333,0
469.3333333333333,0
503.9166666666667,0
505.625,0
503.5833333333333,0
474.9166666666667,0
469.0,0
504.7916666666667,0
504.5416666666667,0
505.25,0
374.75,0
504.0,0
503.8333333333333,0
468.875,0
469.125,0
468.9166666666667,0
505.1666666666667,0
469.4583333333333,0
504.9166666666667,0
505.3333333333333,0
468.4583333333333,0
504.5,0
504.75,0
504.8333333333333,0
503.6666666666667,0
468.875,0
468.875,0
468.875,0
503.4166666666667,0
503.4583333333333,0
503.2083333333333,0
468.9166666666667,0
503.4583333333333,0
504.1666666666667,0
468.875,0
469.2916666666667,0
504.5416666666667,0
503.625,0
504.125,0
503.7916666666667,0
468.6666666666667,0
504.5,0
505.0833333333333,0
504.75,0
504.4583333333333,0
504.2916666666667,0
503.4583333333333,0
505.3333333333333,0
504.8333333333333,0
503.4166666666667,0
469.3333333333333,0
504.4583333333333,0
469.0416666666667,0
505.0833333333333,0
504.4583333333333,0
469.2916666666667,0
468.25,0
501.9583333333333,0
504.5416666666667,0
504.2916666666667,0
504.2083333333333,0
503.1666666666667,0
503.6666666666667,0
504.7083333333333,0
503.9166666666667,0
504.375,0
503.5416666666667,0
504.0416666666667,0
503.5,0
504.1666666666667,0
503.9583333333333,0
469.3333333333333,0
468.8333333333333,0
503.0416666666667,0
418.0416666666667,0
504.3333333333333,0
374.9166666666667,0
503.7083333333333,0
469.0833333333333,0
506.7083333333333,0
469.3333333333333,0
504.4166666666667,0
504.7083333333333,0
504.0833333333333,0
503.5416666666667,0
505.25,0
505.25,0
504.6666666666667,0
469.1666666666667,0
506.8333333333333,0
468.7083333333333,0
504.125,0
503.7083333333333,0
505.3333333333333,0
503.75,0
503.5416666666667,0
503.9166666666667,0
505.4166666666667,0
504.7083333333333,0
468.9583333333333,0
503.2916666666667,0
504.5833333333333,0
504.4583333333333,0
503.9583333333333,0
503.2083333333333,0
505.1666666666667,0
504.25,0
503.2916666666667,0
503.8333333333333,0
503.7083333333333,0
504.1666666666667,0
468.6666666666667,0
504.9583333333333,0
503.7916666666667,0
504.6666666666667,0
503.875,0
503.9166666666667,0
503.3333333333333,0
504.2916666666667,0
504.0,0
505.0833333333333,0
504.5,0
504.4166666666667,0
503.7083333333333,0
503.7083333333333,0
504.4166666666667,0
468.8333333333333,0
504.3333333333333,0
504.1666666666667,0
468.2916666666667,0
503.875,0
503.5416666666667,0
503.5833333333333,0
504.1666666666667,0
503.6666666666667,0
504.0,0
504.9583333333333,0
505.0833333333333,0
503.5,0
504.2083333333333,0
503.7916666666667,0
504.625,0
503.625,0
505.3333333333333,0
505.0,0
503.5833333333333,0
504.1666666666667,0
504.9583333333333,0
503.5416666666667,0
469.1666666666667,0
468.8333333333333,0
469.375,0
505.0833333333333,0
505.0,0
468.9583333333333,0
504.7083333333333,0
505.2916666666667,0
504.7916666666667,0
504.125,0
504.625,0
469.375,0
504.2083333333333,0
503.5416666666667,0
505.0833333333333,0
469.2083333333333,0
503.625,0
504.4166666666667,0
504.9166666666667,0
468.7916666666667,0
503.7083333333333,0
503.5,0
505.125,0
503.5416666666667,0
505.125,0
505.2083333333333,0
503.9583333333333,0
504.125,0
503.8333333333333,0
374.875,0
503.8333333333333,0
503.25,0
503.875,0
468.2916666666667,0
503.75,0
503.6666666666667,0
503.5833333333333,0
504.2916666666667,0
469.0,0
468.75,0
505.0833333333333,0
468.9583333333333,0
503.6666666666667,0
469.0,0
504.7083333333333,0
504.2083333333333,0
504.3333333333333,0
468.7916666666667,0
503.4166666666667,0
469.5416666666667,0
505.0,0
504.0,0
503.4166666666667,0
504.0,0
503.8333333333333,0
504.8333333333333,0
503.3333333333333,0
503.6666666666667,0
504.1666666666667,0
503.6666666666667,0
503.5,0
504.6666666666667,0
505.25,0
503.9166666666667,0
468.75,0
503.7083333333333,0
503.7916666666667,0
503.875,0
503.5416666666667,0
504.25,0
469.0416666666667,0
503.875,0
504.9166666666667,0
504.875,0
504.7916666666667,0
504.7083333333333,0
503.75,0
503.7083333333333,0
504.7083333333333,0
504.0,0
504.125,0
503.9583333333333,0
503.6666666666667,0
503.7916666666667,0
503.75,0
504.0416666666667,0
469.3333333333333,0
503.875,0
469.2916666666667,0
504.0,0
503.6666666666667,0
503.7083333333333,0
503.9166666666667,0
504.3333333333333,0
505.0416666666667,0
503.9166666666667,0
504.8333333333333,0
505.0833333333333,0
504.3333333333333,0
504.375,0
503.625,0
468.25,0
503.9166666666667,0
505.1666666666667,0
504.4583333333333,0
504.0,0
504.6666666666667,0
505.0416666666667,0
504.0416666666667,0
469.125,0
505.4166666666667,0
504.25,0
503.7083333333333,0
503.7916666666667,0
503.1666666666667,0
504.125,0
503.625,0
505.25,0
503.5,0
504.5416666666667,0
504.25,0
504.7083333333333,0
503.8333333333333,0
503.5833333333333,0
505.5833333333333,0
503.625,0
503.5833333333333,0
475.125,0
503.75,0
503.625,0
474.9583333333333,0
503.6666666666667,0
468.5833333333333,0
503.75,0
503.0416666666667,0
503.3333333333333,0
467.9583333333333,0
503.4166666666667,0
504.0833333333333,0
468.5416666666667,0
468.0833333333333,0
503.7916666666667,0
504.0416666666667,0
474.6666666666667,0
467.9583333333333,0
217.375,0
503.875,0
468.1666666666667,0
503.25,0
475.3333333333333,0
503.375,0
219.04166666666666,0
474.9583333333333,0
468.5,0
504.0,0
474.5833333333333,0
503.5416666666667,0
503.625,0
468.7083333333333,0
216.91666666666666,0
501.0,0
503.125,0
503.625,0
467.9166666666667,0
503.3333333333333,0
503.375,0
468.2916666666667,0
503.625,0
503.625,0
217.45833333333334,0
374.8333333333333,0
475.0,0
468.4583333333333,0
419.4166666666667,0
503.6666666666667,0
475.0416666666667,0
311.2083333333333,0
468.0416666666667,0
503.3333333333333,0
468.8333333333333,0
503.9166666666667,0
375.1666666666667,0
503.375,0
467.9583333333333,0
504.2083333333333,0
503.875,0
503.2083333333333,0
503.6666666666667,0
503.6666666666667,0
503.625,0
217.0,0
503.5,0
503.7083333333333,0
503.7083333333333,0
503.7083333333333,0
503.875,0
503.5833333333333,0
503.8333333333333,0
468.125,0
475.5416666666667,0
217.45833333333334,0
503.6666666666667,0
503.375,0
503.4166666666667,0
218.33333333333334,0
504.1666666666667,0
217.41666666666666,0
503.8333333333333,0
503.5416666666667,0
503.875,0
503.3333333333333,0
468.5833333333333,0
503.2916666666667,0
217.79166666666666,0
375.1666666666667,0
475.2916666666667,0
503.0833333333333,0
503.7083333333333,0
503.7916666666667,0
468.2916666666667,0
504.0,0
504.125,0
503.1666666666667,0
503.7916666666667,0
503.625,0
503.9583333333333,0
440.625,0
468.125,0
468.625,0
504.125,0
503.375,0
375.2916666666667,0
468.5416666666667,0
438.0833333333333,0
474.4583333333333,0
467.875,0
476.0833333333333,0
503.8333333333333,0
468.2083333333333,0
301.4166666666667,0
468.6666666666667,0
504.125,0
468.5416666666667,0
474.875,0
219.29166666666666,0
218.375,0
510.0833333333333,0
503.8333333333333,0
468.4583333333333,0
503.25,0
468.0,0
508.5833333333333,0
475.0,0
503.7083333333333,0
503.2916666666667,0
475.125,0
468.0416666666667,0
375.1666666666667,0
504.0833333333333,0
468.5416666666667,0
474.9166666666667,0
468.5,0
475.3333333333333,0
503.6666666666667,0
468.9583333333333,0
503.3333333333333,0
504.1666666666667,0
503.625,0
505.125,0
503.7083333333333,0
504.875,0
503.8333333333333,0
504.4166666666667,0
505.0416666666667,0
504.125,0
504.7916666666667,0
503.8333333333333,0
504.125,0
468.4166666666667,0
504.7916666666667,0
503.5,0
504.125,0
503.9166666666667,0
469.0416666666667,0
503.625,0
503.5,0
503.625,0
503.25,0
503.5833333333333,0
503.75,0
503.875,0
503.6666666666667,0
504.0833333333333,0
469.0416666666667,0
504.25,0
503.9583333333333,0
503.7083333333333,0
503.75,0
503.875,0
503.9583333333333,0
504.125,0
503.5,0
503.8333333333333,0
503.5,0
503.5833333333333,0
504.5416666666667,0
503.7916666666667,0
503.75,0
504.9583333333333,0
503.8333333333333,0
505.0,0
468.9166666666667,0
503.625,0
468.9166666666667,0
469.1666666666667,0
468.875,0
504.9583333333333,0
504.0416666666667,0
504.25,0
504.7916666666667,0
503.7916666666667,0
505.2083333333333,0
503.875,0
504.5833333333333,0
504.5416666666667,0
469.1666666666667,0
503.9166666666667,0
503.5416666666667,0
503.75,0
504.5416666666667,0
504.0416666666667,0
504.5416666666667,0
504.7083333333333,0
504.7083333333333,0
504.4583333333333,0
505.125,0
469.3333333333333,0
504.875,0
503.875,0
504.0,0
503.875,0
505.375,0
504.8333333333333,0
503.2916666666667,0
504.0,0
503.625,0
504.5833333333333,0
503.7916666666667,0
503.875,0
469.25,0
505.2083333333333,0
504.9583333333333,0
468.25,0
503.6666666666667,0
503.5416666666667,0
503.5833333333333,0
504.0833333333333,0
504.1666666666667,0
503.625,0
504.2916666666667,0
503.5833333333333,0
504.625,0
503.5833333333333,0
426.25,0
505.2916666666667,0
504.75,0
504.3333333333333,0
503.6666666666667,0
503.75,0
503.5833333333333,0
504.0416666666667,0
503.9583333333333,0
503.6666666666667,0
503.9583333333333,0
505.125,0
504.1666666666667,0
503.5833333333333,0
503.5416666666667,0
503.625,0
504.2083333333333,0
504.2083333333333,0
503.25,0
374.25,0
504.5833333333333,0
503.8333333333333,0
504.9583333333333,0
504.2083333333333,0
503.25,0
503.5416666666667,0
504.125,0
504.25,0
504.7083333333333,0
504.7083333333333,0
504.125,0
505.1666666666667,0
504.4583333333333,0
417.75,0
504.5416666666667,0
505.2916666666667,0
504.875,0
505.1666666666667,0
504.125,0
503.5416666666667,0
504.25,0
503.9166666666667,0
504.5833333333333,0
468.5,0
468.875,0
503.9166666666667,0
504.2083333333333,0
504.25,0
503.625,0
503.875,0
469.375,0
504.4583333333333,0
469.2916666666667,0
503.5416666666667,0
503.5,0
504.3333333333333,0
503.4583333333333,0
503.5833333333333,0
504.1666666666667,0
503.625,0
503.2083333333333,0
469.3333333333333,0
503.5416666666667,0
503.625,0
503.5,0
503.7083333333333,0
504.125,0
504.875,0
504.2083333333333,0
505.5416666666667,0
504.6666666666667,0
504.9583333333333,0
504.3333333333333,0
503.5416666666667,0
503.7083333333333,0
469.0833333333333,0
468.8333333333333,0
503.8333333333333,0
504.7083333333333,0
468.875,0
503.625,0
503.75,0
505.0416666666667,0
503.9583333333333,0
504.3333333333333,0
505.0416666666667,0
503.5833333333333,0
503.6666666666667,0
504.9166666666667,0
505.2916666666667,0
504.0416666666667,0
504.7916666666667,0
504.0833333333333,0
504.1666666666667,0
503.75,0
503.4583333333333,0
503.375,0
504.7083333333333,0
504.5833333333333,0
503.75,0
468.5416666666667,0
503.9583333333333,0
504.0,0
504.0,0
505.2083333333333,0
503.6666666666667,0
504.2083333333333,0
504.625,0
503.2916666666667,0
505.2083333333333,0
503.9583333333333,0
504.3333333333333,0
505.4166666666667,0
503.6666666666667,0
503.7916666666667,0
503.6666666666667,0
504.4583333333333,0
504.5833333333333,0
503.7916666666667,0
504.0833333333333,0
505.1666666666667,0
504.9583333333333,0
503.4583333333333,0
505.375,0
468.875,0
504.375,0
504.0,0
504.9166666666667,0
503.4583333333333,0
505.0,0
503.75,0
503.375,0
504.4166666666667,0
505.0416666666667,0
504.2916666666667,0
504.6666666666667,0
505.125,0
504.4583333333333,0
503.4583333333333,0
505.1666666666667,0
503.9166666666667,0
505.0833333333333,0
503.5833333333333,0
503.875,0
503.625,0
503.4583333333333,0
503.4583333333333,0
469.2916666666667,0
504.5833333333333,0
503.875,0
505.125,0
503.7083333333333,0
504.1666666666667,0
503.7916666666667,0
469.2916666666667,0
505.0,0
505.1666666666667,0
504.6666666666667,0
503.5,0
505.0833333333333,0
503.6666666666667,0
505.5,0
468.8333333333333,0
469.0833333333333,0
503.75,0
504.2083333333333,0
506.7916666666667,0
468.9583333333333,0
503.9166666666667,0
504.0833333333333,0
504.875,0
469.3333333333333,0
504.2916666666667,0
504.625,0
504.5833333333333,0
504.625,0
469.125,0
504.9166666666667,0
469.0,0
437.8333333333333,0
504.25,0
503.875,0
468.7083333333333,0
468.7916666666667,0
503.7083333333333,0
504.0833333333333,0
503.625,0
503.75,0
504.125,0
504.5416666666667,0
504.9166666666667,0
469.0416666666667,0
504.25,0
469.125,0
503.4583333333333,0
504.5833333333333,0
503.6666666666667,0
505.0,0
503.625,0
505.4583333333333,0
504.0416666666667,0
504.5833333333333,0
504.5416666666667,0
505.2083333333333,0
503.8333333333333,0
503.9166666666667,0
503.5416666666667,0
503.75,0
505.1666666666667,0
503.9166666666667,0
503.75,0
503.9583333333333,0
504.2083333333333,0
504.1666666666667,0
503.875,0
503.875,0
504.1666666666667,0
504.7916666666667,0
503.9166666666667,0
504.5416666666667,0
503.125,0
503.5,0
503.9166666666667,0
503.9583333333333,0
503.8333333333333,0
504.125,0
503.5833333333333,0
469.2083333333333,0
503.7916666666667,0
503.5416666666667,0
504.5,0
503.5416666666667,0
504.7916666666667,0
433.5,0
503.5833333333333,0
504.2083333333333,0
504.5,0
503.7083333333333,0
503.6666666666667,0
503.9583333333333,0
440.0833333333333,0
419.5416666666667,0
504.0,0
468.375,0
503.5,0
503.9166666666667,0
503.2083333333333,0
503.4166666666667,0
503.625,0
503.4166666666667,0
505.25,0
503.9583333333333,0
503.9166666666667,0
504.0,0
503.0,0
504.9166666666667,0
503.5,0
503.8333333333333,0
503.7083333333333,0
504.0833333333333,0
503.5416666666667,0
503.625,0
503.9583333333333,0
504.4166666666667,0
504.7916666666667,0
503.9583333333333,0
503.75,0
504.5,0
503.7083333333333,0
504.0833333333333,0
505.2916666666667,0
469.0,0
503.5,0
503.7916666666667,0
469.2083333333333,0
503.5,0
503.8333333333333,0
505.5,0
504.6666666666667,0
504.75,0
504.0,0
468.875,0
503.7916666666667,0
469.0416666666667,0
504.0416666666667,0
469.25,0
504.5,0
468.9166666666667,0
505.25,0
503.5416666666667,0
469.0833333333333,0
468.9166666666667,0
504.8333333333333,0
503.4166666666667,0
469.2083333333333,0
469.0,0
469.2083333333333,0
503.875,0
503.5416666666667,0
503.9583333333333,0
504.0833333333333,0
504.75,0
503.875,0
468.625,0
503.6666666666667,0
504.75,0
503.6666666666667,0
503.8333333333333,0
504.9583333333333,0
503.9583333333333,0
504.0833333333333,0
503.5833333333333,0
504.5,0
504.0,0
503.25,0
504.375,0
503.7083333333333,0
504.2083333333333,0
503.875,0
505.25,0
469.375,0
503.3333333333333,0
505.5416666666667,0
504.8333333333333,0
503.6666666666667,0
504.125,0
468.9166666666667,0
504.0416666666667,0
505.125,0
468.75,0
468.75,0
504.4166666666667,0
504.2083333333333,0
504.9583333333333,0
417.5,0
469.2083333333333,0
503.6666666666667,0
469.1666666666667,0
504.7083333333333,0
504.7083333333333,0
469.1666666666667,0
503.75,0
504.7916666666667,0
503.7916666666667,0
504.2083333333333,0
503.5833333333333,0
469.125,0
503.5833333333333,0
469.0,0
503.75,0
468.7916666666667,0
505.375,0
469.25,0
504.6666666666667,0
505.0416666666667,0
469.4583333333333,0
504.4166666666667,0
504.5,0
469.1666666666667,0
504.625,0
503.9166666666667,0
503.625,0
504.5833333333333,0
504.2916666666667,0
469.0416666666667,0
503.875,0
504.125,0
504.25,0
504.125,0
503.9583333333333,0
503.4583333333333,0
504.0416666666667,0
504.0416666666667,0
503.2083333333333,0
478.125,0
504.4166666666667,0
504.625,0
503.9166666666667,0
504.75,0
503.9583333333333,0
504.4583333333333,0
504.0833333333333,0
505.0416666666667,0
503.7083333333333,0
504.5833333333333,0
504.125,0
504.6666666666667,0
503.9583333333333,0
504.6666666666667,0
504.4166666666667,0
503.5833333333333,0
503.5833333333333,0
504.7916666666667,0
503.7083333333333,0
503.4166666666667,0
504.625,0
504.75,0
503.6666666666667,0
503.7916666666667,0
504.4583333333333,0
504.4583333333333,0
504.8333333333333,0
478.25,0
503.7916666666667,0
504.5833333333333,0
505.125,0
503.9166666666667,0
503.75,0
503.4583333333333,0
503.7916666666667,0
503.7083333333333,0
504.25,0
504.3333333333333,0
504.125,0
504.8333333333333,0
504.4583333333333,0
504.5,0
504.7083333333333,0
503.7916666666667,0
504.875,0
504.6666666666667,0
478.2083333333333,0
505.2916666666667,0
503.2916666666667,0
504.5,0
477.7916666666667,0
478.3333333333333,0
504.75,0
504.5,0
504.25,0
504.4166666666667,0
504.6666666666667,0
504.75,0
503.75,0
504.4583333333333,0
503.7916666666667,0
503.625,0
505.25,0
504.0,0
503.9583333333333,0
503.9166666666667,0
505.0416666666667,0
503.3333333333333,0
504.1666666666667,0
504.0416666666667,0
504.0416666666667,0
504.2916666666667,0
503.375,0
504.5833333333333,0
503.7916666666667,0
504.0833333333333,0
504.5,0
506.7083333333333,0
504.0833333333333,0
505.2083333333333,0
503.7916666666667,0
503.75,0
503.3333333333333,0
503.6666666666667,0
504.7083333333333,0
503.0416666666667,0
503.25,0
503.75,0
504.875,0
504.375,0
504.4583333333333,0
503.5416666666667,0
504.7916666666667,0
504.5,0
503.5833333333333,0
504.25,0
503.9583333333333,0
503.7916666666667,0
503.5,0
503.9166666666667,0
504.7916666666667,0
504.1666666666667,0
505.3333333333333,0
503.5416666666667,0
505.2083333333333,0
506.6666666666667,0
478.3333333333333,0
504.3333333333333,0
503.8333333333333,0
503.75,0
503.5833333333333,0
506.7916666666667,0
477.7916666666667,0
503.6666666666667,0
504.375,0
503.75,0
504.875,0
505.2083333333333,0
504.0,0
504.2916666666667,0
504.875,0
503.7083333333333,0
503.75,0
503.7916666666667,0
503.9166666666667,0
504.3333333333333,0
503.7083333333333,0
504.7916666666667,0
504.7083333333333,0
505.125,0
503.4583333333333,0
481.2083333333333,0
503.6666666666667,0
478.0833333333333,0
503.9166666666667,0
504.7083333333333,0
504.6666666666667,0
481.0,0
417.9166666666667,0
503.0833333333333,0
503.5,0
503.625,0
504.0,0
504.1666666666667,0
504.7083333333333,0
506.75,0
503.6666666666667,0
503.3333333333333,0
506.5416666666667,0
504.375,0
480.8333333333333,0
504.1666666666667,0
504.6666666666667,0
503.7083333333333,0
504.0,0
503.4583333333333,0
504.0,0
480.9583333333333,0
503.7083333333333,0
478.3333333333333,0
503.6666666666667,0
503.8333333333333,0
503.9166666666667,0
503.875,0
503.625,0
504.0833333333333,0
505.25,0
504.0833333333333,0
503.8333333333333,0
503.875,0
504.7916666666667,0
504.375,0
503.8333333333333,0
504.875,0
503.7083333333333,0
506.75,0
475.0,0
504.4583333333333,0
478.1666666666667,0
504.7916666666667,0
504.0833333333333,0
503.6666666666667,0
504.5416666666667,0
475.0,0
503.625,0
374.4583333333333,0
480.875,0
478.2916666666667,0
506.7083333333333,0
504.9166666666667,0
477.7916666666667,0
503.4166666666667,0
504.1666666666667,0
504.7083333333333,0
504.0833333333333,0
504.1666666666667,0
503.0416666666667,0
478.2916666666667,0
503.75,0
503.5833333333333,0
504.0416666666667,0
503.8333333333333,0
504.7916666666667,0
504.25,0
504.0,0
504.5,0
504.0,0
504.125,0
504.5833333333333,0
480.875,0
504.9166666666667,0
503.9583333333333,0
504.25,0
504.0416666666667,0
504.5416666666667,0
504.2083333333333,0
504.4583333333333,0
478.25,0
503.9166666666667,0
504.0,0
504.875,0
504.75,0
503.2916666666667,0
503.625,0
504.0416666666667,0
503.6666666666667,0
504.875,0
480.8333333333333,0
504.2916666666667,0
503.7916666666667,0
504.0833333333333,0
477.75,0
503.5416666666667,0
503.5416666666667,0
478.375,0
504.0,0
504.0,0
503.375,0
503.625,0
503.6666666666667,0
503.9166666666667,0
504.0833333333333,0
478.0416666666667,0
504.75,0
503.9166666666667,0
504.0,0
504.125,0
503.7916666666667,0
504.9166666666667,0
503.5416666666667,0
503.7083333333333,0
504.4583333333333,0
503.0833333333333,0
504.5,0
503.875,0
504.0416666666667,0
504.25,0
503.4166666666667,0
504.7083333333333,0
503.25,0
504.0,0
503.9583333333333,0
504.1666666666667,0
504.0,0
504.2916666666667,0
504.5833333333333,0
503.9583333333333,0
504.2083333333333,0
504.9166666666667,0
503.5833333333333,0
504.375,0
478.375,0
503.2083333333333,0
505.0416666666667,0
503.4166666666667,0
503.5416666666667,0
503.4583333333333,0
478.0833333333333,0
504.0416666666667,0
504.0,0
503.6666666666667,0
504.0,0
504.0416666666667,0
503.4166666666667,0
503.8333333333333,0
480.9583333333333,0
504.0833333333333,0
504.375,0
503.875,0
503.5833333333333,0
505.1666666666667,0
503.25,0
503.5,0
504.375,0
503.75,0
503.4166666666667,0
478.3333333333333,0
503.875,0
503.0833333333333,0
503.7083333333333,0
503.8333333333333,0
504.0416666666667,0
503.75,0
504.0833333333333,0
503.4166666666667,0
503.4583333333333,0
506.5833333333333,0
504.7916666666667,0
503.875,0
478.2083333333333,0
503.5416666666667,0
503.9583333333333,0
504.3333333333333,0
504.7916666666667,0
504.0,0
374.125,0
503.9166666666667,0
481.1666666666667,0
503.9583333333333,0
504.8333333333333,0
503.875,0
478.0416666666667,0
504.75,0
478.25,0
504.0833333333333,0
504.625,0
503.0,0
505.0416666666667,0
374.25,0
504.875,0
504.0416666666667,0
503.8333333333333,0
504.875,0
503.2083333333333,0
504.0416666666667,0
504.5,0
503.7083333333333,0
503.125,0
504.125,0
504.7083333333333,0
503.625,0
478.1666666666667,0
504.8333333333333,0
503.7916666666667,0
503.9583333333333,0
503.7916666666667,0
505.0,0
503.4583333333333,0
504.625,0
504.1666666666667,0
503.9583333333333,0
503.2916666666667,0
503.25,0
504.0416666666667,0
505.0,0
504.7916666666667,0
503.75,0
504.25,0
504.4583333333333,0
503.7916666666667,0
505.0833333333333,0
504.75,0
504.3333333333333,0
504.4166666666667,0
503.9583333333333,0
503.7083333333333,0
503.9166666666667,0
504.8333333333333,0
504.0833333333333,0
504.4583333333333,0
505.1666666666667,0
503.9583333333333,0
503.75,0
504.0416666666667,0
504.7916666666667,0
503.6666666666667,0
504.4166666666667,0
504.375,0
504.8333333333333,0
503.75,0
504.75,0
503.4583333333333,0
504.75,0
503.5833333333333,0
503.9166666666667,0
504.7916666666667,0
504.5416666666667,0
503.4583333333333,0
505.25,0
505.25,0
504.2916666666667,0
505.1666666666667,0
503.6666666666667,0
503.4583333333333,0
505.2916666666667,0
503.8333333333333,0
503.6666666666667,0
504.0,0
504.25,0
503.7916666666667,0
503.2916666666667,0
503.7083333333333,0
503.5416666666667,0
504.5,0
503.9583333333333,0
503.9166666666667,0
505.0,0
504.25,0
503.5,0
503.7083333333333,0
505.2916666666667,0
503.7916666666667,0
503.5833333333333,0
505.0,0
504.6666666666667,0
504.4583333333333,0
504.25,0
504.7083333333333,0
503.6666666666667,0
504.2083333333333,0
505.2083333333333,0
503.6666666666667,0
504.8333333333333,0
503.5833333333333,0
504.5,0
503.5,0
504.25,0
375.0416666666667,0
503.5833333333333,0
474.875,0
504.4166666666667,0
505.5416666666667,0
504.0,0
504.1666666666667,0
505.2083333333333,0
503.9166666666667,0
504.8333333333333,0
504.5833333333333,0
504.6666666666667,0
503.0833333333333,0
506.75,0
468.875,0
503.625,0
504.1666666666667,0
503.9583333333333,0
504.6666666666667,0
503.6666666666667,0
503.9583333333333,0
503.5,0
504.2083333333333,0
506.625,0
504.0833333333333,0
468.8333333333333,0
468.9166666666667,0
505.0,0
505.2916666666667,0
468.5833333333333,0
504.9166666666667,0
504.125,0
504.75,0
503.4583333333333,0
503.4583333333333,0
505.1666666666667,0
468.6666666666667,0
468.0833333333333,0
504.375,0
503.4583333333333,0
503.375,0
503.9166666666667,0
469.0833333333333,0
503.2916666666667,0
504.375,0
469.3333333333333,0
505.0416666666667,0
503.625,0
504.2916666666667,0
469.0833333333333,0
469.2916666666667,0
503.5833333333333,0
505.3333333333333,0
503.625,0
468.9583333333333,0
504.2083333333333,0
468.4166666666667,0
468.8333333333333,0
503.5833333333333,0
469.1666666666667,0
503.625,0
469.0833333333333,0
468.9166666666667,0
468.9166666666667,0
504.1666666666667,0
503.5416666666667,0
503.875,0
503.2916666666667,0
469.1666666666667,0
468.875,0
468.7916666666667,0
469.375,0
468.5416666666667,0
469.2916666666667,0
468.8333333333333,0
469.2083333333333,0
469.4583333333333,0
468.9166666666667,0
504.0416666666667,0
469.0833333333333,0
503.7083333333333,0
503.5833333333333,0
505.1666666666667,0
503.8333333333333,0
503.625,0
504.75,0
469.2083333333333,0
503.6666666666667,0
503.625,0
469.4166666666667,0
503.6666666666667,0
469.0,0
469.3333333333333,0
504.7083333333333,0
469.2916666666667,0
504.375,0
505.0416666666667,0
469.1666666666667,0
469.0416666666667,0
504.4583333333333,0
504.4583333333333,0
503.6666666666667,0
503.7916666666667,0
504.375,0
505.0416666666667,0
504.2916666666667,0
504.4583333333333,0
469.1666666666667,0
503.9583333333333,0
503.2083333333333,0
503.625,0
504.3333333333333,0
504.9583333333333,0
505.5833333333333,0
469.5416666666667,0
469.1666666666667,0
469.0833333333333,0
503.8333333333333,0
504.3333333333333,0
469.0,0
503.8333333333333,0
504.8333333333333,0
468.375,0
504.5416666666667,0
504.375,0
503.6666666666667,0
505.0416666666667,0
503.5833333333333,0
469.0416666666667,0
469.375,0
503.5,0
503.5416666666667,0
468.75,0
503.7083333333333,0
504.5,0
504.4166666666667,0
504.6666666666667,0
503.625,0
503.7916666666667,0
504.75,0
469.0416666666667,0
468.9166666666667,0
505.125,0
503.7083333333333,0
504.625,0
504.8333333333333,0
506.5833333333333,0
504.0416666666667,0
503.5833333333333,0
468.75,0
503.4166666666667,0
503.4166666666667,0
503.75,0
505.0833333333333,0
503.0,0
503.4583333333333,0
503.9166666666667,0
468.7916666666667,0
504.0833333333333,0
505.0833333333333,0
504.1666666666667,0
503.7916666666667,0
503.8333333333333,0
505.0833333333333,0
503.5833333333333,0
503.4166666666667,0
503.7083333333333,0
503.1666666666667,0
503.8333333333333,0
504.0,0
503.9166666666667,0
503.3333333333333,0
503.875,0
503.5416666666667,0
504.25,0
503.3333333333333,0
503.8333333333333,0
503.7916666666667,0
503.7916666666667,0
503.5833333333333,0
503.0833333333333,0
503.375,0
504.1666666666667,0
503.8333333333333,0
503.2916666666667,0
503.7916666666667,0
503.75,0
503.0,0
503.625,0
503.6666666666667,0
503.5833333333333,0
503.75,0
503.8333333333333,0
503.5416666666667,0
503.4583333333333,0
503.9166666666667,0
503.75,0
503.5833333333333,0
503.375,0
503.7083333333333,0
503.375,0
503.4583333333333,0
503.0,0
503.5833333333333,0
503.9583333333333,0
503.875,0
503.375,0
503.2916666666667,0
481.1666666666667,0
503.7916666666667,0
504.2083333333333,0
504.25,0
504.875,0
504.0,0
504.0833333333333,0
506.5833333333333,0
503.7916666666667,0
504.5833333333333,0
503.7916666666667,0
504.0833333333333,0
503.5833333333333,0
503.5416666666667,0
504.2916666666667,0
504.0833333333333,0
503.5416666666667,0
503.8333333333333,0
504.25,0
504.625,0
478.375,0
503.9583333333333,0
504.0,0
503.7083333333333,0
503.875,0
503.0833333333333,0
481.0,0
503.75,0
503.25,0
478.2916666666667,0
503.8333333333333,0
504.0416666666667,0
504.0833333333333,0
504.0416666666667,0
503.75,0
503.4166666666667,0
504.3333333333333,0
504.7083333333333,0
503.8333333333333,0
418.2083333333333,0
503.875,0
503.8333333333333,0
504.0,0
503.9583333333333,0
503.75,0
503.5833333333333,0
504.1666666666667,0
504.0,0
503.75,0
504.625,0
478.375,0
504.0,0
478.0833333333333,0
504.7916666666667,0
438.6666666666667,0
504.0416666666667,0
503.0833333333333,0
504.375,0
503.8333333333333,0
504.0,0
505.2916666666667,0
503.7083333333333,0
503.875,0
504.25,0
503.6666666666667,0
504.375,0
503.8333333333333,0
503.875,0
503.7916666666667,0
504.7916666666667,0
505.0416666666667,0
504.75,0
504.625,0
504.4583333333333,0
504.7916666666667,0
505.3333333333333,0
504.4583333333333,0
504.0416666666667,0
504.75,0
504.5416666666667,0
478.1666666666667,0
478.4166666666667,0
504.0,0
504.0416666666667,0
503.3333333333333,0
468.9583333333333,0
474.7083333333333,0
503.4166666666667,0
468.1666666666667,0
218.41666666666666,0
468.5833333333333,0
503.375,0
475.3333333333333,0
217.41666666666666,0
503.375,0
504.125,0
480.9166666666667,0
503.9166666666667,0
503.5,0
468.375,0
503.6666666666667,0
503.5,0
503.7083333333333,0
475.0416666666667,0
503.875,0
475.125,0
503.6666666666667,0
503.75,0
503.7916666666667,0
503.375,0
503.0833333333333,0
503.1666666666667,0
503.3333333333333,0
503.8333333333333,0
504.0416666666667,0
374.625,0
503.9166666666667,0
503.5416666666667,0
503.8333333333333,0
474.9583333333333,0
503.375,0
503.7916666666667,0
503.625,0
503.3333333333333,0
504.0833333333333,0
504.2083333333333,0
468.5416666666667,0
503.9166666666667,0
503.4583333333333,0
503.9166666666667,0
503.125,0
503.0416666666667,0
503.0416666666667,0
468.2083333333333,0
503.4583333333333,0
503.5,0
503.4166666666667,0
504.0,0
503.4583333333333,0
503.6666666666667,0
503.2916666666667,0
503.4166666666667,0
503.7916666666667,0
503.875,0
503.4583333333333,0
503.7916666666667,0
503.2916666666667,0
503.9166666666667,0
504.2083333333333,0
503.25,0
503.5833333333333,0
219.29166666666666,0
503.9583333333333,0
503.4166666666667,0
503.9166666666667,0
503.0416666666667,0
504.2083333333333,0
503.3333333333333,0
503.125,0
504.0833333333333,0
504.25,0
503.5416666666667,0
503.2083333333333,0
503.5833333333333,0
503.8333333333333,0
504.0416666666667,0
504.0416666666667,0
503.6666666666667,0
503.5,0
468.0833333333333,0
503.7083333333333,0
504.25,0
504.3333333333333,0
503.9166666666667,0
503.4166666666667,0
503.7916666666667,0
503.5833333333333,0
503.875,0
503.5833333333333,0
503.9583333333333,0
503.5,0
503.4583333333333,0
503.4583333333333,0
503.75,0
219.95833333333334,0
474.625,0
418.2916666666667,0
503.8333333333333,0
504.0,0
503.2083333333333,0
504.0416666666667,0
503.625,0
503.9166666666667,0
503.75,0
503.3333333333333,0
503.7083333333333,0
503.9166666666667,0
503.5833333333333,0
503.9166666666667,0
503.75,0
468.2083333333333,0
503.875,0
468.2083333333333,0
477.9583333333333,0
503.5833333333333,0
468.25,0
503.6666666666667,0
503.7083333333333,0
468.125,0
474.5833333333333,0
503.0416666666667,0
504.125,0
504.25,0
503.0833333333333,0
504.2083333333333,0
468.4583333333333,0
503.6666666666667,0
503.9166666666667,0
503.125,0
503.6666666666667,0
503.3333333333333,0
503.6666666666667,0
503.7083333333333,0
504.0,0
503.9166666666667,0
503.7083333333333,0
218.83333333333334,0
503.9166666666667,0
503.9166666666667,0
503.625,0
217.125,0
503.9583333333333,0
504.0416666666667,0
504.3333333333333,0
503.625,0
374.0416666666667,0
504.125,0
503.2083333333333,0
503.625,0
468.2083333333333,0
503.5833333333333,0
503.5416666666667,0
503.625,0
504.125,0
504.2916666666667,0
504.2083333333333,0
503.75,0
503.5833333333333,0
504.0,0
504.1666666666667,0
503.125,0
504.2916666666667,0
503.3333333333333,0
503.1666666666667,0
503.5416666666667,0
503.8333333333333,0
503.5416666666667,0
417.875,0
468.0416666666667,0
504.0833333333333,0
503.2083333333333,0
503.125,0
503.4166666666667,0
503.7916666666667,0
503.5,0
503.875,0
503.625,0
374.9166666666667,0
504.2083333333333,0
503.4166666666667,0
503.4583333333333,0
503.4166666666667,0
504.0416666666667,0
503.875,0
503.0833333333333,0
503.8333333333333,0
374.9166666666667,0
503.3333333333333,0
503.4583333333333,0
468.125,0
417.875,0
503.7083333333333,0
504.2916666666667,0
468.0,0
504.1666666666667,0
503.1666666666667,0
468.6666666666667,0
468.1666666666667,0
504.125,0
503.8333333333333,0
503.7916666666667,0
478.125,0
468.1666666666667,0
504.2916666666667,0
375.2083333333333,0
503.4583333333333,0
468.4583333333333,0
504.0833333333333,0
503.7083333333333,0
468.4166666666667,0
503.375,0
503.125,0
503.7916666666667,0
503.3333333333333,0
503.4583333333333,0
503.5416666666667,0
468.0833333333333,0
468.6666666666667,0
468.2083333333333,0
503.5833333333333,0
468.3333333333333,0
503.9166666666667,0
503.1666666666667,0
468.375,0
503.9166666666667,0
503.5416666666667,0
503.625,0
503.5,0
504.0833333333333,0
468.375,0
503.3333333333333,0
503.875,0
504.2083333333333,0
503.375,0
503.6666666666667,0
503.375,0
503.2083333333333,0
503.9166666666667,0
503.25,0
503.2083333333333,0
503.875,0
503.2916666666667,0
503.875,0
504.0,0
503.625,0
503.2916666666667,0
504.25,0
504.0,0
503.8333333333333,0
503.4583333333333,0
503.5,0
503.2916666666667,0
503.375,0
504.125,0
374.75,0
503.5416666666667,0
503.625,0
503.3333333333333,0
503.625,0
503.625,0
504.1666666666667,0
217.41666666666666,0
417.7083333333333,0
503.875,0
468.1666666666667,0
503.5416666666667,0
503.5416666666667,0
503.75,0
503.625,0
504.0,0
503.0833333333333,0
503.125,0
503.2916666666667,0
503.375,0
504.125,0
504.25,0
503.5416666666667,0
503.875,0
503.8333333333333,0
504.125,0
503.5833333333333,0
503.8333333333333,0
503.125,0
504.3333333333333,0
503.2916666666667,0
503.625,0
504.0416666666667,0
503.9583333333333,0
503.7916666666667,0
503.4583333333333,0
503.75,0
503.0833333333333,0
503.375,0
468.125,0
503.7083333333333,0
503.7916666666667,0
503.625,0
503.875,0
503.5416666666667,0
504.2083333333333,0
481.2083333333333,0
503.7916666666667,0
503.6666666666667,0
504.1666666666667,0
503.8333333333333,0
503.7083333333333,0
468.2083333333333,0
503.1666666666667,0
503.5,0
503.7083333333333,0
503.4166666666667,0
468.2916666666667,0
503.6666666666667,0
503.4166666666667,0
503.7916666666667,0
217.41666666666666,0
503.75,0
503.5416666666667,0
503.8333333333333,0
504.1666666666667,0
503.4166666666667,0
503.2083333333333,0
375.0833333333333,0
503.125,0
504.0833333333333,0
503.4583333333333,0
503.5,0
503.7083333333333,0
503.625,0
503.7083333333333,0
503.3333333333333,0
503.5,0
503.75,0
503.5,0
503.5416666666667,0
503.4166666666667,0
503.375,0
503.5416666666667,0
480.8333333333333,0
503.625,0
503.625,0
503.4166666666667,0
474.5833333333333,0
503.375,0
503.4166666666667,0
503.9166666666667,0
503.5833333333333,0
504.125,0
375.125,0
503.4166666666667,0
468.0833333333333,0
503.75,0
503.875,0
503.5833333333333,0
503.25,0
503.8333333333333,0
503.2083333333333,0
502.4583333333333,0
503.5,0
468.2916666666667,0
503.6666666666667,0
374.9583333333333,0
503.9166666666667,0
504.3333333333333,0
503.2916666666667,0
503.25,0
468.1666666666667,0
503.7916666666667,0
503.625,0
475.0833333333333,0
419.1666666666667,0
503.75,0
503.6666666666667,0
503.0833333333333,0
503.125,0
503.5416666666667,0
504.3333333333333,0
481.0416666666667,0
503.5416666666667,0
503.75,0
503.6666666666667,0
503.25,0
503.8333333333333,0
504.0,0
503.5833333333333,0
503.5833333333333,0
503.7083333333333,0
478.125,0
503.875,0
503.5416666666667,0
217.83333333333334,0
475.625,0
253.70833333333334,0
467.875,0
468.1666666666667,0
468.2916666666667,0
374.875,0
468.7083333333333,0
217.41666666666666,0
468.4166666666667,0
217.41666666666666,0
468.5416666666667,0
467.9583333333333,0
503.2916666666667,0
503.5833333333333,0
475.2083333333333,0
475.2916666666667,0
422.5833333333333,0
218.91666666666666,0
217.04166666666666,0
218.29166666666666,0
468.2916666666667,0
475.25,0
468.3333333333333,0
468.5416666666667,0
434.7916666666667,0
374.875,0
503.2083333333333,0
468.2916666666667,0
468.4166666666667,0
31.208333333333332,0
503.4166666666667,0
474.9583333333333,0
474.875,0
503.625,0
503.3333333333333,0
468.6666666666667,0
503.4166666666667,0
219.375,0
468.0,0
468.4166666666667,0
468.625,0
503.8333333333333,0
220.125,0
301.125,0
475.0833333333333,0
217.5,0
216.83333333333334,0
468.9166666666667,0
468.2916666666667,0
468.7916666666667,0
468.2916666666667,0
468.3333333333333,0
468.4583333333333,0
468.375,0
467.8333333333333,0
500.8333333333333,0
475.0,0
375.2083333333333,0
439.375,0
468.5416666666667,0
468.4166666666667,0
397.5833333333333,0
417.9166666666667,0
217.33333333333334,0
374.7916666666667,0
468.4166666666667,0
217.75,0
474.6666666666667,0
503.375,0
217.70833333333334,0
503.5416666666667,0
468.25,0
468.125,0
468.6666666666667,0
216.83333333333334,0
219.70833333333334,0
468.5,0
217.625,0
475.9166666666667,0
468.0833333333333,0
217.875,0
217.08333333333334,0
220.16666666666666,0
468.4583333333333,0
468.4583333333333,0
468.2083333333333,0
216.95833333333334,0
503.7083333333333,0
474.8333333333333,0
417.8333333333333,0
468.4583333333333,0
218.25,0
216.875,0
374.9583333333333,0
474.75,0
374.9583333333333,0
217.70833333333334,0
475.1666666666667,0
503.8333333333333,0
503.2916666666667,0
439.7916666666667,0
477.875,0
503.4166666666667,0
503.8333333333333,0
475.375,0
219.875,0
475.0416666666667,0
468.125,0
468.9166666666667,0
217.91666666666666,0
475.5,0
468.2083333333333,0
217.5,0
387.7083333333333,0
503.375,0
503.5833333333333,0
218.20833333333334,0
219.875,0
468.1666666666667,0
219.83333333333334,0
468.125,0
503.2916666666667,0
503.7916666666667,0
475.0,0
503.5416666666667,0
475.125,0
468.0416666666667,0
503.375,0
504.125,0
503.625,0
504.0416666666667,0
503.1666666666667,0
503.7083333333333,0
475.5833333333333,0
503.5833333333333,0
503.875,0
468.3333333333333,0
503.25,0
503.6666666666667,0
475.2083333333333,0
475.5416666666667,0
503.7916666666667,0
503.4166666666667,0
468.5416666666667,0
503.6666666666667,0
468.375,0
503.5833333333333,0
503.7916666666667,0
503.8333333333333,0
503.9166666666667,0
504.0833333333333,0
503.5833333333333,0
503.1666666666667,0
468.2083333333333,0
503.3333333333333,0
503.6666666666667,0
468.2083333333333,0
474.8333333333333,0
503.5833333333333,0
503.5416666666667,0
217.5,0
504.0,0
503.625,0
503.375,0
503.125,0
217.70833333333334,0
504.0,0
503.8333333333333,0
503.4166666666667,0
474.9583333333333,0
475.0,0
219.29166666666666,0
468.5,0
503.8333333333333,0
503.8333333333333,0
468.2083333333333,0
503.7083333333333,0
217.54166666666666,0
468.0833333333333,0
475.2916666666667,0
503.8333333333333,0
503.8333333333333,0
504.125,0
468.4583333333333,0
474.5,0
503.3333333333333,0
468.2083333333333,0
476.0416666666667,0
478.0,0
217.5,0
468.1666666666667,0
475.125,0
481.3333333333333,0
504.0416666666667,0
467.7916666666667,0
503.75,0
503.4166666666667,0
503.2916666666667,0
503.5833333333333,0
503.5833333333333,0
474.9583333333333,0
468.3333333333333,0
504.2083333333333,0
503.3333333333333,0
503.7916666666667,0
437.75,0
468.5833333333333,0
503.5,0
468.2083333333333,0
504.0,0
503.6666666666667,0
503.2916666666667,0
474.7916666666667,0
503.375,0
217.75,0
477.875,0
474.75,0
468.3333333333333,0
217.70833333333334,0
475.75,0
475.625,0
218.20833333333334,0
468.375,0
375.125,0
475.2083333333333,0
474.7916666666667,0
217.58333333333334,0
476.125,0
439.25,0
503.5833333333333,0
474.6666666666667,0
217.83333333333334,0
468.4583333333333,0
468.9166666666667,0
474.75,0
475.0,0
468.2916666666667,0
468.375,0
478.2083333333333,0
475.125,0
475.875,0
503.5,0
503.875,0
468.5833333333333,0
503.5,0
468.2083333333333,0
476.0,0
468.75,0
216.91666666666666,0
503.7916666666667,0
467.75,0
475.1666666666667,0
217.54166666666666,0
468.4583333333333,0
503.2083333333333,0
504.0833333333333,0
503.5,0
375.2083333333333,0
478.0,0
504.0,0
503.875,0
467.875,0
476.0833333333333,0
503.375,0
503.375,0
503.9583333333333,0
503.2916666666667,0
503.4583333333333,0
374.8333333333333,0
503.8333333333333,0
474.9166666666667,0
503.9583333333333,0
503.0833333333333,0
503.7916666666667,0
503.7916666666667,0
503.375,0
503.2916666666667,0
503.625,0
503.75,0
439.6666666666667,0
503.9166666666667,0
468.5416666666667,0
475.5,0
504.0416666666667,0
503.5,0
504.0833333333333,0
503.2916666666667,0
503.2916666666667,0
503.9166666666667,0
475.0,0
217.91666666666666,0
503.7083333333333,0
218.04166666666666,0
474.9166666666667,0
503.375,0
217.70833333333334,0
503.9583333333333,0
503.7916666666667,0
503.5416666666667,0
218.45833333333334,0
468.7083333333333,0
477.9583333333333,0
503.3333333333333,0
468.4166666666667,0
474.5,0
474.5416666666667,0
474.9166666666667,0
504.2083333333333,0
468.5416666666667,0
437.75,0
478.0,0
503.4583333333333,0
503.5833333333333,0
503.375,0
503.9166666666667,0
503.75,0
504.1666666666667,0
503.5833333333333,0
481.0833333333333,0
468.375,0
468.3333333333333,0
503.7083333333333,0
503.9583333333333,0
371.0416666666667,0
217.58333333333334,0
503.5416666666667,0
504.2916666666667,0
503.8333333333333,0
475.3333333333333,0
503.2916666666667,0
503.6666666666667,0
375.25,0
503.9166666666667,0
468.7083333333333,0
503.75,0
504.0,0
217.41666666666666,0
504.125,0
503.75,0
475.9583333333333,0
503.375,0
503.75,0
475.3333333333333,0
503.9166666666667,0
503.1666666666667,0
503.2083333333333,0
468.4166666666667,0
503.875,0
503.375,0
503.5416666666667,0
475.4166666666667,0
503.125,0
433.1666666666667,0
477.9166666666667,0
504.25,0
375.4583333333333,0
503.8333333333333,0
475.1666666666667,0
474.9583333333333,0
217.79166666666666,0
504.0833333333333,0
503.8333333333333,0
417.7916666666667,0
417.5416666666667,0
503.3333333333333,0
503.9166666666667,0
504.1666666666667,0
468.4166666666667,0
503.8333333333333,0
374.5833333333333,0
217.75,0
503.4166666666667,0
374.8333333333333,0
475.0,0
216.95833333333334,0
438.25,0
468.75,0
417.4583333333333,0
220.25,0
437.8333333333333,0
468.375,0
417.625,0
503.5,0
474.9583333333333,0
503.7916666666667,0
503.2916666666667,0
503.7916666666667,0
468.2083333333333,0
503.9166666666667,0
468.375,0
438.2916666666667,0
474.9583333333333,0
503.3333333333333,0
503.75,0
503.875,0
503.3333333333333,0
468.5,0
503.875,0
468.6666666666667,0
503.875,0
503.6666666666667,0
503.4583333333333,0
503.2083333333333,0
503.8333333333333,0
375.2083333333333,0
503.4583333333333,0
503.9583333333333,0
475.9166666666667,0
375.1666666666667,0
503.9166666666667,0
468.4583333333333,0
474.4583333333333,0
503.5416666666667,0
503.7083333333333,0
438.375,0
475.75,0
503.3333333333333,0
475.8333333333333,0
218.16666666666666,0
374.8333333333333,0
475.0,0
503.375,0
503.7083333333333,0
467.9166666666667,0
503.75,0
217.83333333333334,0
468.25,0
503.4166666666667,0
503.6666666666667,0
218.33333333333334,0
474.875,0
468.7083333333333,0
503.3333333333333,0
503.375,0
503.4166666666667,0
468.0416666666667,0
468.625,0
503.625,0
217.75,0
503.5,0
503.6666666666667,0
468.0833333333333,0
503.4583333333333,0
475.4166666666667,0
375.25,0
475.5833333333333,0
475.25,0
503.2916666666667,0
474.9583333333333,0
475.375,0
503.8333333333333,0
474.8333333333333,0
475.75,0
475.3333333333333,0
474.9583333333333,0
480.7916666666667,0
504.25,0
468.75,0
474.8333333333333,0
267.8333333333333,0
503.7916666666667,0
480.875,0
481.125,0
468.7083333333333,0
468.25,0
480.9166666666667,0
503.7083333333333,0
475.9166666666667,0
474.8333333333333,0
478.0,0
503.625,0
503.875,0
481.25,0
468.7083333333333,0
468.625,0
478.0,0
503.875,0
468.4583333333333,0
504.0416666666667,0
503.9583333333333,0
475.0,0
475.2083333333333,0
503.8333333333333,0
468.375,0
503.75,0
218.16666666666666,0
217.75,0
217.83333333333334,0
503.4583333333333,0
475.4166666666667,0
503.8333333333333,0
503.5833333333333,0
375.1666666666667,0
503.6666666666667,0
503.2916666666667,0
503.875,0
504.125,0
503.25,0
503.4166666666667,0
218.54166666666666,0
468.3333333333333,0
503.4583333333333,0
475.2916666666667,0
19.833333333333332,0
217.79166666666666,0
503.4166666666667,0
468.5,0
503.4166666666667,0
374.7083333333333,0
468.7083333333333,0
468.375,0
474.9166666666667,0
475.1666666666667,0
503.9583333333333,0
477.875,0
478.0416666666667,0
480.9166666666667,0
503.7083333333333,0
468.2916666666667,0
468.2916666666667,0
503.75,0
504.0416666666667,0
503.3333333333333,0
503.5,0
503.875,0
217.0,0
503.9166666666667,0
468.3333333333333,0
503.9583333333333,0
477.9583333333333,0
219.25,0
503.5,0
468.7083333333333,0
480.875,0
477.9583333333333,0
468.4166666666667,0
503.9583333333333,0
217.45833333333334,0
504.0,0
475.125,0
503.4166666666667,0
503.5416666666667,0
474.75,0
474.5833333333333,0
468.4583333333333,0
475.25,0
503.3333333333333,0
475.2083333333333,0
481.125,0
503.6666666666667,0
504.125,0
468.375,0
475.0833333333333,0
374.4583333333333,0
503.25,0
503.4583333333333,0
503.4166666666667,0
503.2083333333333,0
503.75,0
468.4166666666667,0
474.8333333333333,0
503.2083333333333,0
467.75,0
503.125,0
503.7916666666667,0
503.6666666666667,0
503.5416666666667,0
503.3333333333333,0
375.0833333333333,0
468.0416666666667,0
503.8333333333333,0
503.1666666666667,0
417.5416666666667,0
503.7916666666667,0
468.375,0
503.3333333333333,0
503.2916666666667,0
503.625,0
475.4166666666667,0
468.3333333333333,0
468.2916666666667,0
468.0416666666667,0
503.875,0
475.375,0
467.9166666666667,0
474.9583333333333,0
503.75,0
504.0833333333333,0
468.125,0
503.4583333333333,0
504.0833333333333,0
475.1666666666667,0
503.625,0
468.5,0
475.1666666666667,0
468.4583333333333,0
475.0,0
217.75,0
503.4583333333333,0
468.25,0
219.29166666666666,0
468.75,0
216.91666666666666,0
475.0416666666667,0
375.125,0
468.25,0
503.625,0
503.2916666666667,0
468.8333333333333,0
503.25,0
474.4166666666667,0
468.125,0
468.25,0
476.125,0
475.7083333333333,0
375.0833333333333,0
440.2083333333333,0
503.8333333333333,0
468.3333333333333,0
423.0416666666667,0
374.6666666666667,0
503.125,0
503.6666666666667,0
218.16666666666666,0
468.375,0
503.3333333333333,0
503.25,0
475.9583333333333,0
503.4583333333333,0
474.7083333333333,0
468.0,0
504.1666666666667,0
374.8333333333333,0
474.9166666666667,0
217.95833333333334,0
474.875,0
503.4166666666667,0
504.25,0
503.5833333333333,0
468.4166666666667,0
475.2916666666667,0
503.875,0
504.0,0
481.3333333333333,0
504.0833333333333,0
475.0,0
397.6666666666667,0
218.45833333333334,0
217.79166666666666,0
417.7083333333333,0
503.2916666666667,0
480.7916666666667,0
474.875,0
503.9166666666667,0
503.7916666666667,0
503.4583333333333,0
474.9583333333333,0
217.33333333333334,0
504.0,0
503.4583333333333,0
468.6666666666667,0
468.75,0
503.25,0
217.5,0
503.25,0
481.25,0
217.41666666666666,0
474.7083333333333,0
217.79166666666666,0
503.7083333333333,0
474.8333333333333,0
503.25,0
218.375,0
468.4583333333333,0
503.5833333333333,0
474.4583333333333,0
468.4583333333333,0
374.9583333333333,0
503.75,0
468.25,0
468.0833333333333,0
503.9166666666667,0
475.2083333333333,0
468.7916666666667,0
475.2083333333333,0
218.79166666666666,0
503.7916666666667,0
503.7083333333333,0
474.6666666666667,0
503.5,0
503.2916666666667,0
474.4583333333333,0
503.6666666666667,0
503.5833333333333,0
468.2083333333333,0
504.125,0
503.9166666666667,0
474.875,0
219.125,0
218.45833333333334,0
219.375,0
503.875,0
504.0,0
218.04166666666666,0
503.0833333333333,0
503.8333333333333,0
503.7916666666667,0
503.2916666666667,0
503.25,0
474.625,0
503.75,0
468.5833333333333,0
218.0,0
503.7083333333333,0
504.125,0
374.9166666666667,0
219.91666666666666,0
474.9166666666667,0
218.0,0
475.125,0
468.4583333333333,0
217.91666666666666,0
503.5416666666667,0
503.625,0
468.3333333333333,0
217.79166666666666,0
219.70833333333334,0
374.75,0
374.625,0
45.875,0
468.2916666666667,0
474.875,0
475.1666666666667,0
375.0416666666667,0
474.6666666666667,0
218.66666666666666,0
503.2083333333333,0
468.3333333333333,0
503.75,0
475.0,0
375.125,0
503.75,0
503.625,0
475.6666666666667,0
503.4166666666667,0
475.25,0
374.7916666666667,0
468.625,0
503.7083333333333,0
503.5,0
503.875,0
475.6666666666667,0
503.2083333333333,0
504.1666666666667,0
503.4583333333333,0
481.0833333333333,0
475.875,0
503.625,0
503.5416666666667,0
503.3333333333333,0
503.3333333333333,0
504.125,0
504.0,0
475.1666666666667,0
438.25,0
468.25,0
218.54166666666666,0
503.7083333333333,0
468.3333333333333,0
432.8333333333333,0
374.2083333333333,0
475.0,0
503.5833333333333,0
474.9583333333333,0
475.125,0
475.75,0
438.0,0
217.33333333333334,0
468.0416666666667,0
468.5833333333333,0
468.125,0
475.7916666666667,0
468.6666666666667,0
218.5,0
503.2916666666667,0
503.5833333333333,0
503.7916666666667,0
475.3333333333333,0
218.08333333333334,0
468.1666666666667,0
468.5833333333333,0
475.0833333333333,0
475.3333333333333,0
241.79166666666666,0
503.6666666666667,0
217.0,0
503.4166666666667,0
503.375,0
503.9166666666667,0
504.1666666666667,0
503.5416666666667,0
503.3333333333333,0
468.6666666666667,0
503.625,0
503.7083333333333,0
503.2916666666667,0
468.2083333333333,0
503.625,0
217.41666666666666,0
468.5833333333333,0
475.125,0
503.75,0
503.8333333333333,0
503.6666666666667,0
503.7083333333333,0
478.2916666666667,0
503.9166666666667,0
503.4583333333333,0
503.9166666666667,0
503.4166666666667,0
503.3333333333333,0
217.79166666666666,0
468.5416666666667,0
475.2916666666667,0
474.8333333333333,0
220.125,0
503.6666666666667,0
503.4583333333333,0
503.2916666666667,0
503.6666666666667,0
220.04166666666666,0
474.9583333333333,0
503.7083333333333,0
503.875,0
468.25,0
475.0,0
477.9166666666667,0
468.5,0
503.4166666666667,0
438.2916666666667,0
503.5,0
503.75,0
217.70833333333334,0
468.4166666666667,0
503.4166666666667,0
503.75,0
417.5416666666667,0
503.3333333333333,0
503.8333333333333,0
503.7083333333333,0
503.9166666666667,0
503.5833333333333,0
504.125,0
468.6666666666667,0
503.25,0
503.75,0
468.3333333333333,0
503.625,0
503.5,0
503.2916666666667,0
503.875,0
467.9166666666667,0
503.6666666666667,0
503.7916666666667,0
468.125,0
474.7916666666667,0
504.0833333333333,0
503.4583333333333,0
438.6666666666667,0
504.0,0
474.9583333333333,0
503.8333333333333,0
217.83333333333334,0
503.3333333333333,0
217.83333333333334,0
503.7916666666667,0
218.25,0
503.4166666666667,0
218.08333333333334,0
475.125,0
468.125,0
217.41666666666666,0
217.54166666666666,0
217.45833333333334,0
218.25,0
468.0833333333333,0
468.5416666666667,0
219.375,0
474.625,0
475.2083333333333,0
217.83333333333334,0
468.8333333333333,0
437.7083333333333,0
503.3333333333333,0
217.08333333333334,0
468.125,0
218.41666666666666,0
475.3333333333333,0
474.7916666666667,0
439.625,0
438.25,0
438.125,0
437.5833333333333,0
437.75,0
417.4583333333333,0
438.1666666666667,0
417.6666666666667,0
437.7916666666667,0
461.9583333333333,0
438.5,0
417.75,0
375.7083333333333,0
438.3333333333333,0
417.7083333333333,0
418.1666666666667,0
417.125,0
437.2083333333333,0
437.9583333333333,0
439.125,0
311.9166666666667,0
417.375,0
438.5833333333333,0
417.5416666666667,0
426.1666666666667,0
418.0,0
440.625,0
437.7916666666667,0
417.1666666666667,0
437.7916666666667,0
438.4166666666667,0
438.125,0
488.2083333333333,0
439.9583333333333,0
417.2916666666667,0
417.4583333333333,0
439.2083333333333,0
439.125,0
359.7916666666667,0
440.0,0
417.1666666666667,0
437.9166666666667,0
438.9583333333333,0
439.9166666666667,0
402.2916666666667,0
432.875,0
440.4166666666667,0
418.25,0
438.75,0
417.75,0
417.75,0
439.25,0
440.1666666666667,0
437.4583333333333,0
437.8333333333333,0
438.4166666666667,0
440.625,0
417.3333333333333,0
417.4583333333333,0
437.625,0
397.4166666666667,0
397.1666666666667,0
419.4583333333333,0
439.2916666666667,0
397.2083333333333,0
397.125,0
439.1666666666667,0
437.5416666666667,0
375.2916666666667,0
439.2916666666667,0
375.0833333333333,0
375.0416666666667,0
438.0416666666667,0
439.5,0
417.4166666666667,0
374.9166666666667,0
426.0416666666667,0
425.9583333333333,0
426.2083333333333,0
417.6666666666667,0
437.75,0
375.1666666666667,0
437.7083333333333,0
417.125,0
417.875,0
419.4583333333333,0
438.0416666666667,0
417.2916666666667,0
419.25,0
437.75,0
417.5416666666667,0
417.4583333333333,0
437.2083333333333,0
437.8333333333333,0
438.375,0
417.3333333333333,0
440.5,0
439.3333333333333,0
438.3333333333333,0
440.6666666666667,0
418.0833333333333,0
426.0833333333333,0
417.5,0
433.4583333333333,0
437.7083333333333,0
438.125,0
439.2916666666667,0
438.9166666666667,0
417.75,0
439.9583333333333,0
438.0,0
438.625,0
439.3333333333333,0
417.625,0
417.2916666666667,0
438.625,0
438.6666666666667,0
426.4583333333333,0
439.3333333333333,0
439.0416666666667,0
438.625,0
437.7083333333333,0
417.75,0
439.1666666666667,0
417.5833333333333,0
437.8333333333333,0
439.5416666666667,0
438.1666666666667,0
439.5416666666667,0
426.1666666666667,0
424.9166666666667,0
438.5,0
440.0416666666667,0
439.4583333333333,0
439.2916666666667,0
439.25,0
439.6666666666667,0
439.4166666666667,0
438.75,0
437.625,0
437.625,0
417.875,0
417.5416666666667,0
417.3333333333333,0
426.4166666666667,0
437.7916666666667,0
439.4166666666667,0
437.9583333333333,0
438.2916666666667,0
438.0,0
417.75,0
439.7083333333333,0
417.8333333333333,0
440.2916666666667,0
438.5833333333333,0
439.5,0
439.3333333333333,0
437.75,0
438.2916666666667,0
418.0416666666667,0
439.4583333333333,0
417.6666666666667,0
418.3333333333333,0
417.4166666666667,0
418.0,0
419.2916666666667,0
417.5416666666667,0
438.2916666666667,0
417.625,0
439.0,0
419.2916666666667,0
440.4583333333333,0
440.6666666666667,0
438.0833333333333,0
437.5833333333333,0
417.5,0
439.0416666666667,0
437.5416666666667,0
417.7083333333333,0
439.2916666666667,0
417.5416666666667,0
417.875,0
375.2083333333333,0
440.375,0
417.5416666666667,0
438.2083333333333,0
417.6666666666667,0
417.875,0
417.4166666666667,0
417.3333333333333,0
417.6666666666667,0
426.0416666666667,0
417.7916666666667,0
417.0833333333333,0
437.6666666666667,0
374.7083333333333,0
438.3333333333333,0
438.5833333333333,0
438.7916666666667,0
438.2916666666667,0
417.8333333333333,0
437.7083333333333,0
437.5,0
433.1666666666667,0
437.4583333333333,0
439.4583333333333,0
426.5,0
439.4583333333333,0
439.375,0
437.7083333333333,0
426.3333333333333,0
418.125,0
438.0,0
397.375,0
437.5416666666667,0
374.7083333333333,0
417.4166666666667,0
439.375,0
439.4166666666667,0
417.9166666666667,0
418.3333333333333,0
417.4583333333333,0
438.5,0
437.7083333333333,0
437.875,0
433.4583333333333,0
426.4166666666667,0
437.7083333333333,0
440.0833333333333,0
438.7083333333333,0
387.7083333333333,0
426.5416666666667,0
417.375,0
417.5833333333333,0
439.2083333333333,0
439.2916666666667,0
438.2916666666667,0
426.125,0
374.7083333333333,0
426.2083333333333,0
417.9166666666667,0
422.5,0
417.4583333333333,0
438.5,0
438.9166666666667,0
438.625,0
439.0833333333333,0
418.0833333333333,0
438.7916666666667,0
438.8333333333333,0
438.8333333333333,0
437.9166666666667,0
437.8333333333333,0
438.0833333333333,0
438.3333333333333,0
248.79166666666666,0
439.3333333333333,0
438.2083333333333,0
233.625,0
437.9583333333333,0
440.25,0
438.8333333333333,0
426.0416666666667,0
438.2083333333333,0
439.375,0
437.5833333333333,0
426.0416666666667,0
384.2083333333333,0
438.2916666666667,0
440.625,0
437.7083333333333,0
437.9166666666667,0
438.25,0
438.7916666666667,0
437.625,0
438.8333333333333,0
439.4583333333333,0
426.0833333333333,0
440.1666666666667,0
440.7083333333333,0
437.2916666666667,0
437.9166666666667,0
438.3333333333333,0
426.2083333333333,0
438.4166666666667,0
437.9166666666667,0
438.1666666666667,0
440.1666666666667,0
426.5,0
437.9166666666667,0
438.0416666666667,0
438.5416666666667,0
439.625,0
438.75,0
417.9583333333333,0
439.2916666666667,0
438.0416666666667,0
374.875,0
438.4166666666667,0
374.75,0
418.0,0
418.4166666666667,0
396.25,0
439.25,0
417.7083333333333,0
440.4583333333333,0
437.9166666666667,0
438.2916666666667,0
417.5416666666667,0
417.7916666666667,0
417.7916666666667,0
417.0416666666667,0
417.375,0
417.3333333333333,0
418.25,0
439.0,0
439.6666666666667,0
417.1666666666667,0
438.0416666666667,0
439.2083333333333,0
438.0,0
417.4166666666667,0
439.3333333333333,0
417.625,0
417.7916666666667,0
417.9166666666667,0
437.5,0
417.2916666666667,0
417.2083333333333,0
417.75,0
417.7083333333333,0
438.2916666666667,0
439.4583333333333,0
417.7083333333333,0
417.5416666666667,0
439.375,0
417.7083333333333,0
417.8333333333333,0
417.7916666666667,0
437.9583333333333,0
417.9166666666667,0
374.625,0
437.5,0
418.2916666666667,0
417.5833333333333,0
438.9166666666667,0
418.125,0
438.0,0
417.75,0
417.4166666666667,0
419.4166666666667,0
417.125,0
437.4166666666667,0
417.9583333333333,0
417.9166666666667,0
417.4166666666667,0
419.3333333333333,0
439.0833333333333,0
417.6666666666667,0
437.875,0
417.9583333333333,0
437.1666666666667,0
418.4166666666667,0
438.4583333333333,0
440.5833333333333,0
440.2916666666667,0
417.3333333333333,0
419.3333333333333,0
375.25,0
437.8333333333333,0
438.375,0
418.0833333333333,0
417.5416666666667,0
417.3333333333333,0
417.5833333333333,0
417.5416666666667,0
437.1666666666667,0
426.4583333333333,0
417.8333333333333,0
417.7916666666667,0
438.2083333333333,0
440.25,0
417.25,0
417.875,0
417.9166666666667,0
418.2083333333333,0
422.7916666666667,0
425.9166666666667,0
417.7916666666667,0
440.3333333333333,0
438.2916666666667,0
417.1666666666667,0
417.5416666666667,0
418.125,0
417.7916666666667,0
417.5,0
417.4166666666667,0
438.3333333333333,0
422.875,0
439.1666666666667,0
438.6666666666667,0
417.8333333333333,0
419.2083333333333,0
437.4166666666667,0
374.375,0
417.5,0
417.6666666666667,0
417.875,0
437.8333333333333,0
417.375,0
417.3333333333333,0
417.5833333333333,0
418.125,0
426.3333333333333,0
438.2916666666667,0
438.1666666666667,0
374.625,0
375.0416666666667,0
375.0,0
374.2916666666667,0
374.7916666666667,0
374.6666666666667,0
374.75,0
374.5833333333333,0
375.5,0
374.8333333333333,0
374.875,0
417.2083333333333,0
417.2083333333333,0
417.2083333333333,0
417.8333333333333,0
422.7083333333333,0
417.5416666666667,0
417.4166666666667,0
417.875,0
375.0,0
417.25,0
417.125,0
417.2916666666667,0
417.8333333333333,0
417.8333333333333,0
417.9583333333333,0
418.4166666666667,0
417.2916666666667,0
418.4166666666667,0
417.4166666666667,0
418.3333333333333,0
417.7916666666667,0
374.5,0
417.9583333333333,0
417.9166666666667,0
418.2083333333333,0
417.3333333333333,0
417.5,0
417.75,0
417.5,0
417.5,0
374.6666666666667,0
417.875,0
417.1666666666667,0
417.7083333333333,0
417.5,0
419.2083333333333,0
417.5416666666667,0
417.875,0
418.0833333333333,0
418.0,0
417.7916666666667,0
417.5833333333333,0
374.5,0
417.125,0
374.625,0
374.3333333333333,0
417.1666666666667,0
417.375,0
417.625,0
374.4166666666667,0
417.3333333333333,0
417.5833333333333,0
417.5416666666667,0
417.5416666666667,0
417.5416666666667,0
417.0833333333333,0
417.6666666666667,0
418.4166666666667,0
417.9583333333333,0
418.1666666666667,0
418.0,0
418.2916666666667,0
417.9583333333333,0
417.5833333333333,0
417.3333333333333,0
417.5833333333333,0
418.0416666666667,0
417.9583333333333,0
417.8333333333333,0
417.5833333333333,0
417.5416666666667,0
422.75,0
417.9583333333333,0
417.2083333333333,0
417.375,0
417.7083333333333,0
374.5833333333333,0
417.6666666666667,0
418.0416666666667,0
418.125,0
417.25,0
417.625,0
374.5833333333333,0
417.2916666666667,0
417.5833333333333,0
374.2083333333333,0
374.5416666666667,0
437.6666666666667,0
440.25,0
437.375,0
437.3333333333333,0
439.375,0
440.375,0
439.5,0
419.3333333333333,0
418.0,0
439.0,0
437.4166666666667,0
438.9583333333333,0
438.0416666666667,0
439.7083333333333,0
439.7083333333333,0
437.5833333333333,0
437.875,0
417.4166666666667,0
440.3333333333333,0
417.5,0
417.5416666666667,0
437.625,0
437.6666666666667,0
417.5416666666667,0
440.125,0
439.25,0
418.0,0
440.5833333333333,0
418.2916666666667,0
419.375,0
437.5416666666667,0
417.9166666666667,0
417.8333333333333,0
439.25,0
417.875,0
417.8333333333333,0
417.8333333333333,0
439.5,0
419.4166666666667,0
438.875,0
439.125,0
417.6666666666667,0
417.5833333333333,0
423.0,0
440.3333333333333,0
417.5833333333333,0
419.5,0
437.3333333333333,0
417.7083333333333,0
439.5,0
437.9166666666667,0
437.5,0
440.125,0
418.125,0
437.7916666666667,0
438.375,0
418.25,0
417.8333333333333,0
417.4583333333333,0
418.4166666666667,0
418.1666666666667,0
417.9583333333333,0
417.5,0
418.25,0
437.9583333333333,0
374.4166666666667,0
417.25,0
439.1666666666667,0
440.4583333333333,0
375.25,0
437.7083333333333,0
437.5416666666667,0
417.7083333333333,0
417.75,0
417.25,0
418.0,0
418.0833333333333,0
438.7083333333333,0
417.9166666666667,0
417.5833333333333,0
439.0833333333333,0
437.6666666666667,0
417.875,0
417.25,0
418.0416666666667,0
438.9166666666667,0
437.4583333333333,0
419.4166666666667,0
440.2083333333333,0
417.5416666666667,0
374.2916666666667,0
374.375,0
374.5,0
375.75,0
374.7083333333333,0
375.0833333333333,0
374.1666666666667,0
374.7916666666667,0
374.875,0
375.3333333333333,0
418.125,0
374.9166666666667,0
375.1666666666667,0
375.125,0
374.625,0
374.0833333333333,0
417.375,0
374.375,0
374.3333333333333,0
374.3333333333333,0
374.9166666666667,0
374.5416666666667,0
417.8333333333333,0
417.875,0
375.7083333333333,0
418.375,0
417.6666666666667,0
375.25,0
417.875,0
418.0833333333333,0
374.625,0
418.0833333333333,0
417.9166666666667,0
417.8333333333333,0
417.7083333333333,0
374.625,0
374.125,0
418.0833333333333,0
374.2916666666667,0
417.7916666666667,0
418.0833333333333,0
374.875,0
374.8333333333333,0
418.0,0
417.5416666666667,0
417.75,0
418.0833333333333,0
417.5416666666667,0
375.1666666666667,0
417.7083333333333,0
374.8333333333333,0
374.75,0
374.6666666666667,0
374.7083333333333,0
417.8333333333333,0
418.3333333333333,0
417.4166666666667,0
417.1666666666667,0
417.5,0
374.7083333333333,0
418.1666666666667,0
375.2916666666667,0
418.4166666666667,0
374.8333333333333,0
375.125,0
374.7916666666667,0
374.8333333333333,0
374.25,0
374.125,0
374.75,0
374.9166666666667,0
374.4583333333333,0
374.5416666666667,0
374.5416666666667,0
375.1666666666667,0
374.4166666666667,0
374.4583333333333,0
374.625,0
374.75,0
374.375,0
375.5416666666667,0
374.7083333333333,0
374.8333333333333,0
374.1666666666667,0
374.7916666666667,0
375.25,0
374.6666666666667,0
374.9166666666667,0
374.6666666666667,0
374.75,0
374.375,0
375.375,0
374.8333333333333,0
374.7916666666667,0
375.5833333333333,0
375.1666666666667,0
374.5833333333333,0
375.75,0
374.25,0
374.75,0
374.25,0
374.5416666666667,0
374.1666666666667,0
374.875,0
374.8333333333333,0
374.5,0
374.2916666666667,0
374.625,0
374.7916666666667,0
374.3333333333333,0
375.5,0
374.5416666666667,0
374.7916666666667,0
374.125,0
374.5833333333333,0
374.5833333333333,0
374.3333333333333,0
374.6666666666667,0
375.75,0
374.7083333333333,0
374.9166666666667,0
374.2916666666667,0
374.6666666666667,0
374.7083333333333,0
374.4583333333333,0
374.6666666666667,0
374.8333333333333,0
374.7916666666667,0
375.25,0
374.0833333333333,0
374.5833333333333,0
374.4166666666667,0
374.9583333333333,0
374.75,0
374.25,0
374.9166666666667,0
374.875,0
374.0416666666667,0
374.5833333333333,0
374.25,0
374.4583333333333,0
374.7083333333333,0
375.2083333333333,0
374.0833333333333,0
374.6666666666667,0
374.25,0
374.9166666666667,0
374.4166666666667,0
374.2916666666667,0
374.0833333333333,0
374.125,0
375.4583333333333,0
375.5416666666667,0
374.75,0
375.2083333333333,0
374.9583333333333,0
375.2083333333333,0
375.0,0
375.1666666666667,0
374.7083333333333,0
375.1666666666667,0
374.6666666666667,0
374.75,0
374.5,0
374.7083333333333,0
374.875,0
374.875,0
374.3333333333333,0
374.5416666666667,0
374.6666666666667,0
374.7916666666667,0
374.5,0
374.5833333333333,0
374.6666666666667,0
375.5,0
375.5416666666667,0
374.5416666666667,0
375.0416666666667,0
375.625,0
375.5,0
374.5833333333333,0
374.8333333333333,0
374.125,0
374.375,0
375.4583333333333,0
375.2083333333333,0
374.625,0
374.9166666666667,0
374.9166666666667,0
374.7916666666667,0
374.2083333333333,0
374.3333333333333,0
374.7083333333333,0
374.875,0
374.8333333333333,0
374.6666666666667,0
374.9166666666667,0
374.8333333333333,0
374.8333333333333,0
375.1666666666667,0
374.7083333333333,0
375.0,0
374.0833333333333,0
375.75,0
375.0833333333333,0
375.0833333333333,0
374.5416666666667,0
374.7916666666667,0
375.4166666666667,0
375.1666666666667,0
375.25,0
375.25,0
374.8333333333333,0
374.8333333333333,0
374.5,0
374.2916666666667,0
374.625,0
375.2083333333333,0
374.5416666666667,0
375.2083333333333,0
374.25,0
374.375,0
374.4166666666667,0
375.4583333333333,0
375.125,0
374.6666666666667,0
375.1666666666667,0
374.4166666666667,0
419.7916666666667,0
417.9583333333333,0
419.8333333333333,0
417.9166666666667,0
440.0833333333333,0
438.9166666666667,0
374.7916666666667,0
439.4166666666667,0
439.4583333333333,0
439.0416666666667,0
439.4583333333333,0
438.7916666666667,0
438.75,0
439.3333333333333,0
374.4583333333333,0
439.0833333333333,0
374.75,0
439.8333333333333,0
374.7916666666667,0
374.625,0
374.7083333333333,0
439.8333333333333,0
438.9583333333333,0
439.0416666666667,0
374.9583333333333,0
374.875,0
438.5416666666667,0
438.5833333333333,0
374.7916666666667,0
375.125,0
374.5,0
438.9166666666667,0
438.7916666666667,0
438.875,0
374.7083333333333,0
440.0416666666667,0
439.25,0
374.2916666666667,0
374.4166666666667,0
439.5,0
374.625,0
374.4583333333333,0
375.2083333333333,0
374.5,0
374.75,0
439.5833333333333,0
438.8333333333333,0
374.8333333333333,0
374.5416666666667,0
374.875,0
374.9166666666667,0
375.2083333333333,0
374.5833333333333,0
374.75,0
374.875,0
374.875,0
374.7916666666667,0
374.8333333333333,0
375.2916666666667,0
438.0416666666667,0
375.0416666666667,0
438.7083333333333,0
374.4166666666667,0
374.8333333333333,0
375.1666666666667,0
438.6666666666667,0
439.2916666666667,0
440.0416666666667,0
439.5833333333333,0
374.875,0
439.5416666666667,0
440.0833333333333,0
439.4166666666667,0
439.7916666666667,0
438.6666666666667,0
438.5833333333333,0
375.1666666666667,0
439.0833333333333,0
439.5833333333333,0
439.875,0
375.2916666666667,0
438.7083333333333,0
374.7083333333333,0
374.4166666666667,0
374.7916666666667,0
438.9583333333333,0
439.4583333333333,0
374.4583333333333,0
438.875,0
374.7083333333333,0
374.5,0
374.625,0
439.5833333333333,0
438.7916666666667,0
374.9166666666667,0
438.9166666666667,0
438.5416666666667,0
439.6666666666667,0
374.75,0
439.25,0
374.8333333333333,0
439.875,0
439.5833333333333,0
374.7916666666667,0
439.5416666666667,0
374.5,0
375.0,0
439.5833333333333,0
438.1666666666667,0
374.8333333333333,0
438.7083333333333,0
374.5833333333333,0
438.75,0
374.4583333333333,0
374.75,0
438.8333333333333,0
374.7916666666667,0
438.1666666666667,0
375.25,0
438.9583333333333,0
438.75,0
439.7083333333333,0
375.0416666666667,0
438.5833333333333,0
375.2083333333333,0
374.7083333333333,0
374.75,0
374.75,0
375.375,0
438.625,0
439.0,0
439.7916666666667,0
438.7083333333333,0
439.25,0
438.25,0
439.4166666666667,0
374.9166666666667,0
439.75,0
439.5416666666667,0
374.5416666666667,0
374.8333333333333,0
438.8333333333333,0
374.5833333333333,0
374.7916666666667,0
374.2916666666667,0
374.75,0
439.75,0
374.75,0
438.4166666666667,0
438.5,0
374.75,0
374.8333333333333,0
439.5833333333333,0
439.375,0
439.8333333333333,0
439.6666666666667,0
374.9166666666667,0
374.75,0
374.6666666666667,0
374.25,0
375.3333333333333,0
438.5,0
375.0,0
438.0,0
374.8333333333333,0
375.0,0
375.0416666666667,0
438.875,0
375.2083333333333,0
375.1666666666667,0
375.1666666666667,0
374.8333333333333,0
438.125,0
374.4583333333333,0
374.6666666666667,0
374.75,0
374.6666666666667,0
374.7083333333333,0
374.8333333333333,0
375.0,0
438.9583333333333,0
374.7083333333333,0
438.0,0
375.0416666666667,0
375.0833333333333,0
439.3333333333333,0
439.1666666666667,0
438.625,0
374.75,0
439.125,0
374.8333333333333,0
374.6666666666667,0
438.4583333333333,0
433.3333333333333,0
374.9166666666667,0
439.5,0
374.9583333333333,0
374.4583333333333,0
439.0416666666667,0
374.5,0
438.9583333333333,0
375.2083333333333,0
375.25,0
374.6666666666667,0
439.0,0
439.5416666666667,0
433.0833333333333,0
396.625,0
438.6666666666667,0
374.625,0
374.7916666666667,0
375.125,0
438.625,0
438.5416666666667,0
375.2083333333333,0
433.2916666666667,0
438.5416666666667,0
374.6666666666667,0
438.5,0
374.7083333333333,0
440.0833333333333,0
438.0,0
437.75,0
439.5416666666667,0
374.5416666666667,0
374.875,0
439.4583333333333,0
375.2916666666667,0
374.875,0
433.25,0
438.625,0
374.875,0
438.5833333333333,0
374.5,0
438.5416666666667,0
374.4583333333333,0
375.125,0
438.9166666666667,0
439.5,0
374.625,0
375.2083333333333,0
374.875,0
438.9166666666667,0
439.4583333333333,0
375.3333333333333,0
374.875,0
439.5416666666667,0
438.2083333333333,0
374.5416666666667,0
439.5,0
374.4166666666667,0
374.1666666666667,0
375.0416666666667,0
439.9583333333333,0
374.75,0
375.25,0
375.6666666666667,0
375.2083333333333,0
438.4583333333333,0
374.4583333333333,0
374.7083333333333,0
375.0,0
374.5,0
439.0833333333333,0
438.2083333333333,0
438.75,0
375.25,0
438.75,0
375.0416666666667,0
433.375,0
374.2083333333333,0
439.75,0
375.1666666666667,0
375.2083333333333,0
439.25,0
438.3333333333333,0
433.25,0
374.8333333333333,0
438.8333333333333,0
375.25,0
438.875,0
375.3333333333333,0
375.2916666666667,0
419.4583333333333,0
396.2083333333333,0
396.625,0
419.5416666666667,0
396.5833333333333,0
396.625,0
396.6666666666667,0
396.375,0
419.4583333333333,0
396.2916666666667,0
318.2916666666667,0
251.04166666666666,0
396.0833333333333,0
419.5416666666667,0
396.625,0
396.9166666666667,0
396.5833333333333,0
396.8333333333333,0
396.375,0
419.6666666666667,0
396.2083333333333,0
397.0833333333333,0
396.4166666666667,0
396.7083333333333,0
396.5,0
396.875,0
396.6666666666667,0
396.3333333333333,0
396.5,0
419.875,0
419.2916666666667,0
419.375,0
417.7916666666667,0
396.8333333333333,0
396.625,0
396.9583333333333,0
396.375,0
396.5833333333333,0
396.4166666666667,0
396.4166666666667,0
396.5833333333333,0
397.0416666666667,0
396.6666666666667,0
324.5416666666667,0
396.625,0
396.125,0
396.4583333333333,0
396.5416666666667,0
419.625,0
396.875,0
396.875,0
396.4583333333333,0
396.75,0
396.5833333333333,0
396.4583333333333,0
396.75,0
396.2916666666667,0
396.5833333333333,0
396.5416666666667,0
396.625,0
396.5,0
396.5,0
391.25,0
396.5,0
396.7916666666667,0
419.5,0
396.6666666666667,0
396.4166666666667,0
396.4583333333333,0
396.5416666666667,0
396.9583333333333,0
396.4583333333333,0
396.5833333333333,0
396.375,0
396.9583333333333,0
396.4166666666667,0
396.7083333333333,0
396.125,0
396.4583333333333,0
396.7916666666667,0
396.5833333333333,0
396.6666666666667,0
396.625,0
396.8333333333333,0
396.7916666666667,0
396.25,0
396.375,0
396.5833333333333,0
397.0416666666667,0
396.75,0
396.375,0
396.5416666666667,0
396.3333333333333,0
396.875,0
245.08333333333334,0
396.3333333333333,0
396.625,0
396.375,0
396.625,0
396.5833333333333,0
396.8333333333333,0
396.2916666666667,0
396.625,0
396.75,0
396.625,0
419.5,0
396.5416666666667,0
396.25,0
396.4166666666667,0
396.5416666666667,0
396.5,0
418.6666666666667,0
396.5416666666667,0
396.5416666666667,0
396.2916666666667,0
396.625,0
396.4166666666667,0
396.7916666666667,0
396.5416666666667,0
396.9166666666667,0
396.375,0
396.375,0
396.4583333333333,0
419.3333333333333,0
396.5,0
396.5,0
419.4583333333333,0
396.375,0
396.5833333333333,0
419.375,0
53.75,0
396.9166666666667,0
132.875,0
396.7083333333333,0
396.4583333333333,0
396.875,0
419.7083333333333,0
396.625,0
359.75,0
396.5833333333333,0
396.4166666666667,0
396.5833333333333,0
396.8333333333333,0
396.2916666666667,0
418.2916666666667,0
268.1666666666667,0
419.8333333333333,0
396.25,0
419.375,0
396.4166666666667,0
396.5416666666667,0
396.7083333333333,0
396.8333333333333,0
396.6666666666667,0
418.125,0
396.2916666666667,0
396.5416666666667,0
396.875,0
396.4166666666667,0
396.3333333333333,0
396.625,0
396.125,0
329.0416666666667,0
396.7916666666667,0
397.0416666666667,0
396.6666666666667,0
396.125,0
396.7916666666667,0
396.625,0
396.25,0
396.3333333333333,0
396.7083333333333,0
417.7916666666667,0
396.7083333333333,0
396.4583333333333,0
396.7916666666667,0
419.75,0
419.6666666666667,0
396.2083333333333,0
396.5,0
396.5833333333333,0
396.25,0
419.875,0
396.7083333333333,0
396.2916666666667,0
418.2916666666667,0
417.9583333333333,0
396.3333333333333,0
419.5833333333333,0
396.625,0
396.75,0
396.7916666666667,0
396.5833333333333,0
396.25,0
396.5416666666667,0
396.375,0
396.625,0
396.5416666666667,0
396.5,0
397.0,0
396.1666666666667,0
396.9583333333333,0
396.7083333333333,0
396.625,0
396.6666666666667,0
396.625,0
396.75,0
396.6666666666667,0
396.5416666666667,0
396.6666666666667,0
397.0,0
396.4166666666667,0
396.3333333333333,0
396.3333333333333,0
396.5833333333333,0
396.5,0
396.625,0
396.3333333333333,0
396.0416666666667,0
396.5,0
396.125,0
396.5,0
396.7083333333333,0
396.6666666666667,0
396.375,0
396.75,0
396.5833333333333,0
396.6666666666667,0
396.0416666666667,0
396.9166666666667,0
396.6666666666667,0
397.0,0
396.2916666666667,0
396.75,0
396.25,0
396.4166666666667,0
396.7083333333333,0
396.625,0
396.5416666666667,0
396.6666666666667,0
397.0,0
396.4166666666667,0
396.375,0
396.625,0
396.6666666666667,0
396.2083333333333,0
396.7083333333333,0
396.375,0
396.625,0
396.5416666666667,0
396.5416666666667,0
396.875,0
396.25,0
396.5,0
396.5833333333333,0
396.3333333333333,0
396.625,0
396.4583333333333,0
396.7083333333333,0
396.2916666666667,0
396.5,0
397.0416666666667,0
396.2083333333333,0
396.0833333333333,0
396.4583333333333,0
396.2916666666667,0
396.5,0
396.4583333333333,0
396.375,0
396.5833333333333,0
419.5,0
396.3333333333333,0
396.1666666666667,0
396.375,0
396.2916666666667,0
396.875,0
396.5416666666667,0
396.6666666666667,0
396.5,0
396.9583333333333,0
396.125,0
396.4166666666667,0
396.875,0
396.5,0
396.6666666666667,0
396.4166666666667,0
396.5833333333333,0
396.9583333333333,0
396.7916666666667,0
396.75,0
396.7083333333333,0
396.5833333333333,0
396.7083333333333,0
396.6666666666667,0
397.4583333333333,0
396.5833333333333,0
396.625,0
396.7083333333333,0
397.2916666666667,0
396.7083333333333,0
397.375,0
396.7916666666667,0
396.875,0
396.8333333333333,0
396.5,0
396.875,0
397.625,0
396.8333333333333,0
396.875,0
396.5416666666667,0
419.5833333333333,0
396.8333333333333,0
396.25,0
396.25,0
396.8333333333333,0
396.7083333333333,0
396.625,0
396.3333333333333,0
396.7916666666667,0
396.9166666666667,0
396.75,0
397.0416666666667,0
396.7916666666667,0
419.625,0
396.875,0
418.0,0
396.2916666666667,0
396.5,0
418.3333333333333,0
396.25,0
396.25,0
397.0,0
418.0416666666667,0
396.4166666666667,0
396.7083333333333,0
418.375,0
396.5,0
397.0,0
396.3333333333333,0
396.2916666666667,0
396.7083333333333,0
417.375,0
417.9583333333333,0
418.25,0
396.4583333333333,0
418.125,0
419.5416666666667,0
396.75,0
396.5,0
419.3333333333333,0
397.0,0
397.0833333333333,0
396.5,0
397.0416666666667,0
419.5833333333333,0
418.0416666666667,0
418.125,0
397.0833333333333,0
419.8333333333333,0
396.75,0
419.6666666666667,0
397.0416666666667,0
396.8333333333333,0
419.625,0
419.7916666666667,0
396.5416666666667,0
396.75,0
396.2916666666667,0
418.0,0
417.75,0
396.5416666666667,0
396.9583333333333,0
396.875,0
418.0416666666667,0
396.7916666666667,0
396.625,0
396.3333333333333,0
396.5833333333333,0
396.4583333333333,0
397.0833333333333,0
418.125,0
417.7083333333333,0
397.0,0
417.4583333333333,0
396.5833333333333,0
396.5833333333333,0
396.5416666666667,0
396.2083333333333,0
396.375,0
418.0833333333333,0
419.5416666666667,0
396.625,0
417.4166666666667,0
417.375,0
417.4583333333333,0
419.625,0
396.5,0
417.75,0
418.375,0
419.2916666666667,0
419.9166666666667,0
396.6666666666667,0
397.0416666666667,0
417.7083333333333,0
419.75,0
417.4583333333333,0
397.6666666666667,0
418.0416666666667,0
396.625,0
396.9166666666667,0
419.75,0
396.5833333333333,0
396.9166666666667,0
396.5833333333333,0
396.8333333333333,0
396.6666666666667,0
396.5416666666667,0
396.875,0
396.5,0
417.375,0
396.625,0
396.2083333333333,0
419.75,0
417.5,0
419.625,0
397.0,0
396.75,0
396.625,0
396.25,0
396.8333333333333,0
419.7916666666667,0
419.625,0
397.0,0
419.6666666666667,0
418.125,0
419.375,0
396.5,0
417.7083333333333,0
397.0,0
417.8333333333333,0
396.5,0
417.9166666666667,0
396.9166666666667,0
396.7916666666667,0
417.4166666666667,0
419.4166666666667,0
419.5416666666667,0
396.4583333333333,0
396.5416666666667,0
396.4583333333333,0
396.5,0
396.75,0
396.7916666666667,0
396.8333333333333,0
396.625,0
419.5833333333333,0
396.875,0
419.5833333333333,0
419.7083333333333,0
396.5416666666667,0
397.0,0
396.375,0
396.875,0
396.75,0
396.25,0
396.5833333333333,0
396.9166666666667,0
396.125,0
396.6666666666667,0
419.8333333333333,0
396.75,0
396.2916666666667,0
396.4583333333333,0
396.6666666666667,0
397.0,0
396.6666666666667,0
396.625,0
396.6666666666667,0
396.625,0
396.625,0
396.5,0
396.7083333333333,0
396.7916666666667,0
396.2916666666667,0
419.625,0
396.5416666666667,0
396.4583333333333,0
396.625,0
396.8333333333333,0
397.6666666666667,0
417.7916666666667,0
417.7083333333333,0
396.375,0
396.4166666666667,0
397.0,0
396.375,0
417.75,0
396.3333333333333,0
418.0416666666667,0
418.0833333333333,0
417.4166666666667,0
417.4583333333333,0
417.5833333333333,0
396.9166666666667,0
396.75,0
418.0,0
396.8333333333333,0
396.8333333333333,0
418.0833333333333,0
396.2916666666667,0
396.5,0
396.6666666666667,0
396.875,0
396.5,0
417.75,0
396.8333333333333,0
396.5833333333333,0
419.7916666666667,0
396.375,0
397.5,0
417.4166666666667,0
396.625,0
396.625,0
396.7916666666667,0
417.75,0
396.4166666666667,0
397.0833333333333,0
396.625,0
417.75,0
397.7916666666667,0
417.75,0
396.3333333333333,0
396.5833333333333,0
396.5833333333333,0
417.7083333333333,0
397.0416666666667,0
396.2083333333333,0
396.875,0
419.5416666666667,0
396.4583333333333,0
417.75,0
396.7083333333333,0
396.5416666666667,0
396.875,0
396.625,0
396.3333333333333,0
396.8333333333333,0
396.5,0
418.0833333333333,0
396.75,0
397.2916666666667,0
396.875,0
419.2916666666667,0
397.75,0
397.4583333333333,0
396.9166666666667,0
396.5,0
397.4166666666667,0
419.7083333333333,0
396.7916666666667,0
396.5416666666667,0
396.75,0
396.4166666666667,0
396.6666666666667,0
396.625,0
396.8333333333333,0
396.2083333333333,0
396.75,0
418.0416666666667,0
397.7916666666667,0
396.8333333333333,0
396.4583333333333,0
396.7083333333333,0
396.5833333333333,0
396.4583333333333,0
418.2083333333333,0
418.375,0
397.5833333333333,0
396.625,0
397.7083333333333,0
396.9166666666667,0
397.625,0
396.875,0
396.4583333333333,0
396.6666666666667,0
397.8333333333333,0
418.0,0
396.5833333333333,0
396.4166666666667,0
396.7083333333333,0
419.7083333333333,0
396.6666666666667,0
396.5,0
396.75,0
396.375,0
396.7916666666667,0
418.0,0
396.5833333333333,0
396.5416666666667,0
396.4583333333333,0
396.5,0
396.375,0
417.9166666666667,0
396.5,0
396.7916666666667,0
396.7083333333333,0
396.2083333333333,0
396.5416666666667,0
397.3333333333333,0
418.375,0
418.25,0
396.4583333333333,0
396.7083333333333,0
396.5,0
396.4583333333333,0
396.1666666666667,0
417.8333333333333,0
396.2083333333333,0
396.25,0
418.25,0
397.75,0
397.0,0
396.4583333333333,0
396.8333333333333,0
396.4583333333333,0
396.7916666666667,0
396.6666666666667,0
396.25,0
396.75,0
396.625,0
396.5833333333333,0
397.0833333333333,0
396.9583333333333,0
396.3333333333333,0
397.4583333333333,0
396.7916666666667,0
396.75,0
396.5,0
396.8333333333333,0
396.7083333333333,0
396.25,0
396.375,0
396.2916666666667,0
396.7083333333333,0
396.875,0
396.0833333333333,0
418.1666666666667,0
396.375,0
396.25,0
396.625,0
396.75,0
396.5,0
396.7916666666667,0
396.2916666666667,0
417.875,0
417.8333333333333,0
396.75,0
396.5416666666667,0
418.1666666666667,0
397.2916666666667,0
397.0416666666667,0
396.2916666666667,0
396.9166666666667,0
396.4166666666667,0
396.6666666666667,0
418.25,0
396.7083333333333,0
396.625,0
396.75,0
396.4583333333333,0
396.5416666666667,0
396.4166666666667,0
397.3333333333333,0
396.4583333333333,0
396.3333333333333,0
396.6666666666667,0
396.5416666666667,0
396.625,0
396.25,0
396.7916666666667,0
396.8333333333333,0
396.8333333333333,0
397.0833333333333,0
396.4166666666667,0
396.5,0
397.7083333333333,0
397.6666666666667,0
397.7916666666667,0
417.9166666666667,0
396.8333333333333,0
418.2083333333333,0
397.375,0
419.6666666666667,0
418.1666666666667,0
396.8333333333333,0
396.9166666666667,0
418.1666666666667,0
396.875,0
396.5,0
419.6666666666667,0
396.2083333333333,0
396.6666666666667,0
397.0416666666667,0
396.2916666666667,0
396.875,0
417.7916666666667,0
396.7083333333333,0
396.75,0
396.7083333333333,0
396.8333333333333,0
397.4583333333333,0
396.7916666666667,0
397.5,0
396.8333333333333,0
396.75,0
396.3333333333333,0
396.2916666666667,0
397.8333333333333,0
396.5833333333333,0
396.625,0
396.9583333333333,0
397.0833333333333,0
396.7083333333333,0
396.2083333333333,0
396.7916666666667,0
396.8333333333333,0
396.375,0
418.2083333333333,0
418.0,0
417.875,0
418.2083333333333,0
397.375,0
396.5833333333333,0
396.5416666666667,0
396.2916666666667,0
396.5833333333333,0
396.25,0
396.7083333333333,0
396.7083333333333,0
397.5416666666667,0
419.375,0
396.4166666666667,0
397.3333333333333,0
396.4583333333333,0
396.2916666666667,0
396.6666666666667,0
396.9583333333333,0
418.3333333333333,0
396.5416666666667,0
396.875,0
397.0,0
397.0416666666667,0
396.7083333333333,0
396.5416666666667,0
396.6666666666667,0
396.5416666666667,0
396.2916666666667,0
396.4583333333333,0
396.75,0
396.4166666666667,0
396.5833333333333,0
396.25,0
418.0833333333333,0
396.3333333333333,0
396.1666666666667,0
396.7916666666667,0
396.5416666666667,0
396.5416666666667,0
418.0833333333333,0
396.3333333333333,0
396.5833333333333,0
396.625,0
396.7083333333333,0
396.5416666666667,0
396.7083333333333,0
396.6666666666667,0
396.875,0
396.5,0
419.7083333333333,0
396.7916666666667,0
396.6666666666667,0
397.0833333333333,0
396.3333333333333,0
396.75,0
396.3333333333333,0
396.5833333333333,0
396.25,0
397.7083333333333,0
396.875,0
419.6666666666667,0
396.4583333333333,0
419.7083333333333,0
396.9166666666667,0
396.8333333333333,0
396.875,0
396.5416666666667,0
396.7083333333333,0
419.5416666666667,0
396.4166666666667,0
396.2916666666667,0
396.4583333333333,0
396.75,0
396.875,0
396.25,0
396.5,0
396.4583333333333,0
396.5416666666667,0
396.75,0
396.2916666666667,0
396.9583333333333,0
396.4583333333333,0
396.7083333333333,0
396.5833333333333,0
396.3333333333333,0
417.875,0
396.25,0
396.5,0
396.375,0
396.7916666666667,0
396.7083333333333,0
396.5833333333333,0
396.5416666666667,0
396.875,0
396.5833333333333,0
396.7083333333333,0
396.875,0
396.7916666666667,0
418.0,0
396.8333333333333,0
396.625,0
418.0416666666667,0
396.4583333333333,0
396.5416666666667,0
396.7916666666667,0
396.5833333333333,0
418.3333333333333,0
397.0416666666667,0
396.9166666666667,0
396.75,0
396.2083333333333,0
396.7083333333333,0
396.5416666666667,0
396.75,0
396.375,0
396.9166666666667,0
396.4166666666667,0
418.0833333333333,0
396.7916666666667,0
396.2083333333333,0
396.2916666666667,0
419.375,0
397.4166666666667,0
396.7916666666667,0
396.5,0
396.5833333333333,0
396.9583333333333,0
397.5833333333333,0
396.6666666666667,0
396.6666666666667,0
396.4166666666667,0
396.7083333333333,0
396.625,0
396.75,0
397.3333333333333,0
396.7083333333333,0
397.5,0
396.6666666666667,0
396.75,0
396.6666666666667,0
396.6666666666667,0
396.25,0
396.5416666666667,0
396.625,0
396.4166666666667,0
397.0416666666667,0
396.5833333333333,0
417.875,0
419.625,0
396.375,0
396.9583333333333,0
396.4166666666667,0
396.2083333333333,0
396.5833333333333,0
396.5,0
396.7916666666667,0
396.2916666666667,0
396.75,0
396.25,0
418.0833333333333,0
396.3333333333333,0
396.4583333333333,0
417.7083333333333,0
217.79166666666666,0
396.4583333333333,0
219.125,0
218.95833333333334,0
219.20833333333334,0
396.3333333333333,0
718.7083333333334,0
718.8333333333334,0
718.0416666666666,0
718.4583333333334,0
738.625,0
738.9583333333334,0
739.0,0
738.5416666666666,0
738.8333333333334,0
738.6666666666666,0
739.125,0
739.0,0
738.6666666666666,0
738.5416666666666,0
739.1666666666666,0
738.5833333333334,0
738.875,0
738.5,0
738.5,0
739.0,0
738.4166666666666,0
738.9166666666666,0
739.0,0
739.0,0
738.4166666666666,0
738.875,0
739.125,0
738.9583333333334,0
739.125,0
738.4166666666666,0
738.5,0
738.5,0
739.0416666666666,0
738.6666666666666,0
738.5833333333334,0
738.7916666666666,0
738.875,0
738.9166666666666,0
738.375,0
738.375,0
739.0833333333334,0
738.7083333333334,0
738.625,0
738.9166666666666,0
738.7083333333334,0
738.7083333333334,0
738.4583333333334,0
738.5833333333334,0
738.875,0
738.9583333333334,0
738.6666666666666,0
502.0416666666667,0
502.125,0
502.125,0
218.375,0
502.7083333333333,0
502.3333333333333,0
707.6666666666666,0
468.375,0
583.9583333333334,0
567.0416666666666,0
567.0416666666666,0
566.75,0
566.9583333333334,0
566.75,0
567.4166666666666,0
566.8333333333334,0
567.0416666666666,0
542.2916666666666,0
600.5416666666666,0
567.0833333333334,0
567.1666666666666,0
600.8333333333334,0
576.625,0
575.9166666666666,0
567.0833333333334,0
619.9583333333334,0
567.0416666666666,0
566.9166666666666,0
563.8333333333334,0
542.625,0
567.2083333333334,0
600.375,0
566.875,0
567.2916666666666,0
600.875,0
567.0,0
597.5416666666666,0
542.5416666666666,0
542.6666666666666,0
600.2916666666666,0
571.5416666666666,0
567.2083333333334,0
566.9583333333334,0
567.4166666666666,0
542.625,0
571.5833333333334,0
600.4583333333334,0
604.75,0
542.6666666666666,0
600.375,0
617.375,0
567.0416666666666,0
572.4583333333334,0
567.0,0
600.2916666666666,0
467.9583333333333,0
503.5,0
503.6666666666667,0
503.4166666666667,0
474.875,0
475.875,0
218.08333333333334,0
439.1666666666667,0
437.9583333333333,0
474.8333333333333,0
433.4583333333333,0
418.125,0
468.0833333333333,0
468.0833333333333,0
468.625,0
467.9583333333333,0
218.625,0
468.3333333333333,0
218.25,0
475.25,0
218.16666666666666,0
503.0833333333333,0
474.7083333333333,0
474.8333333333333,0
474.625,0
503.375,0
503.25,0
219.875,0
474.4166666666667,0
468.375,0
503.4583333333333,0
474.75,0
503.7083333333333,0
475.0416666666667,0
503.5416666666667,0
481.0416666666667,0
217.875,0
439.5833333333333,0
503.625,0
503.5833333333333,0
418.7916666666667,0
417.3333333333333,0
421.2083333333333,0
418.5,0
418.5833333333333,0
290.0,0
280.3333333333333,0
422.625,0
418.375,0
420.75,0
418.6666666666667,0
423.0416666666667,0
418.7916666666667,0
417.8333333333333,0
422.4166666666667,0
418.4583333333333,0
418.6666666666667,0
418.875,0
420.7916666666667,0
418.75,0
418.8333333333333,0
360.8333333333333,0
422.5,0
422.6666666666667,0
417.875,0
208.70833333333334,0
423.0,0
417.2916666666667,0
418.9166666666667,0
420.75,0
422.9166666666667,0
418.9583333333333,0
107.75,0
234.95833333333334,0
364.3333333333333,0
42.708333333333336,0
230.70833333333334,0
335.9583333333333,0
227.875,0
270.0,0
242.45833333333334,0
249.20833333333334,0
376.9583333333333,0
249.25,0
218.33333333333334,0
219.16666666666666,0
182.29166666666666,0
219.16666666666666,0
219.0,0
219.16666666666666,0
218.95833333333334,0
219.29166666666666,0
218.29166666666666,0
219.16666666666666,0
219.25,0
219.125,0
218.875,0
218.0,0
218.08333333333334,0
285.0833333333333,0
218.29166666666666,0
293.0833333333333,0
219.08333333333334,0
217.75,0
218.33333333333334,0
217.45833333333334,0
304.25,0
219.16666666666666,0
217.45833333333334,0
217.83333333333334,0
219.04166666666666,0
218.0,0
217.95833333333334,0
217.66666666666666,0
217.875,0
217.45833333333334,0
217.95833333333334,0
218.875,0
218.25,0
221.29166666666666,0
218.25,0
217.83333333333334,0
217.875,0
218.04166666666666,0
221.25,0
217.83333333333334,0
218.29166666666666,0
217.375,0
218.0,0
221.33333333333334,0
217.91666666666666,0
217.66666666666666,0
218.08333333333334,0
217.54166666666666,0
218.79166666666666,0
218.83333333333334,0
218.79166666666666,0
205.91666666666666,0
219.08333333333334,0
291.1666666666667,0
221.33333333333334,0
218.33333333333334,0
217.79166666666666,0
219.0,0
217.83333333333334,0
219.0,0
219.20833333333334,0
174.875,0
221.375,0
217.54166666666666,0
221.29166666666666,0
219.125,0
217.91666666666666,0
219.16666666666666,0
332.2916666666667,0
218.04166666666666,0
217.95833333333334,0
219.25,0
217.91666666666666,0
217.625,0
218.04166666666666,0
221.125,0
219.04166666666666,0
217.33333333333334,0
219.04166666666666,0
217.54166666666666,0
218.08333333333334,0
221.33333333333334,0
219.20833333333334,0
219.0,0
217.70833333333334,0
217.375,0
217.91666666666666,0
218.0,0
217.91666666666666,0
221.375,0
219.25,0
219.20833333333334,0
221.54166666666666,0
221.25,0
217.75,0
217.83333333333334,0
218.125,0
218.0,0
218.125,0
218.16666666666666,0
218.0,0
218.0,0
218.16666666666666,0
219.04166666666666,0
217.75,0
217.625,0
218.20833333333334,0
217.33333333333334,0
218.33333333333334,0
218.08333333333334,0
217.33333333333334,0
218.16666666666666,0
218.08333333333334,0
218.33333333333334,0
218.125,0
217.95833333333334,0
217.5,0
218.16666666666666,0
217.91666666666666,0
219.04166666666666,0
218.95833333333334,0
218.04166666666666,0
217.375,0
217.58333333333334,0
217.58333333333334,0
218.04166666666666,0
217.91666666666666,0
217.33333333333334,0
311.25,0
221.41666666666666,0
306.9166666666667,0
217.45833333333334,0
218.25,0
218.79166666666666,0
217.625,0
217.625,0
255.54166666666666,0
217.66666666666666,0
217.95833333333334,0
218.95833333333334,0
219.41666666666666,0
217.625,0
218.83333333333334,0
218.125,0
81.83333333333333,0
397.5833333333333,0
396.4583333333333,0
397.25,0
396.4583333333333,0
396.4583333333333,0
217.79166666666666,0
221.41666666666666,0
218.125,0
217.75,0
218.04166666666666,0
218.16666666666666,0
398.0,0
218.54166666666666,0
221.375,0
218.08333333333334,0
217.5,0
217.54166666666666,0
217.625,0
217.5,0
217.91666666666666,0
218.16666666666666,0
218.0,0
217.54166666666666,0
217.5,0
397.6666666666667,0
218.20833333333334,0
218.33333333333334,0
218.375,0
221.58333333333334,0
217.70833333333334,0
218.08333333333334,0
217.33333333333334,0
164.83333333333334,0
218.25,0
217.70833333333334,0
217.45833333333334,0
221.41666666666666,0
217.5,0
217.625,0
217.91666666666666,0
221.33333333333334,0
217.875,0
217.66666666666666,0
217.95833333333334,0
217.33333333333334,0
164.29166666666666,0
193.75,0
4.666666666666667,0
175.125,0
306.1666666666667,0
306.2083333333333,0
306.2916666666667,0
305.125,0
304.375,0
305.0416666666667,0
304.4166666666667,0
305.125,0
306.3333333333333,0
305.3333333333333,0
304.4583333333333,0
306.3333333333333,0
306.2916666666667,0
306.25,0
306.3333333333333,0
304.75,0
304.75,0
306.0833333333333,0
304.7916666666667,0
305.0,0
306.2916666666667,0
304.9166666666667,0
304.9583333333333,0
304.9583333333333,0
304.5,0
304.625,0
304.7083333333333,0
304.625,0
304.7083333333333,0
304.875,0
304.5416666666667,0
305.0416666666667,0
304.9166666666667,0
304.75,0
304.9166666666667,0
304.6666666666667,0
306.4166666666667,0
304.9583333333333,0
304.8333333333333,0
254.625,0
165.41666666666666,0
256.0,0
254.375,0
166.625,0
193.625,0
165.5,0
166.5,0
254.625,0
165.16666666666666,0
165.20833333333334,0
254.54166666666666,0
164.70833333333334,0
164.45833333333334,0
165.29166666666666,0
193.25,0
255.41666666666666,0
166.33333333333334,0
194.41666666666666,0
255.58333333333334,0
255.625,0
255.91666666666666,0
164.875,0
164.70833333333334,0
256.0833333333333,0
254.875,0
254.79166666666666,0
193.95833333333334,0
164.54166666666666,0
165.875,0
194.33333333333334,0
254.58333333333334,0
165.625,0
165.25,0
166.625,0
256.4166666666667,0
193.79166666666666,0
254.625,0
165.25,0
166.66666666666666,0
165.66666666666666,0
166.5,0
194.20833333333334,0
254.70833333333334,0
254.58333333333334,0
254.66666666666666,0
255.70833333333334,0
254.5,0
255.04166666666666,0
165.45833333333334,0
254.66666666666666,0
164.375,0
254.625,0
256.2083333333333,0
165.08333333333334,0
256.5833333333333,0
165.29166666666666,0
193.70833333333334,0
193.83333333333334,0
166.75,0
165.20833333333334,0
166.79166666666666,0
254.66666666666666,0
165.70833333333334,0
193.625,0
254.25,0
166.54166666666666,0
194.125,0
254.41666666666666,0
194.20833333333334,0
165.25,0
193.95833333333334,0
254.54166666666666,0
194.04166666666666,0
254.58333333333334,0
165.125,0
164.95833333333334,0
254.25,0
165.04166666666666,0
255.75,0
255.0,0
164.91666666666666,0
256.5,0
194.16666666666666,0
256.2083333333333,0
193.95833333333334,0
194.0,0
193.54166666666666,0
193.79166666666666,0
254.70833333333334,0
165.04166666666666,0
174.125,0
254.54166666666666,0
164.45833333333334,0
193.625,0
165.33333333333334,0
254.75,0
193.875,0
254.91666666666666,0
165.5,0
194.25,0
165.125,0
193.125,0
193.66666666666666,0
165.04166666666666,0
257.2916666666667,0
254.41666666666666,0
164.79166666666666,0
165.04166666666666,0
194.04166666666666,0
255.70833333333334,0
193.125,0
193.75,0
164.95833333333334,0
194.20833333333334,0
193.375,0
164.95833333333334,0
164.25,0
165.04166666666666,0
165.16666666666666,0
257.5,0
255.91666666666666,0
165.16666666666666,0
165.375,0
165.16666666666666,0
193.91666666666666,0
254.75,0
193.45833333333334,0
254.33333333333334,0
165.79166666666666,0
193.54166666666666,0
166.41666666666666,0
193.66666666666666,0
164.41666666666666,0
254.91666666666666,0
254.91666666666666,0
165.0,0
193.95833333333334,0
254.66666666666666,0
193.79166666666666,0
193.58333333333334,0
254.375,0
194.25,0
256.125,0
193.70833333333334,0
193.5,0
193.79166666666666,0
193.375,0
254.79166666666666,0
257.125,0
165.79166666666666,0
165.125,0
193.625,0
254.91666666666666,0
193.70833333333334,0
164.83333333333334,0
165.54166666666666,0
256.7083333333333,0
165.33333333333334,0
256.4583333333333,0
255.54166666666666,0
256.2083333333333,0
193.95833333333334,0
164.58333333333334,0
255.75,0
174.41666666666666,0
166.41666666666666,0
165.29166666666666,0
164.83333333333334,0
255.66666666666666,0
194.04166666666666,0
164.75,0
174.66666666666666,0
165.04166666666666,0
165.54166666666666,0
165.33333333333334,0
193.25,0
174.66666666666666,0
165.45833333333334,0
194.125,0
165.0,0
166.5,0
166.54166666666666,0
194.41666666666666,0
167.04166666666666,0
166.5,0
165.33333333333334,0
193.95833333333334,0
165.33333333333334,0
165.45833333333334,0
254.58333333333334,0
164.95833333333334,0
165.375,0
254.5,0
254.75,0
254.54166666666666,0
165.66666666666666,0
165.20833333333334,0
255.91666666666666,0
254.5,0
254.58333333333334,0
165.16666666666666,0
255.0,0
174.20833333333334,0
164.91666666666666,0
165.25,0
167.0,0
165.125,0
165.25,0
255.41666666666666,0
254.75,0
166.58333333333334,0
165.125,0
255.54166666666666,0
194.04166666666666,0
164.625,0
164.75,0
166.75,0
166.16666666666666,0
255.5,0
164.95833333333334,0
254.29166666666666,0
193.375,0
164.95833333333334,0
166.45833333333334,0
165.04166666666666,0
165.70833333333334,0
165.70833333333334,0
174.25,0
164.875,0
193.58333333333334,0
255.5,0
256.25,0
165.16666666666666,0
164.91666666666666,0
164.95833333333334,0
165.45833333333334,0
193.5,0
165.25,0
165.75,0
165.25,0
174.58333333333334,0
166.41666666666666,0
165.875,0
164.58333333333334,0
165.16666666666666,0
193.625,0
165.125,0
255.79166666666666,0
165.16666666666666,0
165.08333333333334,0
165.16666666666666,0
255.41666666666666,0
193.83333333333334,0
166.625,0
193.75,0
193.91666666666666,0
193.95833333333334,0
255.41666666666666,0
254.58333333333334,0
165.20833333333334,0
165.16666666666666,0
255.91666666666666,0
193.95833333333334,0
164.58333333333334,0
165.375,0
194.16666666666666,0
165.08333333333334,0
165.83333333333334,0
254.625,0
165.33333333333334,0
165.125,0
255.875,0
164.75,0
193.91666666666666,0
165.29166666666666,0
165.625,0
254.5,0
194.16666666666666,0
165.08333333333334,0
193.75,0
255.45833333333334,0
165.45833333333334,0
166.33333333333334,0
165.45833333333334,0
164.58333333333334,0
164.70833333333334,0
254.875,0
174.54166666666666,0
194.0,0
255.04166666666666,0
256.25,0
165.375,0
165.375,0
165.29166666666666,0
174.25,0
193.41666666666666,0
164.83333333333334,0
165.58333333333334,0
165.375,0
165.33333333333334,0
254.5,0
255.04166666666666,0
194.08333333333334,0
256.1666666666667,0
166.79166666666666,0
193.45833333333334,0
165.29166666666666,0
254.45833333333334,0
254.95833333333334,0
255.58333333333334,0
165.04166666666666,0
165.20833333333334,0
194.125,0
165.79166666666666,0
165.04166666666666,0
164.79166666666666,0
254.875,0
165.41666666666666,0
254.33333333333334,0
165.875,0
255.83333333333334,0
256.7916666666667,0
166.625,0
255.875,0
165.25,0
164.75,0
166.79166666666666,0
164.75,0
164.70833333333334,0
254.58333333333334,0
256.1666666666667,0
255.41666666666666,0
164.25,0
165.875,0
193.5,0
165.33333333333334,0
166.58333333333334,0
165.79166666666666,0
165.70833333333334,0
255.95833333333334,0
166.83333333333334,0
164.875,0
164.79166666666666,0
165.58333333333334,0
255.83333333333334,0
193.875,0
166.54166666666666,0
164.5,0
164.875,0
256.0416666666667,0
254.91666666666666,0
193.875,0
194.125,0
254.83333333333334,0
174.16666666666666,0
174.20833333333334,0
255.0,0
255.75,0
194.0,0
165.33333333333334,0
164.20833333333334,0
194.20833333333334,0
174.20833333333334,0
164.95833333333334,0
193.70833333333334,0
256.5,0
164.70833333333334,0
256.125,0
254.54166666666666,0
164.66666666666666,0
254.83333333333334,0
165.83333333333334,0
165.0,0
254.83333333333334,0
256.2916666666667,0
165.125,0
166.375,0
164.91666666666666,0
193.875,0
165.29166666666666,0
174.58333333333334,0
164.5,0
254.5,0
254.91666666666666,0
255.95833333333334,0
255.54166666666666,0
174.08333333333334,0
165.33333333333334,0
165.45833333333334,0
256.125,0
194.04166666666666,0
166.95833333333334,0
166.5,0
254.66666666666666,0
174.08333333333334,0
193.54166666666666,0
166.83333333333334,0
254.45833333333334,0
256.4166666666667,0
166.79166666666666,0
254.875,0
193.5,0
254.75,0
254.625,0
193.58333333333334,0
254.41666666666666,0
193.54166666666666,0
165.41666666666666,0
165.375,0
255.41666666666666,0
164.79166666666666,0
166.54166666666666,0
193.79166666666666,0
165.91666666666666,0
164.70833333333334,0
166.33333333333334,0
165.0,0
254.375,0
165.91666666666666,0
255.33333333333334,0
174.625,0
165.625,0
256.4166666666667,0
164.83333333333334,0
255.5,0
166.5,0
165.125,0
254.83333333333334,0
165.375,0
165.91666666666666,0
165.20833333333334,0
165.20833333333334,0
165.29166666666666,0
164.95833333333334,0
164.875,0
254.54166666666666,0
254.95833333333334,0
174.5,0
194.0,0
167.0,0
164.625,0
165.5,0
254.625,0
164.83333333333334,0
166.20833333333334,0
167.08333333333334,0
256.4166666666667,0
164.91666666666666,0
255.75,0
254.58333333333334,0
255.95833333333334,0
194.08333333333334,0
165.45833333333334,0
165.125,0
254.08333333333334,0
255.5,0
165.33333333333334,0
165.20833333333334,0
254.95833333333334,0
165.41666666666666,0
254.66666666666666,0
193.91666666666666,0
167.0,0
193.70833333333334,0
164.91666666666666,0
164.54166666666666,0
255.625,0
254.5,0
193.83333333333334,0
164.54166666666666,0
255.91666666666666,0
254.95833333333334,0
256.125,0
255.58333333333334,0
193.04166666666666,0
254.95833333333334,0
165.0,0
164.375,0
255.08333333333334,0
256.2916666666667,0
165.0,0
254.54166666666666,0
254.875,0
165.33333333333334,0
255.04166666666666,0
254.75,0
254.54166666666666,0
164.70833333333334,0
193.95833333333334,0
254.41666666666666,0
257.1666666666667,0
193.625,0
193.58333333333334,0
193.58333333333334,0
193.875,0
194.08333333333334,0
254.75,0
193.5,0
164.41666666666666,0
164.54166666666666,0
254.83333333333334,0
254.83333333333334,0
254.625,0
254.79166666666666,0
255.0,0
165.375,0
254.375,0
193.5,0
194.08333333333334,0
257.375,0
256.1666666666667,0
164.875,0
255.0,0
254.625,0
254.5,0
255.04166666666666,0
257.0416666666667,0
256.375,0
257.1666666666667,0
193.70833333333334,0
254.5,0
254.45833333333334,0
254.91666666666666,0
256.7083333333333,0
194.08333333333334,0
254.79166666666666,0
257.4583333333333,0
193.70833333333334,0
255.5,0
254.70833333333334,0
254.54166666666666,0
257.4166666666667,0
257.2083333333333,0
254.41666666666666,0
193.54166666666666,0
194.125,0
254.83333333333334,0
164.70833333333334,0
254.66666666666666,0
193.83333333333334,0
256.0416666666667,0
254.45833333333334,0
257.125,0
193.70833333333334,0
193.70833333333334,0
256.0416666666667,0
165.0,0
194.29166666666666,0
164.83333333333334,0
254.375,0
254.79166666666666,0
255.0,0
254.66666666666666,0
254.66666666666666,0
164.66666666666666,0
193.58333333333334,0
254.75,0
164.91666666666666,0
194.08333333333334,0
256.0,0
164.5,0
254.29166666666666,0
193.41666666666666,0
164.75,0
254.625,0
254.66666666666666,0
165.25,0
164.16666666666666,0
193.5,0
254.79166666666666,0
193.5,0
164.5,0
193.58333333333334,0
193.875,0
254.95833333333334,0
166.66666666666666,0
165.625,0
254.54166666666666,0
193.45833333333334,0
255.625,0
165.20833333333334,0
165.41666666666666,0
164.54166666666666,0
254.83333333333334,0
166.20833333333334,0
165.125,0
166.5,0
254.875,0
166.29166666666666,0
166.54166666666666,0
166.70833333333334,0
255.95833333333334,0
164.58333333333334,0
165.08333333333334,0
193.83333333333334,0
165.33333333333334,0
165.375,0
193.66666666666666,0
256.2083333333333,0
165.58333333333334,0
254.83333333333334,0
165.33333333333334,0
164.66666666666666,0
164.66666666666666,0
174.45833333333334,0
166.75,0
165.0,0
254.875,0
166.79166666666666,0
164.79166666666666,0
166.45833333333334,0
165.41666666666666,0
165.91666666666666,0
165.41666666666666,0
165.16666666666666,0
165.75,0
165.25,0
165.625,0
165.16666666666666,0
167.08333333333334,0
193.25,0
254.54166666666666,0
164.66666666666666,0
193.66666666666666,0
255.70833333333334,0
254.45833333333334,0
255.04166666666666,0
255.70833333333334,0
193.70833333333334,0
254.875,0
255.41666666666666,0
165.41666666666666,0
164.54166666666666,0
254.75,0
255.0,0
254.33333333333334,0
164.875,0
256.375,0
254.41666666666666,0
165.0,0
254.41666666666666,0
193.125,0
165.125,0
164.625,0
166.58333333333334,0
255.625,0
164.66666666666666,0
256.0,0
254.83333333333334,0
255.83333333333334,0
255.91666666666666,0
256.25,0
165.08333333333334,0
255.5,0
256.5,0
193.75,0
165.04166666666666,0
255.54166666666666,0
255.83333333333334,0
254.58333333333334,0
255.375,0
193.875,0
164.875,0
256.4166666666667,0
164.91666666666666,0
164.75,0
193.41666666666666,0
254.29166666666666,0
166.75,0
254.75,0
164.875,0
193.95833333333334,0
193.70833333333334,0
194.08333333333334,0
254.45833333333334,0
165.375,0
255.95833333333334,0
164.91666666666666,0
165.16666666666666,0
194.08333333333334,0
255.375,0
254.75,0
164.79166666666666,0
254.83333333333334,0
255.95833333333334,0
165.04166666666666,0
193.91666666666666,0
255.91666666666666,0
193.95833333333334,0
165.04166666666666,0
194.0,0
254.83333333333334,0
193.625,0
254.5,0
254.625,0
256.25,0
255.0,0
257.1666666666667,0
257.4166666666667,0
193.625,0
164.375,0
254.875,0
193.66666666666666,0
165.16666666666666,0
254.54166666666666,0
255.54166666666666,0
254.625,0
193.83333333333334,0
254.66666666666666,0
255.0,0
254.91666666666666,0
254.625,0
165.25,0
254.875,0
256.4583333333333,0
164.29166666666666,0
193.625,0
254.66666666666666,0
254.70833333333334,0
165.0,0
254.95833333333334,0
254.875,0
254.875,0
256.5833333333333,0
193.54166666666666,0
256.375,0
254.54166666666666,0
165.45833333333334,0
164.95833333333334,0
254.5,0
193.375,0
257.0416666666667,0
165.04166666666666,0
254.66666666666666,0
254.83333333333334,0
193.45833333333334,0
255.0,0
164.91666666666666,0
165.41666666666666,0
254.5,0
193.66666666666666,0
254.70833333333334,0
193.33333333333334,0
255.0,0
193.70833333333334,0
194.29166666666666,0
166.70833333333334,0
165.70833333333334,0
174.33333333333334,0
164.95833333333334,0
174.29166666666666,0
255.58333333333334,0
165.33333333333334,0
193.66666666666666,0
193.16666666666666,0
166.75,0
166.75,0
193.5,0
165.54166666666666,0
165.70833333333334,0
193.91666666666666,0
193.75,0
166.66666666666666,0
165.41666666666666,0
255.54166666666666,0
165.16666666666666,0
194.04166666666666,0
165.54166666666666,0
164.79166666666666,0
165.375,0
193.91666666666666,0
174.66666666666666,0
165.16666666666666,0
255.75,0
165.0,0
254.83333333333334,0
255.5,0
254.91666666666666,0
165.375,0
194.0,0
254.83333333333334,0
174.54166666666666,0
166.58333333333334,0
254.75,0
254.66666666666666,0
193.58333333333334,0
254.79166666666666,0
254.5,0
193.875,0
254.41666666666666,0
193.04166666666666,0
165.375,0
164.75,0
194.125,0
254.5,0
164.625,0
193.75,0
164.75,0
193.58333333333334,0
254.375,0
165.0,0
254.95833333333334,0
256.3333333333333,0
165.20833333333334,0
254.41666666666666,0
164.91666666666666,0
194.125,0
193.5,0
254.66666666666666,0
165.16666666666666,0
254.91666666666666,0
193.54166666666666,0
193.75,0
165.08333333333334,0
193.58333333333334,0
254.79166666666666,0
256.4583333333333,0
193.66666666666666,0
193.66666666666666,0
193.5,0
254.66666666666666,0
256.75,0
254.54166666666666,0
193.45833333333334,0
165.375,0
254.5,0
254.375,0
254.875,0
193.625,0
254.58333333333334,0
164.625,0
254.41666666666666,0
193.875,0
194.04166666666666,0
165.0,0
193.875,0
254.66666666666666,0
254.41666666666666,0
193.66666666666666,0
254.41666666666666,0
193.5,0
256.5416666666667,0
193.45833333333334,0
254.54166666666666,0
164.75,0
193.625,0
254.33333333333334,0
193.75,0
193.45833333333334,0
193.5,0
193.58333333333334,0
254.75,0
254.20833333333334,0
256.25,0
254.91666666666666,0
257.0,0
254.66666666666666,0
254.625,0
254.58333333333334,0
164.58333333333334,0
255.70833333333334,0
165.45833333333334,0
194.125,0
164.75,0
256.4166666666667,0
254.79166666666666,0
194.04166666666666,0
254.25,0
256.625,0
256.4583333333333,0
193.75,0
193.95833333333334,0
254.83333333333334,0
254.41666666666666,0
254.08333333333334,0
254.79166666666666,0
257.5416666666667,0
164.79166666666666,0
165.20833333333334,0
165.33333333333334,0
254.83333333333334,0
256.3333333333333,0
165.08333333333334,0
193.5,0
256.2916666666667,0
254.45833333333334,0
165.04166666666666,0
164.54166666666666,0
256.75,0
193.54166666666666,0
193.91666666666666,0
193.79166666666666,0
193.79166666666666,0
256.25,0
257.4583333333333,0
193.54166666666666,0
254.58333333333334,0
254.75,0
164.45833333333334,0
254.45833333333334,0
254.20833333333334,0
193.79166666666666,0
193.45833333333334,0
193.75,0
254.33333333333334,0
193.45833333333334,0
193.70833333333334,0
254.95833333333334,0
193.95833333333334,0
194.04166666666666,0
193.54166666666666,0
256.75,0
255.83333333333334,0
254.83333333333334,0
193.91666666666666,0
254.58333333333334,0
254.58333333333334,0
194.16666666666666,0
254.54166666666666,0
254.58333333333334,0
194.0,0
194.08333333333334,0
254.54166666666666,0
165.25,0
254.45833333333334,0
254.91666666666666,0
193.58333333333334,0
193.54166666666666,0
257.5,0
254.875,0
193.125,0
254.91666666666666,0
193.58333333333334,0
193.91666666666666,0
257.5416666666667,0
193.66666666666666,0
164.66666666666666,0
164.58333333333334,0
193.91666666666666,0
193.79166666666666,0
164.625,0
164.95833333333334,0
254.75,0
254.5,0
257.0,0
254.58333333333334,0
254.33333333333334,0
193.70833333333334,0
256.4166666666667,0
165.0,0
254.54166666666666,0
164.95833333333334,0
193.45833333333334,0
164.875,0
254.625,0
165.66666666666666,0
164.5,0
254.91666666666666,0
194.08333333333334,0
193.83333333333334,0
164.79166666666666,0
254.95833333333334,0
254.625,0
254.45833333333334,0
193.91666666666666,0
254.75,0
256.5416666666667,0
254.5,0
164.625,0
254.45833333333334,0
256.0416666666667,0
254.70833333333334,0
255.0,0
254.91666666666666,0
254.5,0
164.875,0
193.41666666666666,0
254.70833333333334,0
254.875,0
255.66666666666666,0
193.75,0
255.04166666666666,0
193.875,0
257.1666666666667,0
193.75,0
255.5,0
254.79166666666666,0
193.83333333333334,0
256.2083333333333,0
193.375,0
255.54166666666666,0
257.25,0
255.83333333333334,0
257.5833333333333,0
255.79166666666666,0
194.0,0
254.875,0
254.16666666666666,0
194.0,0
254.75,0
255.08333333333334,0
257.125,0
254.70833333333334,0
164.79166666666666,0
193.375,0
164.79166666666666,0
194.16666666666666,0
255.375,0
164.29166666666666,0
193.29166666666666,0
257.3333333333333,0
165.125,0
164.375,0
164.91666666666666,0
193.79166666666666,0
254.91666666666666,0
256.0416666666667,0
254.95833333333334,0
255.0,0
165.125,0
193.79166666666666,0
193.875,0
193.95833333333334,0
254.79166666666666,0
254.83333333333334,0
254.79166666666666,0
256.5416666666667,0
254.875,0
193.70833333333334,0
165.54166666666666,0
254.41666666666666,0
193.20833333333334,0
254.29166666666666,0
254.5,0
193.875,0
193.08333333333334,0
254.33333333333334,0
193.54166666666666,0
193.875,0
193.08333333333334,0
165.54166666666666,0
193.45833333333334,0
254.70833333333334,0
256.2916666666667,0
164.41666666666666,0
256.125,0
193.875,0
193.83333333333334,0
254.58333333333334,0
254.95833333333334,0
256.2083333333333,0
254.54166666666666,0
254.375,0
165.5,0
255.0,0
165.125,0
255.75,0
254.125,0
254.45833333333334,0
193.70833333333334,0
194.08333333333334,0
194.16666666666666,0
254.66666666666666,0
165.5,0
254.625,0
254.625,0
193.33333333333334,0
193.08333333333334,0
165.41666666666666,0
254.79166666666666,0
254.75,0
254.5,0
193.66666666666666,0
254.5,0
254.75,0
254.75,0
254.41666666666666,0
256.6666666666667,0
164.95833333333334,0
193.95833333333334,0
193.95833333333334,0
194.125,0
193.375,0
193.5,0
254.875,0
256.2916666666667,0
164.33333333333334,0
165.04166666666666,0
164.95833333333334,0
194.16666666666666,0
193.375,0
194.16666666666666,0
254.875,0
193.75,0
193.625,0
254.75,0
164.16666666666666,0
193.5,0
165.375,0
164.83333333333334,0
256.2916666666667,0
254.04166666666666,0
193.66666666666666,0
254.375,0
165.375,0
255.75,0
254.33333333333334,0
194.125,0
164.75,0
180.41666666666666,0
254.95833333333334,0
254.58333333333334,0
193.91666666666666,0
256.375,0
164.29166666666666,0
254.375,0
256.5416666666667,0
193.875,0
254.45833333333334,0
254.75,0
254.29166666666666,0
257.5833333333333,0
254.625,0
254.91666666666666,0
193.54166666666666,0
193.83333333333334,0
193.5,0
254.29166666666666,0
254.41666666666666,0
254.41666666666666,0
257.375,0
254.29166666666666,0
254.66666666666666,0
165.08333333333334,0
164.45833333333334,0
164.54166666666666,0
254.79166666666666,0
165.04166666666666,0
164.5,0
256.2083333333333,0
164.79166666666666,0
254.04166666666666,0
193.58333333333334,0
254.66666666666666,0
193.125,0
254.54166666666666,0
254.91666666666666,0
164.29166666666666,0
193.91666666666666,0
193.70833333333334,0
164.95833333333334,0
255.79166666666666,0
254.5,0
164.83333333333334,0
193.625,0
254.29166666666666,0
193.91666666666666,0
194.125,0
254.58333333333334,0
256.7083333333333,0
164.83333333333334,0
164.91666666666666,0
254.5,0
254.75,0
164.20833333333334,0
254.79166666666666,0
165.0,0
254.70833333333334,0
193.875,0
164.66666666666666,0
254.58333333333334,0
164.95833333333334,0
193.91666666666666,0
193.58333333333334,0
193.79166666666666,0
254.41666666666666,0
256.375,0
254.79166666666666,0
256.375,0
254.95833333333334,0
193.41666666666666,0
164.33333333333334,0
254.83333333333334,0
254.95833333333334,0
254.91666666666666,0
254.70833333333334,0
165.33333333333334,0
164.45833333333334,0
164.70833333333334,0
257.0,0
164.16666666666666,0
257.375,0
165.0,0
254.54166666666666,0
254.5,0
257.5416666666667,0
193.16666666666666,0
193.625,0
193.75,0
256.3333333333333,0
193.54166666666666,0
194.0,0
165.08333333333334,0
254.25,0
254.66666666666666,0
254.45833333333334,0
164.58333333333334,0
255.75,0
255.75,0
254.5,0
193.95833333333334,0
256.2083333333333,0
164.75,0
254.41666666666666,0
257.2083333333333,0
165.29166666666666,0
194.04166666666666,0
164.45833333333334,0
257.25,0
193.70833333333334,0
254.58333333333334,0
256.6666666666667,0
255.41666666666666,0
193.41666666666666,0
254.5,0
256.625,0
194.0,0
256.3333333333333,0
165.41666666666666,0
256.75,0
164.95833333333334,0
193.625,0
194.0,0
194.0,0
164.66666666666666,0
193.75,0
256.7083333333333,0
256.5,0
193.16666666666666,0
193.75,0
194.0,0
254.41666666666666,0
164.41666666666666,0
194.04166666666666,0
193.95833333333334,0
255.875,0
257.625,0
254.91666666666666,0
193.45833333333334,0
193.91666666666666,0
254.58333333333334,0
254.625,0
193.75,0
193.66666666666666,0
194.04166666666666,0
193.875,0
254.83333333333334,0
164.625,0
254.58333333333334,0
193.625,0
193.625,0
255.58333333333334,0
254.54166666666666,0
254.25,0
193.66666666666666,0
164.91666666666666,0
164.58333333333334,0
193.95833333333334,0
193.08333333333334,0
193.58333333333334,0
256.0833333333333,0
254.45833333333334,0
193.625,0
256.0,0
254.79166666666666,0
254.875,0
254.375,0
257.2916666666667,0
254.70833333333334,0
164.45833333333334,0
193.16666666666666,0
164.41666666666666,0
193.54166666666666,0
254.83333333333334,0
254.70833333333334,0
256.5,0
193.25,0
193.45833333333334,0
254.58333333333334,0
193.54166666666666,0
254.625,0
254.375,0
255.33333333333334,0
254.91666666666666,0
194.08333333333334,0
193.95833333333334,0
255.875,0
194.04166666666666,0
194.04166666666666,0
254.875,0
194.04166666666666,0
254.58333333333334,0
255.79166666666666,0
254.54166666666666,0
164.625,0
194.08333333333334,0
165.125,0
164.41666666666666,0
193.79166666666666,0
193.66666666666666,0
194.29166666666666,0
254.91666666666666,0
254.5,0
164.41666666666666,0
254.58333333333334,0
193.75,0
257.5833333333333,0
257.2916666666667,0
255.95833333333334,0
254.75,0
193.25,0
254.875,0
254.5,0
255.95833333333334,0
193.54166666666666,0
193.875,0
254.54166666666666,0
254.83333333333334,0
165.5,0
193.91666666666666,0
164.45833333333334,0
256.125,0
193.70833333333334,0
193.29166666666666,0
165.375,0
194.08333333333334,0
193.375,0
193.70833333333334,0
193.75,0
193.91666666666666,0
193.79166666666666,0
254.83333333333334,0
193.83333333333334,0
164.54166666666666,0
165.16666666666666,0
193.66666666666666,0
165.125,0
256.625,0
254.33333333333334,0
254.33333333333334,0
254.58333333333334,0
164.875,0
193.66666666666666,0
254.95833333333334,0
254.54166666666666,0
193.83333333333334,0
254.58333333333334,0
254.25,0
254.79166666666666,0
165.20833333333334,0
255.75,0
254.45833333333334,0
193.625,0
254.625,0
254.45833333333334,0
193.45833333333334,0
254.33333333333334,0
254.54166666666666,0
194.125,0
255.45833333333334,0
194.08333333333334,0
193.91666666666666,0
194.0,0
165.20833333333334,0
165.08333333333334,0
164.70833333333334,0
256.7916666666667,0
194.125,0
194.04166666666666,0
193.91666666666666,0
193.33333333333334,0
254.5,0
254.66666666666666,0
255.875,0
164.70833333333334,0
164.79166666666666,0
165.41666666666666,0
256.2083333333333,0
193.625,0
255.70833333333334,0
254.70833333333334,0
254.41666666666666,0
194.04166666666666,0
254.45833333333334,0
193.75,0
164.79166666666666,0
254.25,0
193.5,0
193.70833333333334,0
164.91666666666666,0
165.25,0
164.70833333333334,0
257.2916666666667,0
254.5,0
254.29166666666666,0
254.625,0
164.54166666666666,0
193.625,0
254.95833333333334,0
193.375,0
193.66666666666666,0
256.1666666666667,0
254.625,0
164.79166666666666,0
164.66666666666666,0
193.625,0
254.54166666666666,0
193.79166666666666,0
165.33333333333334,0
257.4166666666667,0
194.08333333333334,0
164.70833333333334,0
255.70833333333334,0
194.0,0
193.58333333333334,0
164.95833333333334,0
164.58333333333334,0
256.0,0
255.16666666666666,0
164.83333333333334,0
254.08333333333334,0
254.54166666666666,0
255.0,0
255.66666666666666,0
165.29166666666666,0
164.45833333333334,0
254.625,0
193.20833333333334,0
193.54166666666666,0
254.625,0
255.95833333333334,0
194.20833333333334,0
254.08333333333334,0
193.54166666666666,0
193.70833333333334,0
193.5,0
254.58333333333334,0
193.16666666666666,0
164.5,0
165.33333333333334,0
164.83333333333334,0
257.0416666666667,0
193.95833333333334,0
254.04166666666666,0
257.5,0
257.0,0
193.625,0
193.5,0
165.04166666666666,0
193.375,0
165.375,0
254.83333333333334,0
254.41666666666666,0
254.91666666666666,0
255.375,0
164.95833333333334,0
254.54166666666666,0
254.41666666666666,0
255.91666666666666,0
194.0,0
194.04166666666666,0
193.625,0
254.91666666666666,0
194.33333333333334,0
254.70833333333334,0
193.83333333333334,0
254.41666666666666,0
254.33333333333334,0
254.58333333333334,0
254.41666666666666,0
254.83333333333334,0
255.08333333333334,0
255.0,0
254.5,0
164.20833333333334,0
254.58333333333334,0
254.625,0
165.5,0
254.70833333333334,0
255.79166666666666,0
254.375,0
256.2916666666667,0
256.25,0
254.45833333333334,0
255.0,0
193.875,0
193.95833333333334,0
255.625,0
255.58333333333334,0
255.83333333333334,0
165.25,0
193.91666666666666,0
165.20833333333334,0
193.75,0
165.25,0
164.95833333333334,0
166.5,0
254.70833333333334,0
255.875,0
194.0,0
254.375,0
167.04166666666666,0
254.79166666666666,0
165.70833333333334,0
194.0,0
254.83333333333334,0
164.83333333333334,0
193.33333333333334,0
257.0833333333333,0
164.91666666666666,0
254.79166666666666,0
254.70833333333334,0
256.0833333333333,0
193.95833333333334,0
166.79166666666666,0
174.375,0
165.0,0
193.66666666666666,0
165.58333333333334,0
165.0,0
165.83333333333334,0
166.54166666666666,0
193.20833333333334,0
194.29166666666666,0
165.58333333333334,0
164.95833333333334,0
165.29166666666666,0
194.0,0
166.54166666666666,0
165.0,0
255.58333333333334,0
165.08333333333334,0
166.83333333333334,0
165.125,0
256.4583333333333,0
255.66666666666666,0
254.70833333333334,0
254.45833333333334,0
193.875,0
255.375,0
194.04166666666666,0
193.29166666666666,0
165.16666666666666,0
165.54166666666666,0
164.375,0
254.54166666666666,0
165.58333333333334,0
194.25,0
164.25,0
164.5,0
254.66666666666666,0
165.125,0
256.25,0
165.0,0
165.04166666666666,0
193.41666666666666,0
164.75,0
193.375,0
164.95833333333334,0
254.91666666666666,0
254.54166666666666,0
194.04166666666666,0
165.08333333333334,0
193.91666666666666,0
164.66666666666666,0
256.0833333333333,0
256.375,0
164.625,0
255.75,0
164.83333333333334,0
166.16666666666666,0
164.625,0
256.375,0
166.41666666666666,0
255.75,0
165.20833333333334,0
165.45833333333334,0
165.125,0
165.33333333333334,0
254.83333333333334,0
166.16666666666666,0
193.625,0
254.75,0
194.45833333333334,0
254.66666666666666,0
254.45833333333334,0
256.3333333333333,0
193.20833333333334,0
254.79166666666666,0
254.875,0
255.0,0
194.08333333333334,0
165.54166666666666,0
174.125,0
165.08333333333334,0
193.66666666666666,0
254.91666666666666,0
254.58333333333334,0
166.91666666666666,0
193.70833333333334,0
254.54166666666666,0
165.66666666666666,0
165.25,0
193.625,0
254.875,0
193.41666666666666,0
174.45833333333334,0
255.875,0
165.41666666666666,0
254.58333333333334,0
194.45833333333334,0
165.625,0
164.45833333333334,0
165.16666666666666,0
167.04166666666666,0
257.375,0
166.66666666666666,0
165.29166666666666,0
256.125,0
194.125,0
194.125,0
166.75,0
166.83333333333334,0
165.125,0
165.29166666666666,0
166.58333333333334,0
165.58333333333334,0
255.83333333333334,0
254.875,0
165.5,0
254.625,0
254.79166666666666,0
165.0,0
194.16666666666666,0
165.45833333333334,0
194.08333333333334,0
165.29166666666666,0
174.33333333333334,0
193.875,0
193.54166666666666,0
164.70833333333334,0
194.20833333333334,0
254.91666666666666,0
254.41666666666666,0
165.0,0
166.95833333333334,0
254.66666666666666,0
194.16666666666666,0
193.54166666666666,0
166.375,0
254.45833333333334,0
165.375,0
165.16666666666666,0
165.08333333333334,0
165.20833333333334,0
194.33333333333334,0
165.29166666666666,0
194.04166666666666,0
164.83333333333334,0
165.16666666666666,0
165.45833333333334,0
164.95833333333334,0
165.0,0
164.70833333333334,0
165.08333333333334,0
254.5,0
193.625,0
164.875,0
165.66666666666666,0
254.66666666666666,0
254.95833333333334,0
255.79166666666666,0
165.125,0
165.91666666666666,0
165.25,0
255.45833333333334,0
165.25,0
165.29166666666666,0
165.33333333333334,0
254.79166666666666,0
164.91666666666666,0
165.45833333333334,0
254.79166666666666,0
166.625,0
255.58333333333334,0
165.41666666666666,0
194.08333333333334,0
254.70833333333334,0
255.79166666666666,0
166.33333333333334,0
165.08333333333334,0
193.91666666666666,0
166.45833333333334,0
194.25,0
164.91666666666666,0
255.79166666666666,0
166.25,0
166.75,0
165.58333333333334,0
166.66666666666666,0
256.4166666666667,0
165.125,0
255.95833333333334,0
166.58333333333334,0
166.75,0
165.0,0
193.5,0
165.0,0
174.41666666666666,0
165.0,0
166.5,0
165.16666666666666,0
165.45833333333334,0
165.375,0
165.79166666666666,0
256.1666666666667,0
256.2083333333333,0
255.95833333333334,0
194.33333333333334,0
164.79166666666666,0
193.66666666666666,0
193.79166666666666,0
166.70833333333334,0
165.08333333333334,0
166.41666666666666,0
255.875,0
165.5,0
193.375,0
193.875,0
194.20833333333334,0
194.125,0
254.66666666666666,0
166.54166666666666,0
164.95833333333334,0
166.95833333333334,0
166.45833333333334,0
164.5,0
174.5,0
255.125,0
255.0,0
256.25,0
256.625,0
194.0,0
165.16666666666666,0
256.4583333333333,0
255.125,0
164.875,0
165.0,0
255.04166666666666,0
254.70833333333334,0
193.79166666666666,0
193.45833333333334,0
193.41666666666666,0
193.375,0
254.375,0
194.41666666666666,0
254.54166666666666,0
164.58333333333334,0
254.54166666666666,0
255.875,0
194.45833333333334,0
193.83333333333334,0
254.45833333333334,0
254.54166666666666,0
193.75,0
165.375,0
165.29166666666666,0
255.04166666666666,0
254.58333333333334,0
165.0,0
165.29166666666666,0
255.75,0
193.20833333333334,0
164.58333333333334,0
254.5,0
164.58333333333334,0
254.66666666666666,0
254.54166666666666,0
254.625,0
255.125,0
255.70833333333334,0
193.45833333333334,0
193.79166666666666,0
165.04166666666666,0
254.41666666666666,0
254.79166666666666,0
164.54166666666666,0
254.75,0
165.79166666666666,0
164.75,0
165.91666666666666,0
254.79166666666666,0
255.91666666666666,0
194.16666666666666,0
254.41666666666666,0
164.83333333333334,0
193.66666666666666,0
255.375,0
166.875,0
193.79166666666666,0
194.20833333333334,0
255.875,0
165.29166666666666,0
193.125,0
193.83333333333334,0
165.29166666666666,0
164.83333333333334,0
165.29166666666666,0
165.625,0
166.66666666666666,0
257.25,0
165.41666666666666,0
165.20833333333334,0
254.45833333333334,0
166.70833333333334,0
165.66666666666666,0
165.45833333333334,0
254.41666666666666,0
165.04166666666666,0
193.29166666666666,0
165.33333333333334,0
255.79166666666666,0
254.66666666666666,0
193.95833333333334,0
254.875,0
256.5416666666667,0
165.5,0
174.625,0
165.33333333333334,0
254.5,0
165.5,0
165.33333333333334,0
193.70833333333334,0
165.41666666666666,0
174.16666666666666,0
254.16666666666666,0
164.95833333333334,0
255.79166666666666,0
194.29166666666666,0
255.91666666666666,0
257.4583333333333,0
193.54166666666666,0
166.625,0
256.0833333333333,0
165.125,0
193.41666666666666,0
166.75,0
193.875,0
254.625,0
165.375,0
256.0416666666667,0
193.45833333333334,0
193.41666666666666,0
256.3333333333333,0
164.91666666666666,0
193.58333333333334,0
194.29166666666666,0
193.91666666666666,0
165.45833333333334,0
165.20833333333334,0
166.625,0
166.58333333333334,0
165.79166666666666,0
166.70833333333334,0
164.875,0
256.25,0
164.5,0
193.5,0
165.83333333333334,0
165.04166666666666,0
193.58333333333334,0
193.625,0
164.75,0
165.41666666666666,0
256.25,0
193.54166666666666,0
174.25,0
254.45833333333334,0
166.45833333333334,0
255.08333333333334,0
254.70833333333334,0
165.5,0
193.83333333333334,0
165.16666666666666,0
165.33333333333334,0
256.5833333333333,0
193.875,0
254.70833333333334,0
255.70833333333334,0
164.75,0
165.45833333333334,0
193.79166666666666,0
166.20833333333334,0
165.625,0
166.54166666666666,0
165.16666666666666,0
255.125,0
255.45833333333334,0
164.95833333333334,0
165.08333333333334,0
165.20833333333334,0
174.25,0
165.0,0
164.91666666666666,0
165.375,0
174.70833333333334,0
254.625,0
193.875,0
194.375,0
164.91666666666666,0
255.0,0
165.5,0
165.45833333333334,0
256.5416666666667,0
193.95833333333334,0
255.83333333333334,0
254.29166666666666,0
255.91666666666666,0
256.0416666666667,0
254.95833333333334,0
256.0416666666667,0
164.91666666666666,0
193.58333333333334,0
254.875,0
257.5833333333333,0
165.0,0
194.0,0
165.41666666666666,0
165.54166666666666,0
256.2916666666667,0
254.45833333333334,0
165.04166666666666,0
193.20833333333334,0
165.16666666666666,0
193.5,0
254.625,0
257.0833333333333,0
194.04166666666666,0
193.29166666666666,0
256.0833333333333,0
255.83333333333334,0
165.25,0
193.70833333333334,0
165.33333333333334,0
255.0,0
256.4583333333333,0
164.95833333333334,0
254.625,0
165.20833333333334,0
165.25,0
193.41666666666666,0
194.16666666666666,0
165.41666666666666,0
166.83333333333334,0
166.75,0
164.625,0
165.875,0
166.54166666666666,0
165.66666666666666,0
165.08333333333334,0
193.33333333333334,0
255.58333333333334,0
193.66666666666666,0
164.625,0
193.33333333333334,0
254.66666666666666,0
165.08333333333334,0
164.79166666666666,0
164.79166666666666,0
164.95833333333334,0
194.25,0
165.04166666666666,0
166.83333333333334,0
164.83333333333334,0
166.91666666666666,0
165.0,0
255.91666666666666,0
165.54166666666666,0
256.3333333333333,0
174.375,0
254.0,0
164.54166666666666,0
166.29166666666666,0
166.625,0
165.125,0
254.5,0
254.5,0
193.20833333333334,0
166.29166666666666,0
255.58333333333334,0
165.33333333333334,0
164.875,0
254.5,0
254.45833333333334,0
165.58333333333334,0
164.75,0
165.20833333333334,0
164.79166666666666,0
165.83333333333334,0
255.5,0
165.54166666666666,0
193.58333333333334,0
167.08333333333334,0
164.66666666666666,0
254.70833333333334,0
164.83333333333334,0
165.58333333333334,0
165.08333333333334,0
164.91666666666666,0
254.95833333333334,0
164.875,0
164.75,0
174.375,0
254.54166666666666,0
255.0,0
193.79166666666666,0
165.5,0
193.91666666666666,0
166.58333333333334,0
165.66666666666666,0
193.25,0
165.125,0
165.16666666666666,0
166.70833333333334,0
166.66666666666666,0
165.16666666666666,0
167.08333333333334,0
193.83333333333334,0
166.70833333333334,0
165.25,0
167.0,0
254.375,0
254.83333333333334,0
164.875,0
194.41666666666666,0
174.41666666666666,0
166.91666666666666,0
165.375,0
193.45833333333334,0
254.70833333333334,0
255.04166666666666,0
254.41666666666666,0
164.95833333333334,0
256.1666666666667,0
165.45833333333334,0
194.20833333333334,0
166.79166666666666,0
166.70833333333334,0
164.875,0
255.5,0
254.875,0
255.33333333333334,0
174.29166666666666,0
254.79166666666666,0
255.66666666666666,0
165.04166666666666,0
193.91666666666666,0
164.625,0
166.25,0
193.70833333333334,0
165.66666666666666,0
166.70833333333334,0
164.95833333333334,0
165.70833333333334,0
255.125,0
165.45833333333334,0
164.66666666666666,0
166.875,0
174.29166666666666,0
254.95833333333334,0
164.79166666666666,0
254.875,0
165.20833333333334,0
255.70833333333334,0
166.41666666666666,0
166.83333333333334,0
165.125,0
166.25,0
164.875,0
254.625,0
165.66666666666666,0
254.83333333333334,0
164.875,0
255.79166666666666,0
165.08333333333334,0
254.95833333333334,0
165.125,0
166.875,0
174.41666666666666,0
193.5,0
166.375,0
193.83333333333334,0
256.4166666666667,0
165.625,0
165.58333333333334,0
256.1666666666667,0
166.375,0
164.75,0
174.29166666666666,0
165.29166666666666,0
165.20833333333334,0
165.29166666666666,0
193.75,0
193.83333333333334,0
193.66666666666666,0
193.66666666666666,0
255.95833333333334,0
254.79166666666666,0
164.91666666666666,0
255.70833333333334,0
164.75,0
165.5,0
254.95833333333334,0
174.16666666666666,0
254.75,0
256.375,0
165.16666666666666,0
255.375,0
193.29166666666666,0
166.875,0
256.1666666666667,0
256.4166666666667,0
166.375,0
255.45833333333334,0
164.91666666666666,0
165.0,0
256.1666666666667,0
256.1666666666667,0
256.0,0
193.91666666666666,0
193.54166666666666,0
165.20833333333334,0
193.75,0
193.95833333333334,0
255.0,0
254.95833333333334,0
166.54166666666666,0
193.58333333333334,0
164.79166666666666,0
194.45833333333334,0
193.875,0
194.04166666666666,0
254.79166666666666,0
165.75,0
165.25,0
165.29166666666666,0
254.41666666666666,0
254.20833333333334,0
254.45833333333334,0
165.5,0
254.58333333333334,0
194.08333333333334,0
254.75,0
165.16666666666666,0
255.91666666666666,0
165.29166666666666,0
193.5,0
254.375,0
164.45833333333334,0
256.25,0
165.70833333333334,0
254.33333333333334,0
164.91666666666666,0
165.70833333333334,0
255.79166666666666,0
254.91666666666666,0
256.125,0
165.08333333333334,0
255.41666666666666,0
165.0,0
254.5,0
254.95833333333334,0
165.54166666666666,0
165.375,0
164.75,0
254.625,0
165.20833333333334,0
194.0,0
164.41666666666666,0
193.91666666666666,0
193.66666666666666,0
255.95833333333334,0
194.16666666666666,0
165.54166666666666,0
165.0,0
165.54166666666666,0
254.54166666666666,0
193.83333333333334,0
193.83333333333334,0
193.83333333333334,0
193.54166666666666,0
193.75,0
165.20833333333334,0
193.95833333333334,0
194.29166666666666,0
256.3333333333333,0
165.33333333333334,0
255.66666666666666,0
254.41666666666666,0
194.25,0
254.875,0
165.29166666666666,0
164.70833333333334,0
194.0,0
164.58333333333334,0
255.41666666666666,0
165.375,0
193.58333333333334,0
255.45833333333334,0
193.70833333333334,0
165.66666666666666,0
165.16666666666666,0
166.91666666666666,0
166.375,0
256.375,0
255.79166666666666,0
256.25,0
164.54166666666666,0
165.125,0
166.5,0
165.875,0
193.75,0
257.4583333333333,0
193.875,0
165.08333333333334,0
165.04166666666666,0
194.25,0
165.875,0
165.45833333333334,0
254.66666666666666,0
254.54166666666666,0
256.1666666666667,0
162.95833333333334,0
254.41666666666666,0
254.83333333333334,0
165.41666666666666,0
193.91666666666666,0
194.375,0
194.04166666666666,0
165.375,0
254.375,0
164.58333333333334,0
164.70833333333334,0
194.0,0
193.66666666666666,0
165.79166666666666,0
254.75,0
257.4166666666667,0
254.75,0
254.58333333333334,0
193.875,0
255.91666666666666,0
165.5,0
165.125,0
254.125,0
174.58333333333334,0
165.45833333333334,0
164.54166666666666,0
164.75,0
165.08333333333334,0
165.125,0
164.95833333333334,0
166.25,0
166.41666666666666,0
174.125,0
254.66666666666666,0
165.33333333333334,0
165.75,0
164.95833333333334,0
255.83333333333334,0
165.45833333333334,0
165.33333333333334,0
165.25,0
254.83333333333334,0
193.875,0
164.75,0
255.66666666666666,0
165.33333333333334,0
165.75,0
254.75,0
165.5,0
165.33333333333334,0
165.91666666666666,0
166.45833333333334,0
165.08333333333334,0
166.66666666666666,0
164.79166666666666,0
164.875,0
193.54166666666666,0
194.04166666666666,0
256.0833333333333,0
166.79166666666666,0
166.95833333333334,0
193.75,0
255.875,0
255.54166666666666,0
254.25,0
193.29166666666666,0
255.04166666666666,0
193.91666666666666,0
164.91666666666666,0
194.0,0
164.875,0
164.41666666666666,0
254.83333333333334,0
165.54166666666666,0
254.66666666666666,0
166.79166666666666,0
255.5,0
165.04166666666666,0
165.08333333333334,0
254.79166666666666,0
194.08333333333334,0
164.58333333333334,0
165.20833333333334,0
165.83333333333334,0
165.5,0
166.5,0
166.75,0
164.5,0
165.04166666666666,0
174.70833333333334,0
165.75,0
165.25,0
166.33333333333334,0
174.625,0
166.29166666666666,0
255.91666666666666,0
166.5,0
165.33333333333334,0
165.08333333333334,0
193.66666666666666,0
255.0,0
164.625,0
174.45833333333334,0
166.79166666666666,0
165.41666666666666,0
254.95833333333334,0
166.58333333333334,0
193.79166666666666,0
165.66666666666666,0
165.45833333333334,0
194.375,0
254.83333333333334,0
165.58333333333334,0
164.83333333333334,0
165.33333333333334,0
166.625,0
174.125,0
254.625,0
164.83333333333334,0
193.16666666666666,0
165.54166666666666,0
165.41666666666666,0
164.625,0
164.66666666666666,0
254.91666666666666,0
174.58333333333334,0
165.0,0
256.5416666666667,0
165.04166666666666,0
254.5,0
255.75,0
165.83333333333334,0
165.41666666666666,0
254.83333333333334,0
194.20833333333334,0
256.3333333333333,0
254.20833333333334,0
165.16666666666666,0
255.54166666666666,0
193.41666666666666,0
165.08333333333334,0
255.625,0
165.29166666666666,0
166.41666666666666,0
164.83333333333334,0
193.58333333333334,0
193.91666666666666,0
164.875,0
256.2083333333333,0
164.54166666666666,0
255.58333333333334,0
165.25,0
255.91666666666666,0
254.91666666666666,0
164.875,0
164.41666666666666,0
193.91666666666666,0
164.79166666666666,0
194.125,0
174.66666666666666,0
165.04166666666666,0
254.875,0
255.875,0
193.83333333333334,0
194.08333333333334,0
255.79166666666666,0
194.0,0
254.54166666666666,0
166.20833333333334,0
164.79166666666666,0
256.4583333333333,0
165.29166666666666,0
165.125,0
165.5,0
194.0,0
174.33333333333334,0
166.375,0
164.91666666666666,0
165.41666666666666,0
193.45833333333334,0
165.54166666666666,0
174.45833333333334,0
254.66666666666666,0
165.875,0
165.375,0
254.91666666666666,0
165.41666666666666,0
254.66666666666666,0
165.5,0
254.83333333333334,0
165.58333333333334,0
166.45833333333334,0
254.70833333333334,0
193.66666666666666,0
193.83333333333334,0
164.75,0
254.75,0
193.79166666666666,0
194.16666666666666,0
254.95833333333334,0
254.58333333333334,0
174.08333333333334,0
165.25,0
174.54166666666666,0
194.25,0
165.58333333333334,0
254.79166666666666,0
193.45833333333334,0
165.83333333333334,0
165.375,0
254.625,0
194.29166666666666,0
256.0416666666667,0
254.70833333333334,0
254.70833333333334,0
164.83333333333334,0
164.75,0
174.20833333333334,0
165.41666666666666,0
165.20833333333334,0
174.5,0
165.08333333333334,0
255.875,0
256.1666666666667,0
165.16666666666666,0
166.70833333333334,0
174.16666666666666,0
166.29166666666666,0
164.875,0
174.5,0
165.58333333333334,0
165.29166666666666,0
165.625,0
164.79166666666666,0
164.83333333333334,0
164.5,0
256.125,0
165.0,0
193.75,0
194.29166666666666,0
165.20833333333334,0
193.875,0
255.79166666666666,0
254.58333333333334,0
256.25,0
174.625,0
174.54166666666666,0
165.5,0
164.75,0
194.125,0
257.5416666666667,0
165.41666666666666,0
165.125,0
256.25,0
165.20833333333334,0
164.33333333333334,0
164.5,0
255.66666666666666,0
255.83333333333334,0
257.0416666666667,0
255.45833333333334,0
165.125,0
254.91666666666666,0
257.1666666666667,0
165.625,0
165.45833333333334,0
254.54166666666666,0
166.375,0
254.95833333333334,0
194.25,0
193.66666666666666,0
257.25,0
165.0,0
164.29166666666666,0
166.70833333333334,0
254.66666666666666,0
193.29166666666666,0
165.08333333333334,0
254.79166666666666,0
165.58333333333334,0
254.58333333333334,0
256.2083333333333,0
193.66666666666666,0
164.54166666666666,0
194.20833333333334,0
165.0,0
193.70833333333334,0
254.66666666666666,0
193.83333333333334,0
165.25,0
165.0,0
255.45833333333334,0
166.70833333333334,0
254.58333333333334,0
254.875,0
254.45833333333334,0
164.54166666666666,0
254.58333333333334,0
164.45833333333334,0
193.20833333333334,0
256.0,0
254.375,0
256.2916666666667,0
254.875,0
193.70833333333334,0
256.125,0
254.875,0
193.95833333333334,0
257.0833333333333,0
254.375,0
257.3333333333333,0
254.33333333333334,0
165.25,0
193.58333333333334,0
255.41666666666666,0
193.625,0
257.2083333333333,0
256.7916666666667,0
254.25,0
255.45833333333334,0
256.0833333333333,0
254.70833333333334,0
257.5,0
254.83333333333334,0
254.45833333333334,0
254.83333333333334,0
193.83333333333334,0
254.58333333333334,0
254.29166666666666,0
254.79166666666666,0
254.66666666666666,0
257.3333333333333,0
254.75,0
164.70833333333334,0
254.5,0
256.0833333333333,0
256.0,0
254.83333333333334,0
254.875,0
193.45833333333334,0
254.70833333333334,0
254.625,0
254.45833333333334,0
193.70833333333334,0
136.95833333333334,0
136.375,0
4.791666666666667,0
136.83333333333334,0
136.875,0
4.708333333333333,0
4.375,0
4.5,0
4.375,0
137.20833333333334,0
136.875,0
136.91666666666666,0
136.79166666666666,0
7.5,0
4.291666666666667,0
136.91666666666666,0
4.583333333333333,0
136.875,0
136.33333333333334,0
136.91666666666666,0
136.625,0
137.29166666666666,0
4.708333333333333,0
136.875,0
193.66666666666666,0
5.416666666666667,0
4.583333333333333,0
136.16666666666666,0
137.16666666666666,0
156.54166666666666,0
139.375,0
193.875,0
193.41666666666666,0
136.70833333333334,0
5.166666666666667,0
4.75,0
136.79166666666666,0
4.916666666666667,0
4.416666666666667,0
193.625,0
212.75,0
5.041666666666667,0
4.875,0
4.875,0
136.58333333333334,0
136.75,0
193.95833333333334,0
5.291666666666667,0
194.16666666666666,0
4.916666666666667,0
136.875,0
136.41666666666666,0
136.95833333333334,0
137.16666666666666,0
136.91666666666666,0
5.708333333333333,0
137.5,0
136.75,0
137.0,0
136.70833333333334,0
136.75,0
193.83333333333334,0
193.66666666666666,0
193.70833333333334,0
193.58333333333334,0
4.916666666666667,0
4.791666666666667,0
193.625,0
5.375,0
136.54166666666666,0
193.83333333333334,0
193.95833333333334,0
136.58333333333334,0
4.916666666666667,0
4.833333333333333,0
136.875,0
136.75,0
5.583333333333333,0
136.41666666666666,0
5.833333333333333,0
193.91666666666666,0
136.375,0
136.75,0
136.83333333333334,0
136.75,0
4.708333333333333,0
4.708333333333333,0
4.625,0
4.625,0
5.75,0
136.58333333333334,0
5.125,0
136.95833333333334,0
5.25,0
4.791666666666667,0
5.041666666666667,0
5.208333333333333,0
137.20833333333334,0
136.79166666666666,0
4.708333333333333,0
4.666666666666667,0
194.125,0
193.875,0
137.41666666666666,0
194.0,0
193.79166666666666,0
193.625,0
193.70833333333334,0
193.875,0
193.95833333333334,0
136.95833333333334,0
4.541666666666667,0
5.291666666666667,0
4.666666666666667,0
194.0,0
136.375,0
140.75,0
137.16666666666666,0
136.75,0
5.25,0
137.125,0
136.83333333333334,0
137.125,0
5.041666666666667,0
136.625,0
137.25,0
136.5,0
5.666666666666667,0
193.83333333333334,0
5.125,0
4.708333333333333,0
194.08333333333334,0
5.666666666666667,0
136.83333333333334,0
136.91666666666666,0
136.875,0
5.291666666666667,0
4.666666666666667,0
194.16666666666666,0
4.875,0
5.0,0
4.625,0
196.04166666666666,0
4.666666666666667,0
136.83333333333334,0
136.5,0
5.0,0
194.08333333333334,0
3.6666666666666665,0
193.79166666666666,0
193.875,0
3.7083333333333335,0
136.08333333333334,0
223.5,0
136.95833333333334,0
136.79166666666666,0
137.16666666666666,0
136.91666666666666,0
4.958333333333333,0
193.75,0
4.958333333333333,0
5.375,0
194.08333333333334,0
4.916666666666667,0
194.08333333333334,0
136.5,0
136.04166666666666,0
5.083333333333333,0
194.66666666666666,0
196.0,0
193.91666666666666,0
136.41666666666666,0
4.791666666666667,0
195.66666666666666,0
3.4166666666666665,0
196.20833333333334,0
4.5,0
4.666666666666667,0
4.916666666666667,0
194.04166666666666,0
193.83333333333334,0
193.5,0
194.45833333333334,0
188.95833333333334,0
4.708333333333333,0
4.416666666666667,0
195.95833333333334,0
136.33333333333334,0
135.875,0
4.833333333333333,0
136.91666666666666,0
4.833333333333333,0
4.708333333333333,0
136.41666666666666,0
5.0,0
193.58333333333334,0
193.41666666666666,0
137.08333333333334,0
136.54166666666666,0
136.5,0
136.54166666666666,0
193.83333333333334,0
5.041666666666667,0
136.5,0
137.04166666666666,0
193.66666666666666,0
194.5,0
5.333333333333333,0
194.20833333333334,0
193.5,0
3.0833333333333335,0
4.916666666666667,0
194.79166666666666,0
193.79166666666666,0
194.04166666666666,0
196.04166666666666,0
136.25,0
5.5,0
137.04166666666666,0
4.708333333333333,0
136.75,0
195.83333333333334,0
4.75,0
5.125,0
137.04166666666666,0
5.041666666666667,0
4.541666666666667,0
136.70833333333334,0
4.916666666666667,0
4.916666666666667,0
5.416666666666667,0
4.625,0
4.833333333333333,0
3.0833333333333335,0
4.541666666666667,0
194.04166666666666,0
5.041666666666667,0
194.91666666666666,0
4.583333333333333,0
137.20833333333334,0
194.0,0
5.041666666666667,0
136.375,0
136.45833333333334,0
4.583333333333333,0
4.583333333333333,0
5.458333333333333,0
135.91666666666666,0
136.33333333333334,0
196.08333333333334,0
194.0,0
4.875,0
4.833333333333333,0
136.75,0
4.541666666666667,0
5.375,0
137.29166666666666,0
5.041666666666667,0
5.041666666666667,0
136.375,0
4.541666666666667,0
136.29166666666666,0
7.291666666666667,0
136.66666666666666,0
5.166666666666667,0
4.708333333333333,0
136.41666666666666,0
4.791666666666667,0
137.29166666666666,0
137.0,0
4.708333333333333,0
137.29166666666666,0
136.83333333333334,0
136.33333333333334,0
4.833333333333333,0
193.91666666666666,0
136.33333333333334,0
5.333333333333333,0
136.41666666666666,0
193.91666666666666,0
5.0,0
3.125,0
4.583333333333333,0
4.875,0
136.125,0
195.66666666666666,0
5.416666666666667,0
194.875,0
5.0,0
136.66666666666666,0
136.75,0
4.833333333333333,0
5.375,0
5.375,0
4.708333333333333,0
4.625,0
4.75,0
195.91666666666666,0
137.04166666666666,0
5.708333333333333,0
193.66666666666666,0
136.75,0
136.70833333333334,0
4.625,0
5.833333333333333,0
136.70833333333334,0
5.458333333333333,0
5.333333333333333,0
136.41666666666666,0
4.75,0
5.041666666666667,0
4.916666666666667,0
193.54166666666666,0
136.70833333333334,0
193.625,0
5.083333333333333,0
4.833333333333333,0
193.54166666666666,0
5.0,0
5.75,0
137.0,0
136.70833333333334,0
4.75,0
136.45833333333334,0
137.0,0
5.0,0
136.625,0
193.875,0
5.666666666666667,0
5.041666666666667,0
136.70833333333334,0
4.708333333333333,0
137.0,0
193.75,0
5.666666666666667,0
4.916666666666667,0
5.0,0
136.95833333333334,0
136.45833333333334,0
5.625,0
5.625,0
5.791666666666667,0
136.75,0
136.08333333333334,0
5.416666666666667,0
136.45833333333334,0
4.958333333333333,0
136.83333333333334,0
4.708333333333333,0
136.29166666666666,0
5.375,0
137.0,0
4.791666666666667,0
5.041666666666667,0
5.041666666666667,0
136.875,0
136.625,0
136.54166666666666,0
136.5,0
4.583333333333333,0
5.708333333333333,0
193.58333333333334,0
136.79166666666666,0
5.708333333333333,0
136.66666666666666,0
136.79166666666666,0
5.083333333333333,0
136.5,0
137.125,0
5.583333333333333,0
137.08333333333334,0
4.833333333333333,0
5.333333333333333,0
136.83333333333334,0
136.45833333333334,0
194.08333333333334,0
5.291666666666667,0
136.95833333333334,0
194.125,0
193.83333333333334,0
5.291666666666667,0
5.375,0
4.666666666666667,0
136.375,0
4.708333333333333,0
5.583333333333333,0
4.75,0
136.375,0
5.25,0
136.83333333333334,0
136.83333333333334,0
5.791666666666667,0
136.66666666666666,0
136.45833333333334,0
5.291666666666667,0
4.791666666666667,0
136.91666666666666,0
5.333333333333333,0
4.791666666666667,0
82.95833333333333,0
193.54166666666666,0
136.58333333333334,0
193.91666666666666,0
5.416666666666667,0
193.91666666666666,0
193.875,0
193.75,0
136.58333333333334,0
194.0,0
136.79166666666666,0
193.91666666666666,0
136.75,0
136.5,0
5.541666666666667,0
137.20833333333334,0
4.875,0
5.625,0
193.83333333333334,0
136.83333333333334,0
136.54166666666666,0
136.79166666666666,0
136.66666666666666,0
136.75,0
5.333333333333333,0
136.91666666666666,0
136.54166666666666,0
136.91666666666666,0
193.875,0
4.458333333333333,0
5.625,0
5.291666666666667,0
5.833333333333333,0
194.0,0
136.79166666666666,0
193.95833333333334,0
5.125,0
193.54166666666666,0
193.58333333333334,0
193.75,0
193.70833333333334,0
194.08333333333334,0
193.70833333333334,0
193.625,0
193.58333333333334,0
193.70833333333334,0
193.70833333333334,0
193.54166666666666,0
193.625,0
4.958333333333333,0
193.75,0
193.70833333333334,0
195.75,0
194.125,0
194.0,0
136.70833333333334,0
4.833333333333333,0
195.70833333333334,0
5.041666666666667,0
5.208333333333333,0
136.91666666666666,0
5.791666666666667,0
136.79166666666666,0
5.791666666666667,0
5.208333333333333,0
136.875,0
136.95833333333334,0
136.70833333333334,0
5.083333333333333,0
136.70833333333334,0
136.75,0
136.66666666666666,0
5.833333333333333,0
193.79166666666666,0
136.79166666666666,0
136.625,0
136.91666666666666,0
136.875,0
136.91666666666666,0
136.95833333333334,0
4.875,0
4.791666666666667,0
4.958333333333333,0
7.083333333333333,0
5.083333333333333,0
5.75,0
193.91666666666666,0
5.541666666666667,0
5.875,0
137.16666666666666,0
5.083333333333333,0
151.66666666666666,0
136.625,0
136.95833333333334,0
193.70833333333334,0
193.91666666666666,0
193.66666666666666,0
193.66666666666666,0
136.83333333333334,0
193.54166666666666,0
194.0,0
194.45833333333334,0
193.54166666666666,0
193.58333333333334,0
193.58333333333334,0
193.625,0
193.58333333333334,0
194.04166666666666,0
194.04166666666666,0
193.66666666666666,0
193.875,0
194.04166666666666,0
193.66666666666666,0
193.83333333333334,0
193.79166666666666,0
193.625,0
193.70833333333334,0
193.66666666666666,0
194.08333333333334,0
193.83333333333334,0
193.625,0
136.83333333333334,0
193.66666666666666,0
4.833333333333333,0
136.20833333333334,0
137.20833333333334,0
136.41666666666666,0
193.54166666666666,0
4.666666666666667,0
136.45833333333334,0
5.375,0
5.041666666666667,0
136.54166666666666,0
137.16666666666666,0
136.79166666666666,0
136.83333333333334,0
136.41666666666666,0
4.541666666666667,0
136.41666666666666,0
7.5,0
136.625,0
137.0,0
3.5416666666666665,0
5.0,0
136.95833333333334,0
136.70833333333334,0
136.58333333333334,0
4.583333333333333,0
4.583333333333333,0
4.916666666666667,0
136.79166666666666,0
5.041666666666667,0
136.875,0
4.666666666666667,0
193.875,0
4.625,0
5.125,0
3.375,0
9.583333333333334,0
195.91666666666666,0
5.166666666666667,0
4.791666666666667,0
193.54166666666666,0
136.5,0
4.666666666666667,0
4.791666666666667,0
136.125,0
4.833333333333333,0
136.83333333333334,0
5.0,0
135.95833333333334,0
3.5416666666666665,0
136.45833333333334,0
136.33333333333334,0
136.83333333333334,0
136.33333333333334,0
4.625,0
194.04166666666666,0
193.83333333333334,0
4.458333333333333,0
4.833333333333333,0
4.458333333333333,0
3.625,0
4.916666666666667,0
4.708333333333333,0
136.875,0
136.875,0
4.541666666666667,0
4.333333333333333,0
4.958333333333333,0
137.375,0
4.833333333333333,0
4.666666666666667,0
136.66666666666666,0
9.583333333333334,0
136.41666666666666,0
136.29166666666666,0
4.333333333333333,0
136.91666666666666,0
5.25,0
194.04166666666666,0
193.91666666666666,0
5.375,0
136.125,0
196.125,0
137.125,0
4.666666666666667,0
193.91666666666666,0
136.54166666666666,0
4.416666666666667,0
136.45833333333334,0
137.16666666666666,0
193.66666666666666,0
5.125,0
5.291666666666667,0
137.04166666666666,0
5.0,0
194.25,0
4.916666666666667,0
136.45833333333334,0
5.375,0
193.83333333333334,0
5.208333333333333,0
193.79166666666666,0
136.75,0
136.375,0
193.95833333333334,0
194.20833333333334,0
136.875,0
136.29166666666666,0
5.208333333333333,0
70.79166666666667,0
4.916666666666667,0
136.875,0
136.04166666666666,0
193.58333333333334,0
5.416666666666667,0
3.375,0
47.875,0
137.04166666666666,0
193.54166666666666,0
4.416666666666667,0
4.5,0
194.0,0
194.29166666666666,0
4.875,0
4.833333333333333,0
5.166666666666667,0
194.375,0
4.25,0
5.333333333333333,0
7.166666666666667,0
3.5,0
136.33333333333334,0
194.20833333333334,0
4.958333333333333,0
194.0,0
136.70833333333334,0
136.04166666666666,0
194.58333333333334,0
5.458333333333333,0
4.625,0
194.0,0
136.58333333333334,0
5.291666666666667,0
3.4166666666666665,0
5.416666666666667,0
3.4583333333333335,0
136.75,0
193.75,0
137.20833333333334,0
4.916666666666667,0
4.958333333333333,0
3.125,0
5.166666666666667,0
5.166666666666667,0
137.58333333333334,0
136.20833333333334,0
193.70833333333334,0
194.125,0
5.208333333333333,0
4.75,0
193.58333333333334,0
193.625,0
136.70833333333334,0
4.791666666666667,0
4.833333333333333,0
136.125,0
194.83333333333334,0
193.875,0
5.125,0
5.0,0
194.54166666666666,0
4.583333333333333,0
4.75,0
194.91666666666666,0
193.58333333333334,0
193.83333333333334,0
4.791666666666667,0
4.625,0
4.916666666666667,0
4.916666666666667,0
136.54166666666666,0
4.541666666666667,0
4.791666666666667,0
5.125,0
193.875,0
5.166666666666667,0
196.16666666666666,0
3.4166666666666665,0
193.95833333333334,0
195.70833333333334,0
194.125,0
136.45833333333334,0
3.5833333333333335,0
136.54166666666666,0
136.16666666666666,0
3.1666666666666665,0
5.083333333333333,0
193.66666666666666,0
136.375,0
4.625,0
196.04166666666666,0
4.5,0
194.08333333333334,0
194.08333333333334,0
136.58333333333334,0
137.04166666666666,0
194.58333333333334,0
7.541666666666667,0
194.16666666666666,0
5.333333333333333,0
4.958333333333333,0
5.291666666666667,0
136.08333333333334,0
195.625,0
5.25,0
193.875,0
5.083333333333333,0
136.79166666666666,0
193.875,0
194.08333333333334,0
136.66666666666666,0
4.75,0
4.666666666666667,0
137.16666666666666,0
4.625,0
136.125,0
136.33333333333334,0
5.166666666666667,0
4.583333333333333,0
194.66666666666666,0
136.33333333333334,0
194.08333333333334,0
136.54166666666666,0
136.0,0
193.875,0
4.666666666666667,0
4.666666666666667,0
5.0,0
5.25,0
4.875,0
5.166666666666667,0
136.33333333333334,0
4.833333333333333,0
5.083333333333333,0
5.0,0
4.625,0
3.5833333333333335,0
4.875,0
5.333333333333333,0
194.08333333333334,0
194.875,0
4.583333333333333,0
136.375,0
4.916666666666667,0
4.875,0
4.791666666666667,0
136.5,0
137.04166666666666,0
5.208333333333333,0
4.541666666666667,0
193.625,0
4.791666666666667,0
136.41666666666666,0
194.08333333333334,0
5.166666666666667,0
135.875,0
5.125,0
3.4583333333333335,0
63.208333333333336,0
4.833333333333333,0
5.166666666666667,0
132.875,0
136.95833333333334,0
4.791666666666667,0
194.5,0
194.16666666666666,0
4.75,0
4.708333333333333,0
136.95833333333334,0
137.04166666666666,0
136.375,0
4.75,0
194.04166666666666,0
4.708333333333333,0
5.166666666666667,0
4.958333333333333,0
137.04166666666666,0
193.875,0
194.08333333333334,0
4.916666666666667,0
194.29166666666666,0
4.75,0
193.875,0
5.0,0
193.66666666666666,0
193.66666666666666,0
3.3333333333333335,0
4.625,0
5.291666666666667,0
4.875,0
193.79166666666666,0
136.375,0
195.70833333333334,0
5.083333333333333,0
193.83333333333334,0
193.91666666666666,0
4.833333333333333,0
194.20833333333334,0
194.20833333333334,0
193.75,0
194.0,0
194.20833333333334,0
136.16666666666666,0
194.20833333333334,0
193.83333333333334,0
193.79166666666666,0
4.708333333333333,0
4.666666666666667,0
195.95833333333334,0
136.58333333333334,0
4.958333333333333,0
193.66666666666666,0
5.083333333333333,0
195.83333333333334,0
193.95833333333334,0
193.875,0
137.08333333333334,0
3.2083333333333335,0
4.541666666666667,0
194.16666666666666,0
194.16666666666666,0
193.95833333333334,0
193.79166666666666,0
5.0,0
4.958333333333333,0
194.625,0
193.58333333333334,0
193.5,0
136.95833333333334,0
4.833333333333333,0
136.375,0
194.0,0
137.08333333333334,0
193.875,0
193.83333333333334,0
193.95833333333334,0
193.625,0
195.79166666666666,0
193.5,0
4.625,0
195.875,0
136.83333333333334,0
194.75,0
4.958333333333333,0
5.083333333333333,0
193.75,0
196.20833333333334,0
136.625,0
4.958333333333333,0
136.33333333333334,0
194.25,0
137.5,0
4.916666666666667,0
4.583333333333333,0
194.125,0
136.58333333333334,0
193.79166666666666,0
5.25,0
5.041666666666667,0
193.79166666666666,0
193.79166666666666,0
4.958333333333333,0
193.91666666666666,0
136.66666666666666,0
136.04166666666666,0
193.70833333333334,0
5.458333333333333,0
4.708333333333333,0
4.916666666666667,0
194.58333333333334,0
4.833333333333333,0
4.875,0
193.83333333333334,0
194.04166666666666,0
193.70833333333334,0
136.5,0
4.333333333333333,0
194.54166666666666,0
136.95833333333334,0
194.83333333333334,0
136.58333333333334,0
193.95833333333334,0
193.54166666666666,0
193.70833333333334,0
4.666666666666667,0
136.875,0
4.958333333333333,0
7.666666666666667,0
194.0,0
4.25,0
136.70833333333334,0
137.33333333333334,0
136.33333333333334,0
4.708333333333333,0
136.5,0
136.29166666666666,0
4.125,0
136.41666666666666,0
135.91666666666666,0
137.04166666666666,0
7.333333333333333,0
3.2916666666666665,0
193.625,0
136.625,0
5.041666666666667,0
5.125,0
4.916666666666667,0
4.5,0
59.541666666666664,0
4.333333333333333,0
136.0,0
136.375,0
4.916666666666667,0
136.20833333333334,0
7.125,0
136.625,0
4.416666666666667,0
4.708333333333333,0
4.625,0
136.375,0
4.333333333333333,0
5.0,0
4.166666666666667,0
137.08333333333334,0
136.625,0
4.875,0
4.541666666666667,0
4.541666666666667,0
5.416666666666667,0
4.625,0
7.541666666666667,0
136.5,0
5.041666666666667,0
4.833333333333333,0
3.2916666666666665,0
194.04166666666666,0
136.20833333333334,0
4.375,0
193.79166666666666,0
136.33333333333334,0
193.54166666666666,0
136.625,0
136.16666666666666,0
4.541666666666667,0
196.0,0
4.833333333333333,0
136.08333333333334,0
7.416666666666667,0
5.333333333333333,0
135.95833333333334,0
5.125,0
5.083333333333333,0
136.5,0
195.66666666666666,0
3.4583333333333335,0
5.083333333333333,0
5.125,0
4.541666666666667,0
193.70833333333334,0
136.25,0
136.41666666666666,0
136.04166666666666,0
5.083333333333333,0
195.75,0
136.375,0
136.08333333333334,0
193.95833333333334,0
136.41666666666666,0
136.79166666666666,0
194.08333333333334,0
4.708333333333333,0
4.375,0
193.66666666666666,0
136.83333333333334,0
4.208333333333333,0
5.333333333333333,0
136.16666666666666,0
193.66666666666666,0
194.0,0
194.20833333333334,0
136.125,0
136.83333333333334,0
4.791666666666667,0
136.91666666666666,0
136.33333333333334,0
4.291666666666667,0
193.83333333333334,0
137.16666666666666,0
136.25,0
136.25,0
136.25,0
136.25,0
5.0,0
136.79166666666666,0
137.04166666666666,0
136.70833333333334,0
136.29166666666666,0
4.791666666666667,0
136.125,0
136.20833333333334,0
136.66666666666666,0
137.0,0
196.16666666666666,0
136.25,0
136.75,0
196.20833333333334,0
136.45833333333334,0
4.708333333333333,0
4.583333333333333,0
136.66666666666666,0
4.958333333333333,0
136.66666666666666,0
193.95833333333334,0
137.0,0
4.625,0
136.54166666666666,0
5.083333333333333,0
4.958333333333333,0
5.0,0
3.375,0
136.33333333333334,0
194.33333333333334,0
136.41666666666666,0
136.25,0
3.6666666666666665,0
193.54166666666666,0
4.458333333333333,0
136.375,0
194.83333333333334,0
136.91666666666666,0
193.79166666666666,0
136.83333333333334,0
136.5,0
136.70833333333334,0
136.29166666666666,0
4.791666666666667,0
136.29166666666666,0
4.916666666666667,0
137.29166666666666,0
136.375,0
136.58333333333334,0
136.08333333333334,0
137.0,0
193.75,0
7.375,0
4.25,0
136.70833333333334,0
136.41666666666666,0
4.583333333333333,0
136.5,0
193.625,0
136.04166666666666,0
3.2083333333333335,0
137.0,0
194.04166666666666,0
4.625,0
136.25,0
137.0,0
5.083333333333333,0
136.625,0
5.0,0
136.0,0
136.79166666666666,0
136.58333333333334,0
136.41666666666666,0
4.333333333333333,0
135.91666666666666,0
137.29166666666666,0
136.0,0
136.29166666666666,0
136.33333333333334,0
136.08333333333334,0
5.0,0
5.041666666666667,0
4.875,0
3.7083333333333335,0
136.75,0
5.125,0
136.08333333333334,0
136.16666666666666,0
136.75,0
137.08333333333334,0
136.58333333333334,0
4.958333333333333,0
5.333333333333333,0
136.79166666666666,0
193.66666666666666,0
136.54166666666666,0
136.625,0
136.91666666666666,0
193.625,0
4.875,0
136.58333333333334,0
136.625,0
5.083333333333333,0
136.33333333333334,0
4.583333333333333,0
4.375,0
137.33333333333334,0
136.5,0
4.541666666666667,0
7.458333333333333,0
194.125,0
4.916666666666667,0
136.70833333333334,0
4.833333333333333,0
4.583333333333333,0
3.0833333333333335,0
194.45833333333334,0
136.45833333333334,0
4.875,0
136.0,0
3.375,0
137.0,0
137.08333333333334,0
136.375,0
5.041666666666667,0
136.125,0
4.958333333333333,0
136.33333333333334,0
193.70833333333334,0
136.33333333333334,0
4.75,0
193.91666666666666,0
136.79166666666666,0
136.08333333333334,0
196.125,0
3.0833333333333335,0
136.29166666666666,0
136.70833333333334,0
137.16666666666666,0
5.041666666666667,0
4.791666666666667,0
4.666666666666667,0
136.16666666666666,0
136.375,0
136.25,0
137.33333333333334,0
136.54166666666666,0
136.75,0
137.54166666666666,0
137.0,0
136.79166666666666,0
136.375,0
195.58333333333334,0
136.04166666666666,0
137.04166666666666,0
136.875,0
136.16666666666666,0
4.291666666666667,0
4.416666666666667,0
136.58333333333334,0
135.91666666666666,0
137.29166666666666,0
136.5,0
136.33333333333334,0
194.29166666666666,0
136.25,0
136.54166666666666,0
193.83333333333334,0
136.08333333333334,0
5.291666666666667,0
191.66666666666666,0
137.25,0
136.45833333333334,0
136.33333333333334,0
137.33333333333334,0
193.83333333333334,0
194.66666666666666,0
5.166666666666667,0
193.75,0
136.625,0
136.125,0
136.5,0
136.20833333333334,0
194.70833333333334,0
193.83333333333334,0
136.66666666666666,0
136.16666666666666,0
136.66666666666666,0
136.33333333333334,0
136.45833333333334,0
136.45833333333334,0
193.625,0
136.875,0
137.29166666666666,0
136.58333333333334,0
136.79166666666666,0
4.625,0
4.625,0
43.958333333333336,0
4.5,0
5.041666666666667,0
5.333333333333333,0
5.416666666666667,0
136.375,0
136.16666666666666,0
136.95833333333334,0
5.25,0
136.45833333333334,0
136.20833333333334,0
136.625,0
4.958333333333333,0
4.75,0
4.916666666666667,0
4.333333333333333,0
194.25,0
7.125,0
5.0,0
137.08333333333334,0
5.25,0
4.791666666666667,0
7.25,0
4.833333333333333,0
136.95833333333334,0
136.0,0
5.291666666666667,0
137.04166666666666,0
136.08333333333334,0
136.41666666666666,0
5.041666666666667,0
4.916666666666667,0
4.208333333333333,0
136.54166666666666,0
4.875,0
4.958333333333333,0
193.5,0
5.041666666666667,0
193.95833333333334,0
4.875,0
194.375,0
193.83333333333334,0
193.45833333333334,0
193.95833333333334,0
137.20833333333334,0
136.0,0
136.41666666666666,0
4.791666666666667,0
193.70833333333334,0
193.79166666666666,0
5.416666666666667,0
136.25,0
193.95833333333334,0
5.125,0
4.625,0
194.125,0
196.08333333333334,0
136.16666666666666,0
137.25,0
136.91666666666666,0
136.70833333333334,0
5.041666666666667,0
4.541666666666667,0
193.79166666666666,0
4.916666666666667,0
195.625,0
4.875,0
5.083333333333333,0
136.79166666666666,0
4.75,0
193.95833333333334,0
193.75,0
5.083333333333333,0
194.25,0
193.91666666666666,0
4.5,0
5.25,0
137.33333333333334,0
136.20833333333334,0
193.75,0
5.416666666666667,0
194.83333333333334,0
136.91666666666666,0
4.916666666666667,0
5.0,0
5.041666666666667,0
4.708333333333333,0
193.5,0
4.875,0
136.66666666666666,0
136.0,0
193.5,0
5.375,0
137.0,0
3.25,0
193.70833333333334,0
136.625,0
137.0,0
5.291666666666667,0
4.583333333333333,0
5.25,0
136.375,0
135.875,0
137.16666666666666,0
4.583333333333333,0
136.29166666666666,0
136.0,0
5.166666666666667,0
136.125,0
5.5,0
194.16666666666666,0
7.291666666666667,0
136.83333333333334,0
193.79166666666666,0
4.666666666666667,0
4.5,0
136.375,0
3.25,0
4.833333333333333,0
194.20833333333334,0
5.291666666666667,0
194.75,0
193.45833333333334,0
135.91666666666666,0
136.83333333333334,0
194.20833333333334,0
5.166666666666667,0
136.33333333333334,0
4.875,0
4.708333333333333,0
136.41666666666666,0
136.5,0
136.33333333333334,0
136.375,0
137.58333333333334,0
137.08333333333334,0
136.41666666666666,0
4.583333333333333,0
4.833333333333333,0
3.5416666666666665,0
137.16666666666666,0
4.458333333333333,0
4.5,0
5.083333333333333,0
193.70833333333334,0
136.75,0
136.875,0
4.458333333333333,0
5.25,0
4.833333333333333,0
4.666666666666667,0
4.583333333333333,0
5.0,0
4.791666666666667,0
4.75,0
5.416666666666667,0
136.08333333333334,0
4.625,0
5.25,0
4.958333333333333,0
4.791666666666667,0
136.45833333333334,0
102.45833333333333,0
4.541666666666667,0
135.91666666666666,0
136.20833333333334,0
136.45833333333334,0
136.875,0
137.125,0
4.875,0
136.75,0
193.70833333333334,0
3.2083333333333335,0
194.16666666666666,0
4.583333333333333,0
137.20833333333334,0
4.791666666666667,0
136.54166666666666,0
136.66666666666666,0
193.83333333333334,0
136.20833333333334,0
136.79166666666666,0
4.583333333333333,0
4.833333333333333,0
5.25,0
5.083333333333333,0
136.5,0
4.916666666666667,0
4.625,0
5.25,0
193.58333333333334,0
4.791666666666667,0
136.16666666666666,0
33.0,0
4.958333333333333,0
193.875,0
4.958333333333333,0
194.08333333333334,0
3.0416666666666665,0
136.20833333333334,0
136.20833333333334,0
4.75,0
4.25,0
193.91666666666666,0
194.25,0
136.91666666666666,0
193.625,0
4.708333333333333,0
193.41666666666666,0
5.25,0
193.83333333333334,0
193.875,0
4.916666666666667,0
5.0,0
4.708333333333333,0
136.20833333333334,0
4.791666666666667,0
193.83333333333334,0
4.791666666666667,0
4.791666666666667,0
4.625,0
3.5833333333333335,0
193.79166666666666,0
195.75,0
196.08333333333334,0
136.125,0
193.91666666666666,0
3.1666666666666665,0
194.0,0
4.583333333333333,0
136.20833333333334,0
193.91666666666666,0
137.08333333333334,0
5.0,0
136.45833333333334,0
194.91666666666666,0
193.79166666666666,0
136.58333333333334,0
193.70833333333334,0
5.208333333333333,0
5.5,0
136.29166666666666,0
136.16666666666666,0
4.875,0
135.875,0
4.708333333333333,0
5.0,0
5.125,0
4.916666666666667,0
195.83333333333334,0
4.666666666666667,0
4.958333333333333,0
4.833333333333333,0
4.958333333333333,0
193.5,0
126.0,0
4.916666666666667,0
194.0,0
4.875,0
5.125,0
136.83333333333334,0
4.708333333333333,0
4.625,0
5.0,0
4.916666666666667,0
137.08333333333334,0
135.91666666666666,0
193.54166666666666,0
136.91666666666666,0
4.125,0
4.791666666666667,0
4.75,0
136.08333333333334,0
136.875,0
136.25,0
3.1666666666666665,0
193.70833333333334,0
137.04166666666666,0
136.95833333333334,0
4.958333333333333,0
4.75,0
4.75,0
4.875,0
5.125,0
136.79166666666666,0
136.91666666666666,0
4.625,0
136.04166666666666,0
194.16666666666666,0
194.70833333333334,0
3.3333333333333335,0
136.125,0
193.54166666666666,0
136.375,0
4.416666666666667,0
4.666666666666667,0
4.916666666666667,0
136.625,0
136.66666666666666,0
193.75,0
194.04166666666666,0
137.08333333333334,0
193.625,0
5.416666666666667,0
193.91666666666666,0
194.125,0
5.416666666666667,0
5.458333333333333,0
4.958333333333333,0
4.625,0
136.16666666666666,0
137.04166666666666,0
137.125,0
196.20833333333334,0
4.875,0
4.958333333333333,0
4.833333333333333,0
193.79166666666666,0
165.0,0
5.125,0
194.20833333333334,0
4.833333333333333,0
137.08333333333334,0
193.91666666666666,0
136.66666666666666,0
193.95833333333334,0
4.833333333333333,0
193.91666666666666,0
136.125,0
4.916666666666667,0
4.708333333333333,0
4.958333333333333,0
4.958333333333333,0
136.33333333333334,0
136.125,0
4.583333333333333,0
4.625,0
194.79166666666666,0
136.83333333333334,0
136.95833333333334,0
136.83333333333334,0
4.666666666666667,0
136.20833333333334,0
4.75,0
193.91666666666666,0
136.91666666666666,0
5.0,0
137.375,0
5.208333333333333,0
136.20833333333334,0
136.0,0
137.04166666666666,0
136.45833333333334,0
194.41666666666666,0
4.916666666666667,0
45.125,0
136.5,0
4.541666666666667,0
136.16666666666666,0
5.083333333333333,0
7.583333333333333,0
5.166666666666667,0
194.04166666666666,0
5.041666666666667,0
4.541666666666667,0
5.208333333333333,0
194.125,0
136.5,0
193.95833333333334,0
5.166666666666667,0
193.625,0
4.625,0
5.0,0
5.375,0
136.20833333333334,0
4.666666666666667,0
52.291666666666664,0
194.0,0
193.66666666666666,0
195.83333333333334,0
196.0,0
137.04166666666666,0
193.75,0
137.16666666666666,0
193.95833333333334,0
136.54166666666666,0
4.25,0
5.083333333333333,0
4.833333333333333,0
136.875,0
193.54166666666666,0
194.0,0
4.5,0
5.416666666666667,0
136.45833333333334,0
193.66666666666666,0
136.83333333333334,0
136.25,0
5.25,0
136.70833333333334,0
136.25,0
194.29166666666666,0
4.666666666666667,0
136.16666666666666,0
7.25,0
4.916666666666667,0
136.91666666666666,0
5.416666666666667,0
4.291666666666667,0
4.708333333333333,0
136.95833333333334,0
136.95833333333334,0
135.91666666666666,0
4.541666666666667,0
137.0,0
136.79166666666666,0
4.416666666666667,0
136.625,0
4.333333333333333,0
3.25,0
193.58333333333334,0
135.95833333333334,0
136.625,0
193.79166666666666,0
136.70833333333334,0
137.0,0
136.95833333333334,0
4.166666666666667,0
137.04166666666666,0
4.541666666666667,0
4.875,0
195.91666666666666,0
4.833333333333333,0
136.08333333333334,0
5.0,0
4.791666666666667,0
4.416666666666667,0
7.708333333333333,0
4.916666666666667,0
136.75,0
136.29166666666666,0
136.33333333333334,0
136.70833333333334,0
7.166666666666667,0
4.583333333333333,0
5.333333333333333,0
137.54166666666666,0
4.916666666666667,0
193.875,0
5.291666666666667,0
194.375,0
4.875,0
194.08333333333334,0
194.08333333333334,0
5.166666666666667,0
5.208333333333333,0
4.625,0
136.58333333333334,0
195.79166666666666,0
137.20833333333334,0
193.58333333333334,0
194.125,0
193.66666666666666,0
137.25,0
194.79166666666666,0
136.41666666666666,0
5.333333333333333,0
4.583333333333333,0
135.95833333333334,0
136.25,0
4.75,0
136.91666666666666,0
4.541666666666667,0
136.20833333333334,0
136.29166666666666,0
136.70833333333334,0
3.1666666666666665,0
136.58333333333334,0
136.83333333333334,0
195.79166666666666,0
7.333333333333333,0
136.45833333333334,0
194.33333333333334,0
135.95833333333334,0
136.16666666666666,0
136.54166666666666,0
193.91666666666666,0
136.875,0
136.75,0
4.625,0
194.29166666666666,0
5.0,0
193.75,0
5.0,0
136.41666666666666,0
137.54166666666666,0
3.125,0
193.83333333333334,0
4.166666666666667,0
5.041666666666667,0
194.0,0
193.79166666666666,0
4.791666666666667,0
136.75,0
196.04166666666666,0
195.875,0
136.5,0
136.54166666666666,0
4.5,0
195.625,0
3.5,0
4.75,0
4.625,0
194.04166666666666,0
7.458333333333333,0
136.29166666666666,0
193.83333333333334,0
136.54166666666666,0
136.75,0
194.08333333333334,0
194.0,0
136.75,0
136.41666666666666,0
4.958333333333333,0
4.791666666666667,0
3.25,0
194.45833333333334,0
137.375,0
4.833333333333333,0
4.458333333333333,0
137.375,0
136.375,0
136.625,0
5.208333333333333,0
26.541666666666668,0
137.125,0
5.041666666666667,0
136.66666666666666,0
7.25,0
4.958333333333333,0
137.20833333333334,0
137.0,0
136.04166666666666,0
3.625,0
5.333333333333333,0
5.0,0
4.625,0
4.625,0
4.791666666666667,0
194.0,0
136.45833333333334,0
5.125,0
136.70833333333334,0
5.083333333333333,0
136.04166666666666,0
194.375,0
5.083333333333333,0
136.70833333333334,0
5.125,0
5.0,0
194.08333333333334,0
4.708333333333333,0
194.41666666666666,0
4.791666666666667,0
194.0,0
194.25,0
193.95833333333334,0
3.5,0
5.041666666666667,0
193.58333333333334,0
137.45833333333334,0
5.041666666666667,0
4.75,0
4.541666666666667,0
193.75,0
193.70833333333334,0
5.166666666666667,0
4.833333333333333,0
4.75,0
193.79166666666666,0
4.875,0
5.125,0
4.666666666666667,0
194.25,0
136.125,0
1e-06,0
45.916666666666664,0
196.125,0
136.70833333333334,0
193.875,0
136.04166666666666,0
193.79166666666666,0
136.04166666666666,0
136.29166666666666,0
137.41666666666666,0
35.708333333333336,0
193.5,0
136.29166666666666,0
195.75,0
194.125,0
193.83333333333334,0
194.25,0
4.375,0
194.0,0
49.041666666666664,0
194.79166666666666,0
136.95833333333334,0
136.54166666666666,0
193.66666666666666,0
4.958333333333333,0
67.5,0
7.333333333333333,0
5.291666666666667,0
194.125,0
193.79166666666666,0
193.91666666666666,0
4.833333333333333,0
136.54166666666666,0
135.95833333333334,0
5.125,0
4.875,0
7.041666666666667,0
136.70833333333334,0
5.208333333333333,0
193.79166666666666,0
4.166666666666667,0
136.75,0
136.70833333333334,0
136.45833333333334,0
136.91666666666666,0
4.541666666666667,0
135.95833333333334,0
136.91666666666666,0
194.125,0
193.79166666666666,0
135.95833333333334,0
136.79166666666666,0
136.5,0
137.33333333333334,0
136.04166666666666,0
137.0,0
136.58333333333334,0
4.708333333333333,0
136.875,0
136.04166666666666,0
136.20833333333334,0
136.5,0
136.66666666666666,0
136.5,0
136.125,0
5.375,0
136.25,0
5.0,0
4.666666666666667,0
137.41666666666666,0
4.666666666666667,0
5.166666666666667,0
137.29166666666666,0
136.125,0
136.375,0
137.04166666666666,0
136.41666666666666,0
4.666666666666667,0
4.375,0
16.041666666666668,0
136.83333333333334,0
136.29166666666666,0
7.083333333333333,0
4.625,0
5.541666666666667,0
5.125,0
5.083333333333333,0
194.5,0
4.541666666666667,0
5.125,0
136.70833333333334,0
193.875,0
136.75,0
137.29166666666666,0
4.625,0
5.208333333333333,0
5.416666666666667,0
136.41666666666666,0
136.625,0
4.875,0
136.45833333333334,0
193.45833333333334,0
136.16666666666666,0
194.04166666666666,0
194.875,0
4.875,0
193.95833333333334,0
4.75,0
136.58333333333334,0
136.375,0
5.166666666666667,0
4.5,0
193.5,0
4.875,0
137.54166666666666,0
4.875,0
136.41666666666666,0
4.5,0
136.58333333333334,0
136.91666666666666,0
194.70833333333334,0
193.70833333333334,0
193.58333333333334,0
4.5,0
136.5,0
5.291666666666667,0
5.125,0
193.75,0
4.541666666666667,0
193.95833333333334,0
136.29166666666666,0
137.08333333333334,0
136.16666666666666,0
193.79166666666666,0
136.08333333333334,0
5.041666666666667,0
135.91666666666666,0
5.416666666666667,0
5.041666666666667,0
4.791666666666667,0
5.041666666666667,0
193.625,0
193.83333333333334,0
136.58333333333334,0
137.08333333333334,0
193.66666666666666,0
4.958333333333333,0
4.875,0
194.33333333333334,0
137.04166666666666,0
136.5,0
3.625,0
193.79166666666666,0
193.75,0
193.70833333333334,0
136.0,0
193.95833333333334,0
137.08333333333334,0
4.791666666666667,0
136.79166666666666,0
137.16666666666666,0
137.25,0
136.54166666666666,0
136.79166666666666,0
193.79166666666666,0
3.6666666666666665,0
7.416666666666667,0
194.54166666666666,0
194.04166666666666,0
137.125,0
136.41666666666666,0
136.875,0
5.375,0
194.70833333333334,0
4.791666666666667,0
3.4166666666666665,0
136.875,0
193.625,0
137.08333333333334,0
137.16666666666666,0
4.916666666666667,0
5.083333333333333,0
136.625,0
3.5416666666666665,0
5.166666666666667,0
136.5,0
193.45833333333334,0
196.125,0
7.666666666666667,0
4.541666666666667,0
137.0,0
5.041666666666667,0
136.29166666666666,0
137.45833333333334,0
5.041666666666667,0
136.875,0
193.91666666666666,0
4.791666666666667,0
194.08333333333334,0
195.95833333333334,0
136.66666666666666,0
193.66666666666666,0
4.75,0
196.16666666666666,0
5.125,0
136.625,0
194.625,0
193.875,0
136.91666666666666,0
5.291666666666667,0
136.75,0
4.583333333333333,0
193.875,0
7.666666666666667,0
194.0,0
193.75,0
136.66666666666666,0
193.70833333333334,0
5.083333333333333,0
136.54166666666666,0
193.41666666666666,0
4.708333333333333,0
4.583333333333333,0
4.833333333333333,0
5.0,0
193.91666666666666,0
193.66666666666666,0
136.75,0
195.91666666666666,0
194.45833333333334,0
193.75,0
4.583333333333333,0
4.708333333333333,0
3.5833333333333335,0
136.83333333333334,0
194.04166666666666,0
136.5,0
5.083333333333333,0
193.875,0
4.708333333333333,0
193.54166666666666,0
4.916666666666667,0
5.458333333333333,0
4.666666666666667,0
137.20833333333334,0
193.70833333333334,0
4.75,0
136.5,0
194.0,0
4.958333333333333,0
4.791666666666667,0
194.54166666666666,0
194.58333333333334,0
4.958333333333333,0
4.666666666666667,0
136.91666666666666,0
4.791666666666667,0
137.20833333333334,0
4.708333333333333,0
4.666666666666667,0
136.95833333333334,0
193.95833333333334,0
5.166666666666667,0
137.5,0
194.08333333333334,0
4.666666666666667,0
194.625,0
137.04166666666666,0
136.45833333333334,0
137.25,0
4.625,0
194.75,0
4.958333333333333,0
137.0,0
193.95833333333334,0
136.29166666666666,0
136.70833333333334,0
136.83333333333334,0
4.833333333333333,0
136.875,0
4.875,0
3.6666666666666665,0
5.291666666666667,0
136.83333333333334,0
136.04166666666666,0
137.04166666666666,0
136.66666666666666,0
194.66666666666666,0
137.08333333333334,0
4.583333333333333,0
136.79166666666666,0
136.25,0
136.625,0
5.375,0
195.70833333333334,0
136.95833333333334,0
194.625,0
5.125,0
193.75,0
137.33333333333334,0
136.375,0
194.0,0
5.083333333333333,0
5.166666666666667,0
193.66666666666666,0
4.833333333333333,0
193.91666666666666,0
4.375,0
4.958333333333333,0
5.125,0
136.75,0
195.66666666666666,0
136.875,0
193.5,0
4.75,0
194.0,0
5.125,0
194.04166666666666,0
4.916666666666667,0
3.5,0
193.54166666666666,0
193.83333333333334,0
4.583333333333333,0
3.3333333333333335,0
193.95833333333334,0
5.375,0
193.70833333333334,0
4.875,0
5.041666666666667,0
4.875,0
5.541666666666667,0
5.0,0
194.04166666666666,0
193.625,0
193.91666666666666,0
194.0,0
4.958333333333333,0
5.333333333333333,0
136.20833333333334,0
5.083333333333333,0
195.625,0
4.791666666666667,0
193.54166666666666,0
5.291666666666667,0
5.083333333333333,0
194.125,0
194.04166666666666,0
193.91666666666666,0
4.875,0
193.75,0
193.70833333333334,0
136.04166666666666,0
194.0,0
136.25,0
4.833333333333333,0
137.20833333333334,0
137.5,0
194.20833333333334,0
5.5,0
136.25,0
136.625,0
136.70833333333334,0
4.708333333333333,0
194.29166666666666,0
4.125,0
4.458333333333333,0
136.625,0
136.25,0
193.95833333333334,0
4.875,0
137.125,0
5.208333333333333,0
4.833333333333333,0
4.791666666666667,0
4.833333333333333,0
136.29166666666666,0
4.583333333333333,0
5.208333333333333,0
5.083333333333333,0
136.20833333333334,0
4.958333333333333,0
5.083333333333333,0
5.125,0
135.95833333333334,0
4.958333333333333,0
5.125,0
194.08333333333334,0
137.20833333333334,0
4.958333333333333,0
193.95833333333334,0
193.45833333333334,0
193.58333333333334,0
193.54166666666666,0
5.083333333333333,0
194.125,0
136.45833333333334,0
194.75,0
193.91666666666666,0
196.0,0
193.875,0
195.875,0
4.958333333333333,0
193.75,0
136.16666666666666,0
5.125,0
5.166666666666667,0
136.91666666666666,0
193.625,0
194.0,0
3.2916666666666665,0
136.79166666666666,0
136.95833333333334,0
4.833333333333333,0
5.083333333333333,0
5.208333333333333,0
136.0,0
4.958333333333333,0
5.166666666666667,0
4.541666666666667,0
136.66666666666666,0
193.75,0
4.833333333333333,0
3.2083333333333335,0
4.541666666666667,0
136.33333333333334,0
136.08333333333334,0
5.0,0
4.625,0
136.75,0
5.291666666666667,0
194.41666666666666,0
4.958333333333333,0
4.916666666666667,0
136.5,0
3.3333333333333335,0
137.125,0
136.75,0
7.375,0
7.125,0
196.16666666666666,0
136.0,0
4.458333333333333,0
4.958333333333333,0
136.75,0
194.16666666666666,0
5.208333333333333,0
4.291666666666667,0
5.166666666666667,0
136.54166666666666,0
136.45833333333334,0
4.5,0
5.375,0
4.75,0
5.125,0
136.25,0
5.25,0
5.083333333333333,0
4.916666666666667,0
4.458333333333333,0
136.58333333333334,0
136.41666666666666,0
136.41666666666666,0
4.5,0
5.25,0
5.0,0
4.208333333333333,0
136.875,0
136.75,0
136.0,0
193.83333333333334,0
4.833333333333333,0
4.583333333333333,0
5.041666666666667,0
4.583333333333333,0
4.833333333333333,0
4.958333333333333,0
196.08333333333334,0
5.333333333333333,0
4.791666666666667,0
5.166666666666667,0
137.125,0
4.75,0
195.875,0
5.166666666666667,0
137.08333333333334,0
4.708333333333333,0
4.875,0
4.75,0
136.20833333333334,0
5.083333333333333,0
4.791666666666667,0
194.33333333333334,0
5.041666666666667,0
4.75,0
5.333333333333333,0
193.95833333333334,0
193.75,0
193.58333333333334,0
4.875,0
137.08333333333334,0
5.125,0
5.25,0
194.08333333333334,0
136.33333333333334,0
193.875,0
193.83333333333334,0
5.458333333333333,0
193.58333333333334,0
4.541666666666667,0
4.666666666666667,0
136.25,0
136.83333333333334,0
193.75,0
137.0,0
5.375,0
4.75,0
5.0,0
5.333333333333333,0
195.95833333333334,0
136.20833333333334,0
136.91666666666666,0
4.875,0
136.45833333333334,0
137.08333333333334,0
5.166666666666667,0
4.791666666666667,0
4.791666666666667,0
4.458333333333333,0
7.25,0
136.625,0
4.458333333333333,0
5.333333333333333,0
136.79166666666666,0
137.0,0
136.70833333333334,0
5.166666666666667,0
166.75,0
4.625,0
136.0,0
136.79166666666666,0
136.66666666666666,0
136.75,0
136.79166666666666,0
137.25,0
136.75,0
136.25,0
137.25,0
4.791666666666667,0
137.25,0
4.666666666666667,0
136.625,0
136.5,0
136.45833333333334,0
136.33333333333334,0
7.625,0
137.08333333333334,0
4.916666666666667,0
136.58333333333334,0
137.0,0
136.45833333333334,0
136.54166666666666,0
136.5,0
136.45833333333334,0
137.0,0
136.70833333333334,0
4.75,0
137.0,0
4.75,0
4.458333333333333,0
136.66666666666666,0
136.54166666666666,0
4.666666666666667,0
136.33333333333334,0
136.875,0
136.83333333333334,0
136.875,0
137.20833333333334,0
136.5,0
4.375,0
4.958333333333333,0
136.375,0
136.58333333333334,0
136.79166666666666,0
136.375,0
136.54166666666666,0
137.0,0
136.79166666666666,0
136.79166666666666,0
136.70833333333334,0
136.625,0
181.83333333333334,0
7.083333333333333,0
136.95833333333334,0
7.708333333333333,0
137.0,0
136.66666666666666,0
4.125,0
136.70833333333334,0
7.208333333333333,0
136.83333333333334,0
136.75,0
153.08333333333334,0
7.208333333333333,0
136.875,0
4.416666666666667,0
4.625,0
4.75,0
136.375,0
4.458333333333333,0
5.083333333333333,0
136.79166666666666,0
136.75,0
4.541666666666667,0
136.75,0
136.45833333333334,0
4.875,0
136.54166666666666,0
137.29166666666666,0
137.125,0
136.95833333333334,0
136.54166666666666,0
136.875,0
136.54166666666666,0
4.875,0
136.45833333333334,0
136.79166666666666,0
136.33333333333334,0
136.54166666666666,0
136.91666666666666,0
4.625,0
136.625,0
136.95833333333334,0
136.33333333333334,0
137.04166666666666,0
7.375,0
4.75,0
136.08333333333334,0
137.125,0
136.5,0
4.666666666666667,0
4.5,0
136.66666666666666,0
4.291666666666667,0
7.125,0
136.875,0
136.91666666666666,0
136.70833333333334,0
136.41666666666666,0
4.541666666666667,0
5.458333333333333,0
136.66666666666666,0
137.08333333333334,0
4.583333333333333,0
136.58333333333334,0
137.0,0
136.66666666666666,0
4.583333333333333,0
136.5,0
136.875,0
67.54166666666667,0
136.375,0
136.95833333333334,0
137.45833333333334,0
4.5,0
136.5,0
136.79166666666666,0
136.33333333333334,0
136.66666666666666,0
136.54166666666666,0
136.54166666666666,0
7.458333333333333,0
136.91666666666666,0
136.625,0
136.5,0
136.54166666666666,0
136.66666666666666,0
136.875,0
4.833333333333333,0
137.33333333333334,0
4.458333333333333,0
137.04166666666666,0
136.45833333333334,0
136.70833333333334,0
136.91666666666666,0
136.58333333333334,0
136.5,0
136.58333333333334,0
136.45833333333334,0
7.583333333333333,0
4.541666666666667,0
136.79166666666666,0
4.708333333333333,0
137.25,0
7.5,0
136.41666666666666,0
4.458333333333333,0
136.5,0
136.375,0
4.875,0
137.125,0
136.125,0
135.95833333333334,0
137.0,0
4.916666666666667,0
136.45833333333334,0
137.04166666666666,0
4.625,0
136.95833333333334,0
136.70833333333334,0
4.416666666666667,0
136.83333333333334,0
136.95833333333334,0
4.416666666666667,0
4.333333333333333,0
4.333333333333333,0
4.333333333333333,0
136.04166666666666,0
136.375,0
136.20833333333334,0
4.666666666666667,0
137.0,0
4.083333333333333,0
135.91666666666666,0
5.458333333333333,0
136.58333333333334,0
136.625,0
5.208333333333333,0
4.833333333333333,0
4.416666666666667,0
4.583333333333333,0
136.41666666666666,0
136.66666666666666,0
137.29166666666666,0
5.125,0
136.0,0
4.541666666666667,0
136.41666666666666,0
136.83333333333334,0
136.83333333333334,0
136.33333333333334,0
136.5,0
136.45833333333334,0
136.83333333333334,0
136.75,0
136.5,0
5.0,0
136.375,0
136.04166666666666,0
4.5,0
136.41666666666666,0
135.875,0
135.875,0
136.45833333333334,0
136.0,0
4.625,0
137.25,0
4.833333333333333,0
5.125,0
4.375,0
136.75,0
136.95833333333334,0
137.58333333333334,0
136.54166666666666,0
136.625,0
136.75,0
4.5,0
4.75,0
136.79166666666666,0
136.375,0
136.29166666666666,0
4.708333333333333,0
136.83333333333334,0
136.125,0
4.416666666666667,0
136.25,0
136.58333333333334,0
136.5,0
136.875,0
136.58333333333334,0
136.75,0
7.416666666666667,0
136.625,0
136.79166666666666,0
136.45833333333334,0
136.58333333333334,0
136.91666666666666,0
136.58333333333334,0
137.33333333333334,0
136.75,0
4.875,0
136.5,0
136.04166666666666,0
136.95833333333334,0
136.58333333333334,0
136.75,0
4.458333333333333,0
136.29166666666666,0
136.91666666666666,0
136.5,0
136.45833333333334,0
136.66666666666666,0
136.08333333333334,0
4.333333333333333,0
4.416666666666667,0
136.375,0
136.41666666666666,0
136.54166666666666,0
136.875,0
136.45833333333334,0
137.45833333333334,0
137.125,0
137.125,0
136.83333333333334,0
137.29166666666666,0
137.29166666666666,0
136.16666666666666,0
136.54166666666666,0
7.625,0
136.70833333333334,0
4.25,0
137.29166666666666,0
136.29166666666666,0
7.083333333333333,0
136.58333333333334,0
4.208333333333333,0
136.91666666666666,0
136.75,0
136.58333333333334,0
136.66666666666666,0
136.25,0
4.291666666666667,0
4.833333333333333,0
136.95833333333334,0
4.375,0
5.0,0
7.166666666666667,0
135.95833333333334,0
136.45833333333334,0
137.125,0
137.04166666666666,0
136.91666666666666,0
136.95833333333334,0
136.95833333333334,0
136.41666666666666,0
136.45833333333334,0
136.58333333333334,0
137.08333333333334,0
136.08333333333334,0
4.916666666666667,0
136.70833333333334,0
136.5,0
136.45833333333334,0
4.958333333333333,0
136.79166666666666,0
136.125,0
4.541666666666667,0
136.54166666666666,0
5.458333333333333,0
4.75,0
4.875,0
4.75,0
136.625,0
136.70833333333334,0
136.5,0
4.208333333333333,0
4.875,0
136.54166666666666,0
4.291666666666667,0
136.54166666666666,0
137.125,0
137.0,0
4.916666666666667,0
4.916666666666667,0
136.66666666666666,0
137.25,0
4.375,0
136.66666666666666,0
4.583333333333333,0
4.875,0
136.41666666666666,0
136.5,0
135.95833333333334,0
137.0,0
4.75,0
136.54166666666666,0
136.45833333333334,0
68.16666666666667,0
136.20833333333334,0
135.95833333333334,0
136.41666666666666,0
136.58333333333334,0
136.83333333333334,0
136.41666666666666,0
137.29166666666666,0
4.75,0
136.45833333333334,0
136.16666666666666,0
136.70833333333334,0
137.08333333333334,0
137.16666666666666,0
7.583333333333333,0
4.916666666666667,0
137.0,0
4.75,0
136.70833333333334,0
5.333333333333333,0
4.583333333333333,0
4.5,0
4.833333333333333,0
5.041666666666667,0
136.54166666666666,0
136.54166666666666,0
4.833333333333333,0
4.416666666666667,0
7.541666666666667,0
136.95833333333334,0
137.20833333333334,0
137.33333333333334,0
136.45833333333334,0
4.5,0
7.291666666666667,0
4.375,0
137.08333333333334,0
136.875,0
136.375,0
4.375,0
4.666666666666667,0
7.458333333333333,0
4.541666666666667,0
7.291666666666667,0
136.625,0
136.91666666666666,0
136.66666666666666,0
136.45833333333334,0
136.66666666666666,0
5.125,0
136.58333333333334,0
4.25,0
136.5,0
136.75,0
136.95833333333334,0
4.458333333333333,0
136.54166666666666,0
4.458333333333333,0
7.625,0
137.125,0
7.583333333333333,0
4.5,0
136.95833333333334,0
4.583333333333333,0
5.416666666666667,0
136.95833333333334,0
4.666666666666667,0
137.125,0
5.291666666666667,0
137.16666666666666,0
4.416666666666667,0
136.83333333333334,0
4.791666666666667,0
4.833333333333333,0
4.666666666666667,0
136.75,0
4.833333333333333,0
137.0,0
4.791666666666667,0
136.41666666666666,0
136.625,0
136.70833333333334,0
60.041666666666664,0
48.583333333333336,0
4.5,0
5.208333333333333,0
136.79166666666666,0
49.083333333333336,0
136.41666666666666,0
136.83333333333334,0
5.333333333333333,0
136.95833333333334,0
136.91666666666666,0
136.75,0
136.875,0
135.95833333333334,0
137.04166666666666,0
136.29166666666666,0
4.791666666666667,0
136.66666666666666,0
136.375,0
4.958333333333333,0
5.0,0
7.208333333333333,0
136.875,0
4.583333333333333,0
5.5,0
4.625,0
4.416666666666667,0
4.416666666666667,0
136.66666666666666,0
136.54166666666666,0
4.875,0
4.5,0
136.375,0
137.25,0
4.708333333333333,0
5.0,0
4.75,0
4.5,0
136.54166666666666,0
136.58333333333334,0
136.375,0
136.875,0
137.20833333333334,0
4.416666666666667,0
4.958333333333333,0
4.875,0
137.125,0
4.958333333333333,0
4.375,0
137.16666666666666,0
4.458333333333333,0
4.291666666666667,0
4.791666666666667,0
136.16666666666666,0
35.083333333333336,0
136.20833333333334,0
4.5,0
181.5,0
4.541666666666667,0
4.708333333333333,0
136.91666666666666,0
7.666666666666667,0
136.20833333333334,0
136.70833333333334,0
4.666666666666667,0
136.33333333333334,0
4.458333333333333,0
4.5,0
137.16666666666666,0
4.75,0
4.708333333333333,0
136.33333333333334,0
4.875,0
136.625,0
136.79166666666666,0
137.25,0
137.0,0
136.83333333333334,0
136.79166666666666,0
136.83333333333334,0
136.45833333333334,0
5.125,0
136.16666666666666,0
4.791666666666667,0
4.833333333333333,0
136.70833333333334,0
7.5,0
5.25,0
136.95833333333334,0
136.66666666666666,0
5.166666666666667,0
136.125,0
136.79166666666666,0
136.125,0
136.20833333333334,0
136.45833333333334,0
136.58333333333334,0
137.16666666666666,0
137.04166666666666,0
136.5,0
136.45833333333334,0
5.291666666666667,0
136.625,0
4.416666666666667,0
4.666666666666667,0
4.916666666666667,0
136.625,0
136.875,0
4.958333333333333,0
4.291666666666667,0
4.875,0
136.91666666666666,0
4.333333333333333,0
4.916666666666667,0
136.5,0
136.625,0
4.541666666666667,0
4.791666666666667,0
4.583333333333333,0
7.166666666666667,0
136.66666666666666,0
7.333333333333333,0
137.125,0
4.875,0
5.0,0
136.91666666666666,0
4.5,0
4.666666666666667,0
4.541666666666667,0
136.70833333333334,0
5.0,0
136.5,0
136.66666666666666,0
4.416666666666667,0
137.20833333333334,0
4.916666666666667,0
170.58333333333334,0
4.458333333333333,0
136.70833333333334,0
136.375,0
136.875,0
5.0,0
5.083333333333333,0
4.875,0
5.041666666666667,0
4.583333333333333,0
136.625,0
4.583333333333333,0
136.75,0
136.41666666666666,0
137.0,0
136.58333333333334,0
4.583333333333333,0
136.83333333333334,0
136.41666666666666,0
136.79166666666666,0
4.75,0
136.5,0
4.916666666666667,0
4.375,0
136.83333333333334,0
137.0,0
4.541666666666667,0
4.625,0
4.541666666666667,0
136.95833333333334,0
136.625,0
4.833333333333333,0
4.458333333333333,0
137.25,0
136.41666666666666,0
4.791666666666667,0
4.416666666666667,0
136.29166666666666,0
4.583333333333333,0
4.75,0
137.04166666666666,0
137.04166666666666,0
136.91666666666666,0
4.333333333333333,0
4.5,0
136.45833333333334,0
9.583333333333334,0
136.625,0
5.208333333333333,0
5.25,0
136.58333333333334,0
137.0,0
4.375,0
4.833333333333333,0
5.0,0
4.666666666666667,0
7.416666666666667,0
136.70833333333334,0
136.125,0
137.33333333333334,0
4.916666666666667,0
4.958333333333333,0
136.75,0
4.458333333333333,0
4.458333333333333,0
136.08333333333334,0
137.08333333333334,0
136.54166666666666,0
5.125,0
136.625,0
5.458333333333333,0
136.25,0
136.66666666666666,0
136.0,0
7.625,0
136.79166666666666,0
136.875,0
4.458333333333333,0
4.541666666666667,0
4.375,0
4.916666666666667,0
135.95833333333334,0
4.458333333333333,0
58.0,0
37.5,0
22.916666666666668,0
669.4166666666666,0
599.7083333333334,0
571.4583333333334,0
708.4166666666666,0
708.2083333333334,0
645.4166666666666,0
708.125,0
707.9166666666666,0
681.5416666666666,0
643.125,0
681.8333333333334,0
707.8333333333334,0
707.75,0
676.4583333333334,0
707.875,0
707.625,0
708.125,0
681.75,0
708.0833333333334,0
708.0833333333334,0
671.5,0
708.4166666666666,0
679.3333333333334,0
675.8333333333334,0
682.5,0
707.8333333333334,0
708.375,0
707.9166666666666,0
708.0,0
707.9583333333334,0
675.875,0
708.0,0
708.2916666666666,0
675.875,0
676.3333333333334,0
682.125,0
708.1666666666666,0
682.0833333333334,0
708.0,0
679.2083333333334,0
707.6666666666666,0
676.9583333333334,0
676.625,0
643.4583333333334,0
708.1666666666666,0
682.2916666666666,0
708.0416666666666,0
707.875,0
708.0,0
675.9166666666666,0
708.4166666666666,0
707.9583333333334,0
675.9166666666666,0
675.7083333333334,0
676.0,0
676.7083333333334,0
643.0833333333334,0
707.9166666666666,0
675.5416666666666,0
707.875,0
676.4166666666666,0
708.0,0
707.9166666666666,0
707.4583333333334,0
681.75,0
676.5833333333334,0
708.0416666666666,0
708.25,0
681.7916666666666,0
676.0416666666666,0
681.625,0
676.7083333333334,0
707.8333333333334,0
675.9583333333334,0
681.8333333333334,0
675.9166666666666,0
675.75,0
708.125,0
675.875,0
708.0416666666666,0
707.9583333333334,0
676.7083333333334,0
707.6666666666666,0
643.75,0
675.7916666666666,0
707.7083333333334,0
676.0416666666666,0
676.2083333333334,0
675.9583333333334,0
709.8333333333334,0
676.0,0
675.9166666666666,0
681.7916666666666,0
682.0,0
676.5,0
679.5,0
676.9583333333334,0
708.25,0
708.0416666666666,0
707.8333333333334,0
708.2083333333334,0
707.7916666666666,0
679.375,0
707.8333333333334,0
656.0,0
656.3333333333334,0
708.0,0
707.8333333333334,0
708.1666666666666,0
707.9166666666666,0
645.7083333333334,0
645.6666666666666,0
707.9166666666666,0
708.2916666666666,0
676.7083333333334,0
676.375,0
643.3333333333334,0
710.0833333333334,0
676.5416666666666,0
682.125,0
681.9583333333334,0
645.875,0
643.2916666666666,0
707.9583333333334,0
707.9166666666666,0
708.125,0
681.9583333333334,0
643.75,0
681.5416666666666,0
645.8333333333334,0
707.9583333333334,0
708.0,0
708.4166666666666,0
681.875,0
679.4166666666666,0
708.125,0
681.7916666666666,0
682.2083333333334,0
707.7916666666666,0
643.2916666666666,0
643.7083333333334,0
708.3333333333334,0
681.9166666666666,0
707.875,0
675.7083333333334,0
676.625,0
677.0833333333334,0
708.25,0
676.875,0
643.1666666666666,0
676.4583333333334,0
682.0833333333334,0
682.1666666666666,0
707.7916666666666,0
707.8333333333334,0
708.25,0
643.5,0
675.8333333333334,0
682.0416666666666,0
681.9583333333334,0
643.5416666666666,0
681.6666666666666,0
707.7916666666666,0
676.875,0
682.2083333333334,0
656.8333333333334,0
682.2083333333334,0
707.875,0
676.875,0
676.0,0
708.4166666666666,0
708.4166666666666,0
676.625,0
708.25,0
707.6666666666666,0
681.875,0
682.1666666666666,0
707.8333333333334,0
709.5,0
643.2083333333334,0
643.2083333333334,0
707.9166666666666,0
643.375,0
679.0416666666666,0
707.9583333333334,0
682.1666666666666,0
707.8333333333334,0
676.5833333333334,0
708.1666666666666,0
708.125,0
675.5,0
681.9166666666666,0
675.7916666666666,0
708.2083333333334,0
682.3333333333334,0
708.375,0
682.0416666666666,0
681.6666666666666,0
709.9166666666666,0
707.875,0
676.7916666666666,0
708.0416666666666,0
707.9166666666666,0
643.1666666666666,0
682.125,0
679.5416666666666,0
708.2916666666666,0
681.8333333333334,0
681.5833333333334,0
656.7916666666666,0
676.4166666666666,0
677.125,0
682.0,0
707.7083333333334,0
707.625,0
643.625,0
682.1666666666666,0
707.8333333333334,0
708.0,0
707.6666666666666,0
708.0,0
709.9583333333334,0
707.5833333333334,0
643.625,0
707.9166666666666,0
707.7916666666666,0
676.0416666666666,0
709.75,0
707.875,0
707.8333333333334,0
709.9166666666666,0
708.2083333333334,0
679.4583333333334,0
643.5833333333334,0
707.9166666666666,0
708.125,0
708.0833333333334,0
708.2083333333334,0
681.6666666666666,0
643.625,0
707.875,0
708.2916666666666,0
676.4166666666666,0
675.7916666666666,0
682.0,0
708.0416666666666,0
675.75,0
676.5,0
707.9583333333334,0
643.2083333333334,0
643.375,0
682.2083333333334,0
709.5833333333334,0
708.1666666666666,0
681.6666666666666,0
676.0833333333334,0
709.6666666666666,0
708.125,0
682.1666666666666,0
709.8333333333334,0
707.6666666666666,0
708.375,0
676.5833333333334,0
707.8333333333334,0
646.0,0
707.875,0
682.1666666666666,0
681.5833333333334,0
708.4583333333334,0
707.9166666666666,0
643.375,0
675.875,0
707.75,0
682.0833333333334,0
681.7083333333334,0
645.8333333333334,0
708.1666666666666,0
681.9583333333334,0
708.25,0
707.9166666666666,0
643.5416666666666,0
708.1666666666666,0
707.6666666666666,0
679.4166666666666,0
708.0833333333334,0
707.75,0
708.2083333333334,0
708.125,0
679.0416666666666,0
707.75,0
708.25,0
676.625,0
681.6666666666666,0
676.7916666666666,0
709.7916666666666,0
682.125,0
681.7916666666666,0
707.8333333333334,0
681.75,0
708.125,0
643.5,0
676.0,0
709.875,0
681.625,0
707.7916666666666,0
681.9583333333334,0
709.9583333333334,0
646.0,0
708.1666666666666,0
707.75,0
707.9583333333334,0
707.625,0
707.7916666666666,0
707.7916666666666,0
682.0833333333334,0
709.5833333333334,0
708.0,0
710.0416666666666,0
676.875,0
708.2083333333334,0
681.9166666666666,0
675.75,0
675.7916666666666,0
682.0416666666666,0
708.2916666666666,0
707.7083333333334,0
708.0416666666666,0
708.4583333333334,0
708.0833333333334,0
708.2916666666666,0
707.9583333333334,0
707.875,0
682.2083333333334,0
643.375,0
681.7916666666666,0
707.8333333333334,0
643.2083333333334,0
708.25,0
676.625,0
675.75,0
676.375,0
677.0,0
679.2916666666666,0
708.1666666666666,0
682.0416666666666,0
676.6666666666666,0
708.0416666666666,0
709.6666666666666,0
643.625,0
707.7916666666666,0
707.7083333333334,0
682.0833333333334,0
708.2916666666666,0
676.6666666666666,0
676.5416666666666,0
676.4166666666666,0
675.9583333333334,0
681.7916666666666,0
707.9166666666666,0
709.7083333333334,0
708.0833333333334,0
708.375,0
676.4583333333334,0
675.8333333333334,0
681.75,0
682.125,0
643.4583333333334,0
676.5,0
679.4166666666666,0
676.5416666666666,0
709.5416666666666,0
676.3333333333334,0
708.1666666666666,0
707.75,0
682.0416666666666,0
681.5416666666666,0
682.0416666666666,0
682.0416666666666,0
682.375,0
678.1666666666666,0
707.875,0
707.7083333333334,0
682.2916666666666,0
643.4583333333334,0
643.2916666666666,0
707.875,0
677.75,0
682.0,0
645.9166666666666,0
681.7083333333334,0
709.625,0
707.8333333333334,0
707.75,0
709.5,0
676.625,0
677.1666666666666,0
708.0,0
643.25,0
708.4166666666666,0
708.375,0
682.25,0
707.9583333333334,0
707.9583333333334,0
708.0833333333334,0
707.8333333333334,0
643.0416666666666,0
708.125,0
643.75,0
676.75,0
710.0416666666666,0
708.125,0
682.2916666666666,0
708.125,0
681.5416666666666,0
707.5833333333334,0
643.1666666666666,0
676.6666666666666,0
681.625,0
708.0833333333334,0
709.9166666666666,0
676.5833333333334,0
708.375,0
709.5833333333334,0
679.2083333333334,0
675.75,0
681.9166666666666,0
708.2916666666666,0
681.5416666666666,0
676.625,0
643.75,0
707.7083333333334,0
682.0,0
681.9166666666666,0
679.5,0
681.9583333333334,0
707.7916666666666,0
643.2083333333334,0
708.375,0
681.625,0
681.6666666666666,0
643.7916666666666,0
682.2916666666666,0
676.5416666666666,0
679.4166666666666,0
708.0,0
681.7916666666666,0
709.8333333333334,0
675.5416666666666,0
682.2916666666666,0
676.5416666666666,0
643.375,0
676.4166666666666,0
708.25,0
708.0416666666666,0
707.9583333333334,0
676.5416666666666,0
643.625,0
681.7083333333334,0
682.1666666666666,0
708.125,0
643.2916666666666,0
708.2083333333334,0
708.0416666666666,0
708.1666666666666,0
681.7083333333334,0
676.6666666666666,0
643.0416666666666,0
676.5,0
677.0,0
643.5,0
643.625,0
643.6666666666666,0
707.625,0
708.0833333333334,0
643.0,0
707.7916666666666,0
675.8333333333334,0
682.125,0
707.9166666666666,0
643.2916666666666,0
707.875,0
675.625,0
707.9583333333334,0
643.5833333333334,0
708.1666666666666,0
708.375,0
643.625,0
645.6666666666666,0
708.1666666666666,0
707.8333333333334,0
643.3333333333334,0
707.9583333333334,0
708.125,0
708.3333333333334,0
643.5,0
643.0833333333334,0
708.2916666666666,0
643.4166666666666,0
707.8333333333334,0
681.7083333333334,0
707.9583333333334,0
677.0416666666666,0
708.0,0
643.7083333333334,0
708.3333333333334,0
643.375,0
708.1666666666666,0
707.875,0
707.875,0
708.2916666666666,0
643.0416666666666,0
709.5,0
677.0833333333334,0
709.9583333333334,0
708.0416666666666,0
708.0833333333334,0
676.4166666666666,0
709.4583333333334,0
681.5,0
709.7916666666666,0
681.5833333333334,0
707.9583333333334,0
645.4166666666666,0
675.9583333333334,0
676.0416666666666,0
679.125,0
675.75,0
676.0416666666666,0
676.0833333333334,0
707.9166666666666,0
707.625,0
707.7916666666666,0
676.5833333333334,0
681.7916666666666,0
708.125,0
708.2083333333334,0
682.0,0
708.2083333333334,0
676.5416666666666,0
675.7916666666666,0
707.875,0
708.2083333333334,0
707.875,0
676.5833333333334,0
707.7916666666666,0
643.0416666666666,0
679.0,0
708.0416666666666,0
681.8333333333334,0
643.25,0
679.375,0
681.5833333333334,0
708.2083333333334,0
676.0416666666666,0
676.25,0
676.0,0
708.25,0
707.9583333333334,0
681.7916666666666,0
643.4583333333334,0
675.7916666666666,0
708.1666666666666,0
681.8333333333334,0
708.0833333333334,0
708.4166666666666,0
676.625,0
708.2083333333334,0
707.7916666666666,0
676.5416666666666,0
675.75,0
707.875,0
709.8333333333334,0
707.5,0
708.125,0
708.0,0
707.7916666666666,0
707.75,0
707.5833333333334,0
708.125,0
676.3333333333334,0
676.5,0
707.7083333333334,0
682.3333333333334,0
675.875,0
707.75,0
676.5,0
675.875,0
676.0833333333334,0
707.9166666666666,0
676.0,0
681.75,0
707.75,0
643.5416666666666,0
681.875,0
676.625,0
708.0833333333334,0
676.4583333333334,0
708.3333333333334,0
708.125,0
643.5,0
675.9583333333334,0
676.5,0
676.0833333333334,0
675.875,0
708.4166666666666,0
676.0833333333334,0
708.25,0
708.0833333333334,0
676.0833333333334,0
676.0,0
675.9166666666666,0
675.7083333333334,0
676.3333333333334,0
676.0,0
707.8333333333334,0
708.0,0
675.9583333333334,0
681.9583333333334,0
681.9583333333334,0
708.0416666666666,0
675.9166666666666,0
675.8333333333334,0
707.9583333333334,0
708.0833333333334,0
676.7083333333334,0
708.25,0
682.125,0
682.0833333333334,0
643.4166666666666,0
643.4166666666666,0
643.2916666666666,0
681.5833333333334,0
643.4583333333334,0
643.5,0
643.2916666666666,0
657.5416666666666,0
503.2083333333333,0
669.7083333333334,0
671.6666666666666,0
671.375,0
669.6666666666666,0
669.4583333333334,0
669.5,0
586.75,0
671.9583333333334,0
657.4583333333334,0
669.9583333333334,0
656.0833333333334,0
671.75,0
671.5833333333334,0
656.9583333333334,0
656.625,0
670.2083333333334,0
655.9166666666666,0
669.3333333333334,0
669.5416666666666,0
669.5833333333334,0
669.375,0
658.5416666666666,0
655.8333333333334,0
657.5833333333334,0
669.5416666666666,0
669.4166666666666,0
671.875,0
660.7083333333334,0
656.5833333333334,0
671.4166666666666,0
656.375,0
588.0,0
669.6666666666666,0
669.7083333333334,0
657.2916666666666,0
665.0833333333334,0
656.9166666666666,0
656.6666666666666,0
656.9583333333334,0
669.5416666666666,0
670.1666666666666,0
671.4583333333334,0
669.5,0
670.0416666666666,0
669.75,0
669.4583333333334,0
644.0416666666666,0
669.5,0
669.3333333333334,0
671.7083333333334,0
462.25,0
468.7083333333333,0
643.625,0
655.9583333333334,0
470.125,0
669.2916666666666,0
469.1666666666667,0
643.75,0
643.1666666666666,0
655.5416666666666,0
470.2916666666667,0
669.2916666666666,0
656.6666666666666,0
643.7916666666666,0
643.0416666666666,0
669.4166666666666,0
643.3333333333334,0
468.875,0
669.5833333333334,0
643.375,0
655.9583333333334,0
656.0,0
643.4583333333334,0
669.3333333333334,0
643.25,0
657.7083333333334,0
643.5416666666666,0
657.5416666666666,0
655.5416666666666,0
643.0416666666666,0
671.2916666666666,0
469.25,0
643.5833333333334,0
643.4583333333334,0
669.5416666666666,0
470.9583333333333,0
655.5416666666666,0
670.0833333333334,0
643.4583333333334,0
657.0416666666666,0
656.8333333333334,0
669.6666666666666,0
643.0416666666666,0
643.0,0
643.375,0
643.7916666666666,0
470.2916666666667,0
470.5,0
669.7083333333334,0
671.5,0
643.5416666666666,0
643.125,0
671.1666666666666,0
655.4583333333334,0
655.5416666666666,0
643.625,0
468.875,0
657.0416666666666,0
470.0833333333333,0
643.0833333333334,0
655.9583333333334,0
423.2083333333333,0
655.6666666666666,0
669.7916666666666,0
669.9583333333334,0
671.2083333333334,0
643.7916666666666,0
656.4166666666666,0
643.25,0
669.8333333333334,0
655.5,0
655.75,0
643.6666666666666,0
643.625,0
656.8333333333334,0
669.625,0
656.4583333333334,0
669.375,0
655.9166666666666,0
655.75,0
669.875,0
590.2083333333334,0
670.0416666666666,0
655.9583333333334,0
657.5416666666666,0
657.625,0
669.8333333333334,0
669.7083333333334,0
656.5,0
671.2916666666666,0
657.625,0
669.3333333333334,0
669.4166666666666,0
655.8333333333334,0
657.7083333333334,0
669.7083333333334,0
657.6666666666666,0
658.5833333333334,0
656.875,0
670.0,0
475.0833333333333,0
669.9583333333334,0
657.5833333333334,0
669.3333333333334,0
669.25,0
656.7083333333334,0
669.7916666666666,0
671.4166666666666,0
655.7916666666666,0
677.3333333333334,0
672.0416666666666,0
656.5833333333334,0
656.875,0
655.9583333333334,0
669.75,0
671.6666666666666,0
656.6666666666666,0
669.4583333333334,0
670.0,0
669.2083333333334,0
669.3333333333334,0
656.4166666666666,0
671.8333333333334,0
672.0416666666666,0
671.9166666666666,0
655.4583333333334,0
671.125,0
657.375,0
656.75,0
669.5,0
669.5833333333334,0
656.375,0
669.7916666666666,0
669.4583333333334,0
655.875,0
643.2916666666666,0
658.5416666666666,0
658.0416666666666,0
643.25,0
470.1666666666667,0
657.7916666666666,0
656.875,0
656.8333333333334,0
646.7916666666666,0
656.875,0
657.25,0
643.9583333333334,0
643.2083333333334,0
655.7083333333334,0
657.7083333333334,0
656.4583333333334,0
646.9166666666666,0
643.6666666666666,0
470.375,0
643.75,0
656.625,0
656.1666666666666,0
643.5833333333334,0
656.5833333333334,0
646.7916666666666,0
643.4583333333334,0
655.5833333333334,0
655.7916666666666,0
643.3333333333334,0
669.375,0
660.7916666666666,0
470.5416666666667,0
669.7916666666666,0
468.9583333333333,0
643.0833333333334,0
656.0,0
471.5,0
479.9166666666667,0
656.9166666666666,0
655.625,0
671.5,0
643.5416666666666,0
669.5416666666666,0
656.6666666666666,0
655.8333333333334,0
468.875,0
643.5416666666666,0
655.7083333333334,0
470.1666666666667,0
655.625,0
671.5,0
643.8333333333334,0
669.8333333333334,0
656.7916666666666,0
671.5833333333334,0
671.4166666666666,0
644.125,0
643.6666666666666,0
656.5416666666666,0
656.125,0
644.0833333333334,0
657.1666666666666,0
656.375,0
661.25,0
661.0,0
643.2083333333334,0
669.5833333333334,0
647.125,0
470.75,0
643.7083333333334,0
643.5416666666666,0
669.375,0
470.0,0
656.7916666666666,0
655.5,0
657.4583333333334,0
669.8333333333334,0
669.375,0
657.875,0
671.6666666666666,0
655.7083333333334,0
655.6666666666666,0
469.0833333333333,0
655.625,0
670.0833333333334,0
643.6666666666666,0
470.0833333333333,0
643.5833333333334,0
470.2083333333333,0
669.4583333333334,0
643.3333333333334,0
643.5,0
643.4583333333334,0
643.4583333333334,0
643.0833333333334,0
655.625,0
643.0416666666666,0
643.625,0
656.6666666666666,0
657.25,0
643.8333333333334,0
672.0,0
643.1666666666666,0
643.375,0
657.875,0
643.7916666666666,0
643.5833333333334,0
657.1666666666666,0
470.3333333333333,0
468.7083333333333,0
643.5,0
643.0,0
658.8333333333334,0
643.4166666666666,0
657.25,0
669.25,0
643.5416666666666,0
669.875,0
643.4166666666666,0
643.375,0
643.25,0
669.4583333333334,0
669.7916666666666,0
643.25,0
658.1666666666666,0
659.0,0
643.3333333333334,0
671.2916666666666,0
643.875,0
643.5833333333334,0
671.4166666666666,0
643.25,0
471.375,0
657.7083333333334,0
658.75,0
643.5833333333334,0
643.4166666666666,0
470.5,0
656.9166666666666,0
655.7083333333334,0
470.7916666666667,0
643.2916666666666,0
656.6666666666666,0
669.875,0
643.625,0
643.3333333333334,0
643.5416666666666,0
669.7916666666666,0
643.7083333333334,0
656.8333333333334,0
658.9583333333334,0
655.75,0
643.6666666666666,0
643.5416666666666,0
669.4583333333334,0
657.125,0
643.2083333333334,0
644.0,0
643.8333333333334,0
643.6666666666666,0
643.75,0
643.9166666666666,0
468.75,0
643.375,0
643.6666666666666,0
655.75,0
656.875,0
644.1666666666666,0
643.2083333333334,0
647.0416666666666,0
645.8333333333334,0
643.4583333333334,0
656.4166666666666,0
643.3333333333334,0
643.4583333333334,0
669.2916666666666,0
643.3333333333334,0
643.5,0
470.5416666666667,0
643.4166666666666,0
643.8333333333334,0
647.25,0
645.9583333333334,0
643.5416666666666,0
470.2916666666667,0
470.0833333333333,0
469.0833333333333,0
669.4583333333334,0
643.3333333333334,0
647.3333333333334,0
643.7083333333334,0
468.7916666666667,0
645.7916666666666,0
644.0833333333334,0
646.9583333333334,0
655.75,0
643.5,0
658.0416666666666,0
321.875,0
656.375,0
655.7083333333334,0
658.8333333333334,0
643.375,0
647.4166666666666,0
656.25,0
643.375,0
643.5,0
669.8333333333334,0
470.75,0
643.7083333333334,0
669.3333333333334,0
643.6666666666666,0
643.75,0
643.5,0
669.2083333333334,0
643.8333333333334,0
471.1666666666667,0
646.75,0
647.0833333333334,0
470.7083333333333,0
657.0,0
643.0416666666666,0
669.5,0
469.0833333333333,0
643.8333333333334,0
470.5416666666667,0
643.625,0
669.2916666666666,0
669.5,0
658.6666666666666,0
643.4166666666666,0
643.25,0
658.0833333333334,0
468.9166666666667,0
643.7083333333334,0
655.5,0
677.25,0
671.5416666666666,0
471.0416666666667,0
643.0,0
470.125,0
660.7916666666666,0
643.8333333333334,0
656.0,0
643.8333333333334,0
643.5,0
657.0,0
644.2083333333334,0
643.375,0
655.6666666666666,0
643.6666666666666,0
643.5416666666666,0
643.4166666666666,0
471.2083333333333,0
656.9583333333334,0
658.0,0
470.7916666666667,0
657.2916666666666,0
655.5,0
643.5833333333334,0
471.0416666666667,0
643.4166666666666,0
643.3333333333334,0
643.9583333333334,0
671.375,0
643.3333333333334,0
643.5,0
643.5833333333334,0
643.7083333333334,0
470.0,0
643.5,0
643.4583333333334,0
647.1666666666666,0
643.2916666666666,0
643.5416666666666,0
655.625,0
643.3333333333334,0
643.4166666666666,0
643.875,0
643.2083333333334,0
655.375,0
468.75,0
661.0416666666666,0
643.5833333333334,0
643.7083333333334,0
656.625,0
656.7916666666666,0
469.0,0
656.7083333333334,0
643.4583333333334,0
656.9166666666666,0
643.9583333333334,0
643.8333333333334,0
599.5416666666666,0
655.75,0
643.5416666666666,0
643.9166666666666,0
669.75,0
468.7916666666667,0
669.4583333333334,0
470.8333333333333,0
643.25,0
657.1666666666666,0
643.5833333333334,0
655.5416666666666,0
657.7083333333334,0
657.625,0
656.4166666666666,0
647.0833333333334,0
643.5833333333334,0
647.0416666666666,0
563.2916666666666,0
643.4166666666666,0
644.2083333333334,0
470.5416666666667,0
470.0,0
643.5416666666666,0
470.1666666666667,0
468.8333333333333,0
669.875,0
655.5,0
643.25,0
669.4166666666666,0
643.375,0
657.1666666666666,0
643.375,0
471.3333333333333,0
643.7083333333334,0
643.25,0
643.625,0
656.25,0
656.0,0
642.9583333333334,0
656.7083333333334,0
656.7916666666666,0
643.9166666666666,0
669.5833333333334,0
470.2083333333333,0
487.75,0
669.375,0
660.8333333333334,0
643.2916666666666,0
656.7916666666666,0
671.5416666666666,0
655.7083333333334,0
669.75,0
671.5833333333334,0
671.75,0
656.625,0
646.75,0
656.125,0
647.1666666666666,0
655.8333333333334,0
669.7916666666666,0
643.625,0
655.9166666666666,0
656.0416666666666,0
643.2083333333334,0
643.8333333333334,0
643.375,0
471.5,0
643.5833333333334,0
656.6666666666666,0
468.6666666666667,0
643.6666666666666,0
656.7916666666666,0
656.9583333333334,0
643.2916666666666,0
669.9583333333334,0
643.7916666666666,0
643.75,0
643.625,0
655.75,0
656.5,0
643.7083333333334,0
669.875,0
656.875,0
655.7916666666666,0
643.0416666666666,0
656.6666666666666,0
655.625,0
643.7083333333334,0
643.625,0
655.4166666666666,0
647.125,0
655.5416666666666,0
657.7916666666666,0
656.9166666666666,0
643.1666666666666,0
470.625,0
643.4166666666666,0
655.7083333333334,0
643.5416666666666,0
643.1666666666666,0
643.625,0
645.9583333333334,0
657.2083333333334,0
470.1666666666667,0
468.8333333333333,0
643.375,0
660.6666666666666,0
470.4166666666667,0
670.0416666666666,0
647.125,0
644.0416666666666,0
469.0,0
656.4583333333334,0
468.6666666666667,0
643.5833333333334,0
468.7083333333333,0
671.2083333333334,0
643.5833333333334,0
656.8333333333334,0
643.8333333333334,0
642.9583333333334,0
643.625,0
659.0833333333334,0
471.375,0
643.4166666666666,0
670.125,0
643.7083333333334,0
643.125,0
643.4166666666666,0
643.4166666666666,0
655.875,0
643.5833333333334,0
643.25,0
655.6666666666666,0
471.1666666666667,0
646.875,0
656.7916666666666,0
643.75,0
647.2916666666666,0
468.5,0
670.2083333333334,0
644.1666666666666,0
470.4583333333333,0
643.7916666666666,0
655.9583333333334,0
643.1666666666666,0
643.2916666666666,0
670.125,0
669.375,0
644.0,0
643.5,0
669.7083333333334,0
643.75,0
656.0833333333334,0
655.9583333333334,0
470.5,0
471.5,0
657.2083333333334,0
643.1666666666666,0
470.125,0
643.5,0
643.6666666666666,0
468.625,0
670.125,0
656.7083333333334,0
657.5,0
671.625,0
470.1666666666667,0
669.8333333333334,0
643.375,0
643.3333333333334,0
470.0833333333333,0
644.0,0
470.375,0
643.6666666666666,0
656.75,0
655.8333333333334,0
643.3333333333334,0
669.875,0
644.125,0
643.5833333333334,0
468.9583333333333,0
470.25,0
643.7916666666666,0
657.0833333333334,0
657.2083333333334,0
657.4166666666666,0
468.9166666666667,0
643.875,0
656.25,0
643.6666666666666,0
669.75,0
645.625,0
643.5,0
470.875,0
643.7916666666666,0
645.4583333333334,0
656.4583333333334,0
645.7916666666666,0
643.25,0
643.4583333333334,0
669.2083333333334,0
644.125,0
643.7083333333334,0
468.9166666666667,0
660.7916666666666,0
643.4583333333334,0
643.5,0
656.7083333333334,0
655.875,0
643.0416666666666,0
669.4166666666666,0
669.2083333333334,0
643.75,0
643.0416666666666,0
470.6666666666667,0
643.125,0
656.5416666666666,0
643.4583333333334,0
468.5416666666667,0
643.1666666666666,0
671.7916666666666,0
643.125,0
669.5833333333334,0
670.0833333333334,0
661.0416666666666,0
643.2083333333334,0
656.2083333333334,0
656.6666666666666,0
643.5,0
671.7083333333334,0
643.5416666666666,0
671.5833333333334,0
471.125,0
643.5416666666666,0
643.8333333333334,0
470.2916666666667,0
643.7916666666666,0
643.25,0
643.75,0
643.375,0
647.1666666666666,0
470.7916666666667,0
462.375,0
643.5833333333334,0
643.125,0
470.125,0
643.4583333333334,0
643.875,0
643.3333333333334,0
643.6666666666666,0
643.7083333333334,0
643.9166666666666,0
671.9583333333334,0
669.4583333333334,0
657.0833333333334,0
643.25,0
643.125,0
643.6666666666666,0
655.5416666666666,0
643.9166666666666,0
669.7916666666666,0
670.0416666666666,0
656.0416666666666,0
643.875,0
643.5416666666666,0
669.6666666666666,0
669.7916666666666,0
657.0,0
671.2916666666666,0
647.3333333333334,0
656.7083333333334,0
643.9166666666666,0
643.75,0
669.75,0
669.875,0
655.5833333333334,0
655.625,0
669.625,0
655.75,0
643.5,0
470.4166666666667,0
669.9166666666666,0
669.9166666666666,0
657.0416666666666,0
655.5416666666666,0
643.8333333333334,0
643.4166666666666,0
658.5833333333334,0
669.3333333333334,0
643.4166666666666,0
669.5833333333334,0
655.7083333333334,0
669.8333333333334,0
669.9166666666666,0
655.875,0
669.75,0
470.2916666666667,0
670.0,0
602.2916666666666,0
657.2916666666666,0
655.9166666666666,0
658.625,0
669.4583333333334,0
669.7083333333334,0
670.2083333333334,0
669.7916666666666,0
671.625,0
657.25,0
655.6666666666666,0
669.4166666666666,0
669.875,0
669.75,0
669.4583333333334,0
656.9166666666666,0
655.625,0
655.5416666666666,0
655.6666666666666,0
669.5,0
656.7083333333334,0
655.5,0
669.8333333333334,0
656.1666666666666,0
643.2916666666666,0
656.9166666666666,0
669.7083333333334,0
468.7916666666667,0
655.6666666666666,0
643.4583333333334,0
669.875,0
470.9166666666667,0
656.7083333333334,0
655.625,0
677.625,0
671.2083333333334,0
655.75,0
669.875,0
646.875,0
677.625,0
643.9166666666666,0
671.875,0
669.4583333333334,0
656.875,0
669.2916666666666,0
658.75,0
670.0833333333334,0
656.6666666666666,0
655.4166666666666,0
669.5416666666666,0
669.8333333333334,0
655.9166666666666,0
470.3333333333333,0
469.0,0
655.5,0
655.4583333333334,0
657.3333333333334,0
646.8333333333334,0
658.9583333333334,0
655.625,0
643.4583333333334,0
643.25,0
669.625,0
643.25,0
656.0833333333334,0
643.0,0
655.9166666666666,0
655.625,0
669.9583333333334,0
657.2916666666666,0
643.6666666666666,0
671.625,0
671.4166666666666,0
661.125,0
657.875,0
643.0833333333334,0
646.875,0
645.9166666666666,0
671.7916666666666,0
655.4583333333334,0
471.5,0
657.0,0
655.5833333333334,0
661.2083333333334,0
643.5416666666666,0
669.9166666666666,0
669.375,0
643.9166666666666,0
658.0416666666666,0
643.75,0
448.375,0
656.625,0
661.2916666666666,0
643.8333333333334,0
669.6666666666666,0
657.0833333333334,0
643.375,0
661.0416666666666,0
470.2916666666667,0
647.2916666666666,0
657.7083333333334,0
643.5,0
655.7083333333334,0
643.6666666666666,0
656.2083333333334,0
657.0,0
470.5,0
655.9583333333334,0
656.9166666666666,0
643.8333333333334,0
468.7083333333333,0
643.9583333333334,0
657.0,0
643.0,0
647.0833333333334,0
643.4583333333334,0
669.8333333333334,0
643.625,0
655.625,0
659.0833333333334,0
671.2083333333334,0
657.9166666666666,0
644.125,0
470.0416666666667,0
643.7916666666666,0
643.5416666666666,0
669.6666666666666,0
672.0,0
656.0833333333334,0
657.875,0
656.5833333333334,0
659.0,0
643.125,0
660.9166666666666,0
671.375,0
660.875,0
671.4583333333334,0
661.0,0
657.7083333333334,0
655.6666666666666,0
643.0416666666666,0
669.5833333333334,0
660.7916666666666,0
643.625,0
643.9166666666666,0
646.9583333333334,0
643.4583333333334,0
417.2916666666667,0
27.916666666666668,0
643.8333333333334,0
469.1666666666667,0
671.2916666666666,0
669.25,0
471.0416666666667,0
669.375,0
643.9583333333334,0
643.1666666666666,0
643.4583333333334,0
643.875,0
643.6666666666666,0
469.0416666666667,0
643.375,0
643.625,0
643.4166666666666,0
643.125,0
643.5,0
669.875,0
643.9583333333334,0
643.125,0
655.5416666666666,0
643.9166666666666,0
646.75,0
643.6666666666666,0
670.0416666666666,0
669.75,0
643.4583333333334,0
669.875,0
643.4166666666666,0
643.1666666666666,0
470.9583333333333,0
643.375,0
469.1666666666667,0
468.75,0
468.7916666666667,0
45.375,0
669.75,0
643.4583333333334,0
643.625,0
655.4166666666666,0
643.3333333333334,0
424.9166666666667,0
655.6666666666666,0
643.0833333333334,0
657.2916666666666,0
643.6666666666666,0
468.8333333333333,0
643.3333333333334,0
643.4583333333334,0
643.4583333333334,0
643.625,0
643.7916666666666,0
655.875,0
669.7916666666666,0
643.4166666666666,0
643.5833333333334,0
643.4166666666666,0
468.5833333333333,0
643.2916666666666,0
643.5,0
643.75,0
643.5,0
643.6666666666666,0
643.875,0
468.9166666666667,0
643.75,0
669.7083333333334,0
468.7083333333333,0
643.7083333333334,0
643.1666666666666,0
656.75,0
643.6666666666666,0
646.875,0
643.7083333333334,0
643.2916666666666,0
643.625,0
489.5,0
643.7916666666666,0
470.25,0
643.375,0
657.6666666666666,0
643.625,0
643.25,0
643.3333333333334,0
468.5833333333333,0
644.2083333333334,0
643.125,0
643.75,0
644.0,0
643.625,0
643.4583333333334,0
643.9583333333334,0
644.0,0
643.7916666666666,0
643.9583333333334,0
669.5833333333334,0
643.5833333333334,0
643.3333333333334,0
669.875,0
643.5,0
643.375,0
643.2916666666666,0
643.625,0
470.125,0
469.125,0
643.8333333333334,0
469.25,0
643.5833333333334,0
669.7916666666666,0
643.5416666666666,0
643.7083333333334,0
643.4166666666666,0
657.5416666666666,0
469.0833333333333,0
643.4583333333334,0
671.7083333333334,0
643.5833333333334,0
643.0416666666666,0
643.125,0
669.4166666666666,0
643.3333333333334,0
643.75,0
644.0833333333334,0
643.5833333333334,0
644.0416666666666,0
643.6666666666666,0
669.5416666666666,0
656.6666666666666,0
660.75,0
643.375,0
669.7916666666666,0
643.5833333333334,0
643.6666666666666,0
643.2083333333334,0
671.5,0
669.75,0
470.6666666666667,0
656.0,0
647.375,0
670.1666666666666,0
643.3333333333334,0
657.0416666666666,0
643.5416666666666,0
669.25,0
670.0416666666666,0
643.3333333333334,0
643.1666666666666,0
643.5833333333334,0
643.9166666666666,0
643.625,0
658.75,0
658.7916666666666,0
643.5,0
643.5833333333334,0
470.1666666666667,0
643.75,0
643.875,0
643.3333333333334,0
643.7916666666666,0
643.25,0
643.2916666666666,0
643.5833333333334,0
643.5833333333334,0
643.4583333333334,0
643.625,0
643.5833333333334,0
643.8333333333334,0
595.125,0
658.0,0
643.375,0
669.375,0
643.4166666666666,0
643.0833333333334,0
671.25,0
643.6666666666666,0
643.2916666666666,0
643.75,0
643.4166666666666,0
643.625,0
643.4166666666666,0
643.75,0
642.9583333333334,0
643.2916666666666,0
643.375,0
643.6666666666666,0
643.7083333333334,0
643.0833333333334,0
669.9583333333334,0
643.5833333333334,0
643.625,0
670.0,0
248.125,0
643.4166666666666,0
150.41666666666666,0
643.375,0
656.75,0
643.4583333333334,0
660.9583333333334,0
643.8333333333334,0
643.6666666666666,0
644.0416666666666,0
669.4166666666666,0
619.4583333333334,0
643.625,0
656.7083333333334,0
469.7916666666667,0
656.9166666666666,0
643.5416666666666,0
470.1666666666667,0
643.2916666666666,0
655.8333333333334,0
470.0833333333333,0
643.4583333333334,0
656.0,0
643.6666666666666,0
661.2083333333334,0
677.5416666666666,0
658.5833333333334,0
643.9583333333334,0
643.375,0
656.8333333333334,0
656.5833333333334,0
661.2916666666666,0
643.2083333333334,0
656.5833333333334,0
471.0833333333333,0
470.9166666666667,0
643.5416666666666,0
470.6666666666667,0
643.1666666666666,0
671.9166666666666,0
643.2083333333334,0
643.6666666666666,0
643.9166666666666,0
643.25,0
656.4583333333334,0
655.7083333333334,0
669.9583333333334,0
656.0,0
643.6666666666666,0
643.2083333333334,0
643.25,0
468.6666666666667,0
656.7083333333334,0
656.125,0
643.1666666666666,0
643.4583333333334,0
643.4166666666666,0
655.875,0
643.375,0
656.8333333333334,0
656.7916666666666,0
469.0,0
643.4166666666666,0
643.5833333333334,0
643.7916666666666,0
658.8333333333334,0
655.875,0
643.7916666666666,0
643.75,0
656.75,0
643.3333333333334,0
643.5833333333334,0
669.8333333333334,0
643.5,0
656.625,0
643.375,0
658.0416666666666,0
656.0,0
655.6666666666666,0
669.2916666666666,0
643.7083333333334,0
658.0,0
661.0,0
656.9583333333334,0
669.4166666666666,0
660.8333333333334,0
643.3333333333334,0
470.1666666666667,0
468.625,0
669.5416666666666,0
657.8333333333334,0
471.3333333333333,0
643.0416666666666,0
656.9166666666666,0
655.7916666666666,0
643.5,0
643.7916666666666,0
470.0416666666667,0
643.2916666666666,0
643.875,0
669.875,0
470.1666666666667,0
656.7083333333334,0
643.7916666666666,0
644.1666666666666,0
669.5833333333334,0
643.2916666666666,0
643.4166666666666,0
656.4583333333334,0
656.75,0
655.7916666666666,0
657.2083333333334,0
671.625,0
643.4166666666666,0
669.7083333333334,0
655.7916666666666,0
643.7083333333334,0
643.2083333333334,0
647.0,0
655.4583333333334,0
644.0833333333334,0
646.875,0
655.5,0
643.9166666666666,0
645.5416666666666,0
643.25,0
655.5416666666666,0
643.625,0
669.3333333333334,0
643.4583333333334,0
655.9166666666666,0
643.75,0
643.2083333333334,0
661.125,0
658.1666666666666,0
643.4583333333334,0
659.0,0
468.6666666666667,0
643.7083333333334,0
669.625,0
669.6666666666666,0
643.125,0
643.5,0
643.5833333333334,0
670.0833333333334,0
644.0416666666666,0
655.5,0
643.25,0
643.125,0
646.8333333333334,0
464.125,0
658.2083333333334,0
657.125,0
470.75,0
656.0416666666666,0
647.2916666666666,0
468.75,0
643.3333333333334,0
661.1666666666666,0
671.7916666666666,0
643.2083333333334,0
659.0833333333334,0
643.25,0
655.7916666666666,0
656.9583333333334,0
469.0416666666667,0
470.2083333333333,0
657.0833333333334,0
655.9583333333334,0
656.9583333333334,0
643.375,0
643.7083333333334,0
643.75,0
647.0416666666666,0
643.9583333333334,0
643.6666666666666,0
661.125,0
655.8333333333334,0
656.7083333333334,0
655.5416666666666,0
655.625,0
658.0833333333334,0
657.2916666666666,0
647.0833333333334,0
468.7916666666667,0
643.4166666666666,0
643.2083333333334,0
655.5416666666666,0
643.7083333333334,0
469.1666666666667,0
657.25,0
643.8333333333334,0
646.8333333333334,0
643.0833333333334,0
655.4166666666666,0
656.5,0
671.9166666666666,0
657.8333333333334,0
643.5833333333334,0
646.7916666666666,0
470.0,0
643.25,0
655.7916666666666,0
669.75,0
643.4583333333334,0
470.375,0
643.7083333333334,0
669.8333333333334,0
656.7916666666666,0
656.9583333333334,0
468.7083333333333,0
656.75,0
644.2083333333334,0
643.1666666666666,0
468.7083333333333,0
642.9583333333334,0
669.2916666666666,0
469.9583333333333,0
671.625,0
656.7916666666666,0
643.5416666666666,0
643.5,0
669.6666666666666,0
669.75,0
656.7916666666666,0
643.0,0
671.7916666666666,0
656.375,0
656.0833333333334,0
656.75,0
644.1666666666666,0
643.5,0
658.7916666666666,0
656.5416666666666,0
643.875,0
470.1666666666667,0
655.6666666666666,0
671.8333333333334,0
646.8333333333334,0
660.8333333333334,0
656.75,0
656.7916666666666,0
643.9583333333334,0
669.5,0
656.75,0
658.875,0
643.2083333333334,0
471.1666666666667,0
643.5416666666666,0
643.375,0
656.4583333333334,0
643.7083333333334,0
670.2083333333334,0
600.375,0
670.0833333333334,0
643.5833333333334,0
643.625,0
643.1666666666666,0
643.375,0
656.4166666666666,0
576.75,0
671.4166666666666,0
657.25,0
643.0833333333334,0
643.7083333333334,0
656.5416666666666,0
644.0,0
655.5833333333334,0
658.4583333333334,0
643.2916666666666,0
655.9583333333334,0
647.2916666666666,0
656.9583333333334,0
644.125,0
643.8333333333334,0
656.9583333333334,0
672.0,0
643.75,0
657.9583333333334,0
643.4583333333334,0
643.3333333333334,0
643.6666666666666,0
643.2916666666666,0
643.5833333333334,0
643.3333333333334,0
656.8333333333334,0
643.625,0
669.875,0
656.0,0
657.0,0
643.3333333333334,0
643.0833333333334,0
643.4166666666666,0
655.9166666666666,0
643.7083333333334,0
656.0833333333334,0
470.375,0
656.0833333333334,0
656.9166666666666,0
657.9166666666666,0
470.4166666666667,0
669.5416666666666,0
657.9166666666666,0
657.125,0
644.0416666666666,0
669.4166666666666,0
643.2083333333334,0
643.5416666666666,0
643.5833333333334,0
655.6666666666666,0
669.25,0
471.6666666666667,0
669.4166666666666,0
642.9166666666666,0
669.4166666666666,0
656.7083333333334,0
656.875,0
655.9583333333334,0
643.3333333333334,0
643.7916666666666,0
657.0833333333334,0
656.9583333333334,0
656.125,0
669.75,0
657.5416666666666,0
655.8333333333334,0
670.1666666666666,0
671.6666666666666,0
657.625,0
643.875,0
661.2083333333334,0
471.4583333333333,0
658.7083333333334,0
643.25,0
660.7083333333334,0
470.75,0
661.0416666666666,0
669.4166666666666,0
643.9166666666666,0
656.0,0
669.9583333333334,0
470.2083333333333,0
656.7083333333334,0
643.0416666666666,0
655.6666666666666,0
643.4166666666666,0
669.7916666666666,0
656.625,0
643.4166666666666,0
643.4583333333334,0
671.9583333333334,0
642.9166666666666,0
645.9583333333334,0
669.375,0
643.625,0
643.25,0
643.6666666666666,0
468.9583333333333,0
669.7083333333334,0
655.7916666666666,0
669.9583333333334,0
661.25,0
670.25,0
658.1666666666666,0
470.9166666666667,0
643.625,0
643.875,0
646.75,0
643.5416666666666,0
643.4166666666666,0
656.125,0
661.2083333333334,0
660.9583333333334,0
671.125,0
470.5416666666667,0
659.0416666666666,0
643.7916666666666,0
669.6666666666666,0
470.5,0
656.8333333333334,0
469.0416666666667,0
655.5,0
643.875,0
669.9166666666666,0
656.8333333333334,0
468.5,0
470.1666666666667,0
658.875,0
471.0,0
658.0416666666666,0
642.9166666666666,0
644.0,0
643.2083333333334,0
643.5416666666666,0
643.2916666666666,0
669.4166666666666,0
656.7916666666666,0
470.2083333333333,0
660.875,0
470.25,0
643.5416666666666,0
643.5416666666666,0
655.6666666666666,0
468.6666666666667,0
657.125,0
644.0833333333334,0
643.0833333333334,0
469.9583333333333,0
643.125,0
669.4166666666666,0
468.5,0
656.75,0
669.2916666666666,0
643.2083333333334,0
643.875,0
660.9583333333334,0
656.8333333333334,0
469.625,0
677.8333333333334,0
657.1666666666666,0
670.25,0
655.6666666666666,0
647.3333333333334,0
656.0,0
656.7916666666666,0
643.4583333333334,0
660.9583333333334,0
669.8333333333334,0
643.2083333333334,0
656.9166666666666,0
657.5833333333334,0
658.2083333333334,0
669.8333333333334,0
658.75,0
657.25,0
656.8333333333334,0
656.0833333333334,0
656.75,0
656.625,0
669.75,0
646.9166666666666,0
657.2083333333334,0
655.75,0
669.5,0
658.125,0
470.2083333333333,0
656.9166666666666,0
643.8333333333334,0
643.8333333333334,0
658.0416666666666,0
670.125,0
671.75,0
657.6666666666666,0
671.5833333333334,0
660.9166666666666,0
656.875,0
657.0,0
643.8333333333334,0
671.7083333333334,0
670.0,0
656.9583333333334,0
656.9166666666666,0
656.0416666666666,0
660.9166666666666,0
669.75,0
655.9166666666666,0
658.8333333333334,0
657.1666666666666,0
656.9166666666666,0
643.5,0
647.2083333333334,0
677.4166666666666,0
669.9583333333334,0
669.6666666666666,0
470.5,0
657.25,0
656.625,0
468.875,0
655.75,0
470.5,0
655.5833333333334,0
671.625,0
655.5,0
671.4166666666666,0
656.4583333333334,0
468.875,0
643.9166666666666,0
661.0833333333334,0
643.6666666666666,0
669.6666666666666,0
655.9166666666666,0
657.0833333333334,0
655.3333333333334,0
656.875,0
656.0416666666666,0
656.75,0
661.25,0
656.4166666666666,0
643.625,0
469.9583333333333,0
655.7083333333334,0
643.5,0
643.125,0
470.1666666666667,0
643.5,0
659.0833333333334,0
643.7916666666666,0
469.9583333333333,0
469.0833333333333,0
657.5,0
656.8333333333334,0
643.5416666666666,0
670.0416666666666,0
643.0416666666666,0
656.6666666666666,0
658.875,0
655.8333333333334,0
661.1666666666666,0
658.5,0
643.2916666666666,0
669.9583333333334,0
470.0416666666667,0
656.5,0
669.5416666666666,0
657.25,0
656.4583333333334,0
656.7083333333334,0
180.91666666666666,0
656.7083333333334,0
643.4166666666666,0
643.2916666666666,0
677.8333333333334,0
655.8333333333334,0
643.875,0
644.0416666666666,0
671.625,0
658.6666666666666,0
656.9166666666666,0
356.125,0
657.0,0
655.9583333333334,0
643.7916666666666,0
656.9166666666666,0
656.6666666666666,0
656.9583333333334,0
645.5,0
643.6666666666666,0
470.3333333333333,0
643.4166666666666,0
657.3333333333334,0
656.75,0
655.875,0
669.7916666666666,0
656.5833333333334,0
658.625,0
643.625,0
643.5,0
470.0,0
677.25,0
655.8333333333334,0
655.875,0
669.7916666666666,0
656.875,0
671.7083333333334,0
643.8333333333334,0
647.25,0
643.2083333333334,0
671.5,0
468.5,0
657.7083333333334,0
669.4583333333334,0
655.875,0
671.5833333333334,0
643.2083333333334,0
469.0,0
657.0833333333334,0
669.2083333333334,0
669.4166666666666,0
469.0416666666667,0
656.125,0
669.5416666666666,0
656.9166666666666,0
671.3333333333334,0
643.5,0
468.9166666666667,0
643.25,0
643.0833333333334,0
655.8333333333334,0
669.6666666666666,0
607.7083333333334,0
643.0,0
643.2083333333334,0
656.8333333333334,0
656.7916666666666,0
656.75,0
656.9166666666666,0
470.9583333333333,0
671.375,0
470.875,0
671.625,0
669.625,0
656.6666666666666,0
669.7083333333334,0
671.6666666666666,0
670.0,0
657.0416666666666,0
669.8333333333334,0
643.25,0
643.375,0
644.1666666666666,0
643.5833333333334,0
657.0,0
643.25,0
656.6666666666666,0
643.25,0
655.6666666666666,0
470.3333333333333,0
669.75,0
469.125,0
469.0833333333333,0
643.3333333333334,0
643.2083333333334,0
643.125,0
643.375,0
643.4583333333334,0
643.5833333333334,0
643.4583333333334,0
669.1666666666666,0
643.75,0
471.1666666666667,0
643.25,0
643.75,0
669.7083333333334,0
324.4583333333333,0
644.0,0
643.3333333333334,0
643.3333333333334,0
643.0416666666666,0
677.375,0
643.0833333333334,0
470.875,0
669.8333333333334,0
655.375,0
669.625,0
669.375,0
656.0,0
669.8333333333334,0
669.75,0
655.75,0
655.7083333333334,0
657.0833333333334,0
468.9583333333333,0
669.75,0
643.875,0
659.0416666666666,0
656.7916666666666,0
643.625,0
655.9166666666666,0
669.625,0
657.2916666666666,0
656.125,0
643.5833333333334,0
643.3333333333334,0
644.0,0
644.0833333333334,0
643.2083333333334,0
643.2916666666666,0
656.875,0
643.0,0
655.4583333333334,0
655.4583333333334,0
469.0416666666667,0
643.625,0
643.8333333333334,0
643.625,0
643.875,0
655.5,0
643.625,0
643.5416666666666,0
643.9583333333334,0
643.625,0
643.6666666666666,0
643.625,0
643.5833333333334,0
643.4583333333334,0
669.7916666666666,0
643.9583333333334,0
669.7083333333334,0
670.125,0
643.625,0
655.6666666666666,0
656.125,0
643.6666666666666,0
643.4583333333334,0
647.1666666666666,0
643.625,0
643.5,0
643.4583333333334,0
468.75,0
669.5833333333334,0
644.0,0
643.4583333333334,0
643.5833333333334,0
643.6666666666666,0
643.3333333333334,0
643.4166666666666,0
643.375,0
643.2916666666666,0
643.375,0
643.9583333333334,0
669.2916666666666,0
643.75,0
643.0416666666666,0
643.625,0
643.75,0
643.25,0
643.625,0
644.125,0
643.0833333333334,0
671.75,0
655.625,0
655.9583333333334,0
655.5,0
643.1666666666666,0
669.4166666666666,0
643.8333333333334,0
643.4583333333334,0
643.125,0
656.0416666666666,0
657.7916666666666,0
669.6666666666666,0
670.0,0
655.8333333333334,0
658.125,0
669.7916666666666,0
671.1666666666666,0
656.4583333333334,0
656.7916666666666,0
671.4583333333334,0
657.5833333333334,0
643.4583333333334,0
677.4583333333334,0
669.9166666666666,0
669.4583333333334,0
669.4166666666666,0
655.625,0
643.3333333333334,0
643.75,0
669.3333333333334,0
657.2916666666666,0
468.75,0
670.1666666666666,0
669.4583333333334,0
643.2083333333334,0
658.9166666666666,0
669.8333333333334,0
643.4583333333334,0
669.25,0
643.0416666666666,0
669.75,0
670.0416666666666,0
656.0416666666666,0
643.875,0
670.25,0
669.625,0
669.625,0
656.0416666666666,0
656.125,0
656.2916666666666,0
677.2083333333334,0
669.8333333333334,0
670.0416666666666,0
643.4583333333334,0
669.625,0
643.375,0
470.125,0
643.3333333333334,0
643.125,0
468.9166666666667,0
658.0416666666666,0
468.8333333333333,0
671.7916666666666,0
669.7916666666666,0
468.5416666666667,0
643.0416666666666,0
643.6666666666666,0
643.25,0
671.4583333333334,0
657.1666666666666,0
643.25,0
643.5,0
670.1666666666666,0
669.7916666666666,0
671.5416666666666,0
643.7916666666666,0
657.5833333333334,0
643.6666666666666,0
469.125,0
643.7916666666666,0
644.0,0
655.7083333333334,0
655.875,0
656.7083333333334,0
450.5833333333333,0
643.4583333333334,0
643.2916666666666,0
643.5,0
644.1666666666666,0
643.375,0
643.0833333333334,0
643.5,0
643.7916666666666,0
643.5416666666666,0
643.1666666666666,0
643.125,0
647.25,0
643.5,0
647.0,0
643.4166666666666,0
655.7916666666666,0
644.0416666666666,0
643.125,0
643.5416666666666,0
643.3333333333334,0
642.9583333333334,0
670.2916666666666,0
643.5833333333334,0
643.3333333333334,0
643.625,0
643.1666666666666,0
669.875,0
657.0833333333334,0
643.1666666666666,0
643.3333333333334,0
646.9583333333334,0
643.625,0
643.7916666666666,0
643.8333333333334,0
643.875,0
643.375,0
643.5,0
669.7083333333334,0
643.1666666666666,0
669.7083333333334,0
669.7083333333334,0
643.5,0
643.7083333333334,0
643.0,0
643.8333333333334,0
643.5416666666666,0
644.1666666666666,0
644.0,0
643.4166666666666,0
643.1666666666666,0
643.0833333333334,0
646.9583333333334,0
470.25,0
642.9583333333334,0
643.2916666666666,0
643.5833333333334,0
656.8333333333334,0
656.6666666666666,0
656.7083333333334,0
468.6666666666667,0
643.375,0
471.1666666666667,0
470.25,0
669.4583333333334,0
657.375,0
660.9166666666666,0
671.4583333333334,0
471.3333333333333,0
669.75,0
643.75,0
643.5,0
643.3333333333334,0
656.0416666666666,0
660.6666666666666,0
669.3333333333334,0
656.9166666666666,0
468.4583333333333,0
643.8333333333334,0
643.4583333333334,0
643.7083333333334,0
643.5833333333334,0
647.0416666666666,0
643.6666666666666,0
655.9166666666666,0
643.25,0
644.0416666666666,0
669.5833333333334,0
643.2916666666666,0
657.0416666666666,0
643.3333333333334,0
470.0833333333333,0
656.75,0
470.7916666666667,0
656.6666666666666,0
643.5416666666666,0
643.25,0
657.1666666666666,0
643.625,0
469.0833333333333,0
643.7083333333334,0
655.9166666666666,0
655.5833333333334,0
643.75,0
671.75,0
643.8333333333334,0
656.5416666666666,0
656.0833333333334,0
643.75,0
643.3333333333334,0
655.7083333333334,0
470.125,0
643.4583333333334,0
657.5416666666666,0
669.375,0
645.9583333333334,0
643.2916666666666,0
655.875,0
643.5833333333334,0
643.5,0
655.8333333333334,0
656.875,0
657.7916666666666,0
655.875,0
669.2916666666666,0
643.6666666666666,0
644.125,0
469.125,0
643.25,0
643.7916666666666,0
656.5,0
669.9166666666666,0
643.2083333333334,0
671.4166666666666,0
657.375,0
643.4583333333334,0
470.4583333333333,0
643.25,0
643.7083333333334,0
643.5833333333334,0
657.2083333333334,0
643.3333333333334,0
657.9166666666666,0
59.291666666666664,0
655.5833333333334,0
643.375,0
656.5,0
468.9583333333333,0
657.4166666666666,0
600.4583333333334,0
657.1666666666666,0
670.0833333333334,0
657.0416666666666,0
669.75,0
656.3333333333334,0
670.0,0
670.3333333333334,0
656.0833333333334,0
656.0416666666666,0
656.0833333333334,0
671.1666666666666,0
670.0,0
671.7083333333334,0
655.9166666666666,0
657.7083333333334,0
656.625,0
670.0416666666666,0
669.5833333333334,0
656.7083333333334,0
670.0833333333334,0
669.7916666666666,0
655.75,0
671.75,0
655.5,0
669.4166666666666,0
671.625,0
657.25,0
671.375,0
657.9583333333334,0
532.875,0
671.6666666666666,0
656.6666666666666,0
655.875,0
669.5833333333334,0
657.75,0
671.5416666666666,0
657.5416666666666,0
669.625,0
670.0,0
669.625,0
658.2083333333334,0
677.3333333333334,0
671.4583333333334,0
677.2916666666666,0
657.7916666666666,0
655.3333333333334,0
669.4583333333334,0
655.7083333333334,0
656.75,0
669.25,0
655.7083333333334,0
669.75,0
669.25,0
643.625,0
643.1666666666666,0
656.75,0
656.75,0
643.2916666666666,0
656.625,0
643.8333333333334,0
643.5416666666666,0
643.4583333333334,0
643.4166666666666,0
470.25,0
643.7916666666666,0
643.5416666666666,0
643.4583333333334,0
655.5,0
643.7916666666666,0
643.6666666666666,0
643.5,0
643.5416666666666,0
643.375,0
643.0833333333334,0
647.0,0
643.375,0
643.0833333333334,0
643.4583333333334,0
646.9166666666666,0
669.5833333333334,0
643.3333333333334,0
643.1666666666666,0
643.5416666666666,0
643.7916666666666,0
643.625,0
643.7083333333334,0
643.2916666666666,0
643.125,0
643.5,0
643.8333333333334,0
468.5833333333333,0
643.9583333333334,0
643.4583333333334,0
647.2083333333334,0
647.25,0
643.9166666666666,0
643.7083333333334,0
643.5,0
643.6666666666666,0
671.875,0
643.7916666666666,0
643.375,0
643.4583333333334,0
643.4166666666666,0
643.9166666666666,0
644.125,0
669.3333333333334,0
643.5416666666666,0
643.5833333333334,0
643.2916666666666,0
643.375,0
670.0,0
643.7083333333334,0
470.125,0
647.3333333333334,0
643.5,0
643.125,0
643.375,0
643.3333333333334,0
643.2916666666666,0
643.125,0
643.625,0
644.0,0
643.375,0
643.4583333333334,0
643.3333333333334,0
469.0833333333333,0
643.625,0
642.9583333333334,0
656.7083333333334,0
643.9166666666666,0
644.0416666666666,0
469.25,0
643.0,0
643.3333333333334,0
643.5416666666666,0
643.4583333333334,0
643.4166666666666,0
644.2083333333334,0
643.125,0
643.125,0
669.75,0
671.5,0
657.0416666666666,0
669.3333333333334,0
669.5833333333334,0
656.4166666666666,0
669.9583333333334,0
669.625,0
656.8333333333334,0
670.125,0
670.25,0
669.6666666666666,0
671.375,0
669.375,0
656.9166666666666,0
670.0833333333334,0
655.9583333333334,0
677.75,0
619.8333333333334,0
658.1666666666666,0
669.7083333333334,0
669.6666666666666,0
669.9166666666666,0
655.9583333333334,0
669.25,0
655.5833333333334,0
669.5,0
657.875,0
669.6666666666666,0
671.9583333333334,0
669.4166666666666,0
471.0,0
655.875,0
669.7916666666666,0
669.8333333333334,0
656.0,0
655.3333333333334,0
669.6666666666666,0
658.875,0
670.0416666666666,0
671.25,0
656.125,0
470.4583333333333,0
669.9166666666666,0
655.9166666666666,0
655.5833333333334,0
669.3333333333334,0
657.25,0
671.875,0
656.125,0
669.625,0
470.875,0
656.6666666666666,0
656.9583333333334,0
669.4166666666666,0
656.875,0
656.0,0
661.0,0
655.375,0
669.75,0
669.5416666666666,0
470.0833333333333,0
655.6666666666666,0
655.75,0
655.4166666666666,0
470.9166666666667,0
484.75,0
669.6666666666666,0
655.375,0
656.7083333333334,0
658.625,0
669.5833333333334,0
470.25,0
669.7083333333334,0
669.8333333333334,0
669.7916666666666,0
669.625,0
470.9583333333333,0
470.4166666666667,0
655.7916666666666,0
656.7083333333334,0
669.6666666666666,0
469.9166666666667,0
669.5,0
669.7083333333334,0
669.875,0
669.5416666666666,0
655.9583333333334,0
470.4583333333333,0
470.125,0
470.7083333333333,0
669.6666666666666,0
669.8333333333334,0
669.5833333333334,0
655.7916666666666,0
669.7083333333334,0
470.7083333333333,0
656.125,0
669.375,0
655.5833333333334,0
655.9583333333334,0
669.875,0
669.9583333333334,0
669.5833333333334,0
655.4583333333334,0
669.5833333333334,0
657.3333333333334,0
670.1666666666666,0
656.7916666666666,0
656.5416666666666,0
656.0416666666666,0
614.5,0
670.0,0
669.6666666666666,0
669.375,0
669.7916666666666,0
656.4166666666666,0
669.7083333333334,0
669.7083333333334,0
669.3333333333334,0
670.0,0
670.2083333333334,0
669.25,0
669.5416666666666,0
655.6666666666666,0
670.0416666666666,0
655.6666666666666,0
469.9583333333333,0
656.2083333333334,0
658.7083333333334,0
669.5416666666666,0
644.0,0
655.9583333333334,0
655.5,0
669.625,0
656.75,0
669.625,0
669.8333333333334,0
657.2916666666666,0
657.0833333333334,0
655.7083333333334,0
655.9583333333334,0
655.8333333333334,0
670.25,0
643.3333333333334,0
669.5,0
670.0833333333334,0
655.7916666666666,0
470.4166666666667,0
670.25,0
655.9166666666666,0
655.5416666666666,0
655.6666666666666,0
656.7916666666666,0
655.5416666666666,0
655.6666666666666,0
669.9583333333334,0
656.5833333333334,0
671.8333333333334,0
670.0833333333334,0
656.8333333333334,0
671.5833333333334,0
670.0,0
669.7083333333334,0
669.875,0
559.2083333333334,0
655.8333333333334,0
669.6666666666666,0
671.2916666666666,0
669.75,0
622.9166666666666,0
669.6666666666666,0
677.625,0
488.375,0
670.0416666666666,0
669.5416666666666,0
669.7083333333334,0
671.4583333333334,0
657.625,0
656.5833333333334,0
655.8333333333334,0
669.7083333333334,0
655.7916666666666,0
669.625,0
669.75,0
669.9583333333334,0
669.6666666666666,0
671.7083333333334,0
658.9166666666666,0
671.4583333333334,0
657.125,0
655.7916666666666,0
657.2083333333334,0
656.3333333333334,0
671.9166666666666,0
661.25,0
669.4166666666666,0
661.2916666666666,0
606.6666666666666,0
656.8333333333334,0
669.4166666666666,0
677.7916666666666,0
655.9166666666666,0
671.3333333333334,0
677.75,0
655.5833333333334,0
655.75,0
669.4583333333334,0
656.0,0
671.5833333333334,0
677.4166666666666,0
671.2916666666666,0
669.7916666666666,0
657.6666666666666,0
657.1666666666666,0
655.5833333333334,0
669.9166666666666,0
656.6666666666666,0
656.8333333333334,0
670.2083333333334,0
670.2083333333334,0
671.625,0
671.4583333333334,0
669.4583333333334,0
671.5416666666666,0
656.0,0
655.7083333333334,0
671.5,0
669.875,0
655.7916666666666,0
656.5833333333334,0
671.7083333333334,0
677.5416666666666,0
661.125,0
671.375,0
677.5833333333334,0
669.8333333333334,0
671.6666666666666,0
656.0833333333334,0
671.875,0
558.7916666666666,0
669.75,0
656.6666666666666,0
669.625,0
671.5833333333334,0
655.7083333333334,0
656.625,0
671.8333333333334,0
657.625,0
656.0833333333334,0
657.2916666666666,0
656.5,0
671.5416666666666,0
656.0416666666666,0
669.8333333333334,0
670.0833333333334,0
669.9166666666666,0
669.9166666666666,0
657.7916666666666,0
657.5,0
671.7916666666666,0
657.125,0
656.9583333333334,0
669.8333333333334,0
671.0833333333334,0
669.5416666666666,0
656.75,0
657.8333333333334,0
669.5416666666666,0
669.6666666666666,0
670.25,0
669.3333333333334,0
669.75,0
669.7916666666666,0
657.5416666666666,0
671.5416666666666,0
656.0416666666666,0
657.2916666666666,0
669.5833333333334,0
657.5833333333334,0
655.7083333333334,0
671.25,0
671.625,0
656.0,0
656.5416666666666,0
669.7916666666666,0
669.6666666666666,0
656.625,0
655.625,0
669.9166666666666,0
669.5833333333334,0
671.3333333333334,0
655.9166666666666,0
669.625,0
657.0416666666666,0
669.8333333333334,0
657.5416666666666,0
656.0,0
608.7916666666666,0
655.875,0
657.625,0
669.5416666666666,0
656.625,0
657.0,0
669.7083333333334,0
657.4166666666666,0
656.4166666666666,0
656.0416666666666,0
670.2083333333334,0
669.4583333333334,0
669.7083333333334,0
669.7083333333334,0
669.9166666666666,0
656.0,0
669.75,0
655.7916666666666,0
669.5,0
655.5833333333334,0
656.7916666666666,0
669.75,0
655.8333333333334,0
669.4166666666666,0
655.75,0
669.7916666666666,0
656.5,0
656.5416666666666,0
671.8333333333334,0
669.8333333333334,0
655.4166666666666,0
656.0416666666666,0
656.8333333333334,0
657.6666666666666,0
657.625,0
657.0416666666666,0
657.7916666666666,0
669.5416666666666,0
671.625,0
669.625,0
669.75,0
669.5833333333334,0
655.875,0
669.4166666666666,0
669.6666666666666,0
659.0416666666666,0
656.9166666666666,0
655.7916666666666,0
671.2083333333334,0
669.875,0
656.0416666666666,0
656.3333333333334,0
660.7083333333334,0
669.375,0
670.0833333333334,0
655.875,0
671.4583333333334,0
669.7083333333334,0
670.0,0
671.7916666666666,0
669.7083333333334,0
672.0,0
669.5833333333334,0
677.3333333333334,0
669.375,0
669.625,0
672.0416666666666,0
656.9583333333334,0
656.5833333333334,0
669.7916666666666,0
672.0416666666666,0
659.0,0
670.1666666666666,0
656.9583333333334,0
655.8333333333334,0
444.0416666666667,0
671.5833333333334,0
656.7083333333334,0
669.6666666666666,0
658.4583333333334,0
669.7916666666666,0
671.2083333333334,0
671.5,0
656.5833333333334,0
669.7083333333334,0
669.5,0
669.7916666666666,0
656.7916666666666,0
655.75,0
669.75,0
657.625,0
670.1666666666666,0
671.7083333333334,0
655.8333333333334,0
655.7916666666666,0
655.875,0
669.7083333333334,0
671.5,0
656.25,0
657.7083333333334,0
669.5833333333334,0
670.125,0
669.7083333333334,0
671.4583333333334,0
656.5,0
655.8333333333334,0
655.8333333333334,0
670.0,0
669.375,0
669.9166666666666,0
670.1666666666666,0
655.9166666666666,0
655.75,0
669.6666666666666,0
657.7916666666666,0
657.7083333333334,0
669.7083333333334,0
669.7916666666666,0
669.9166666666666,0
656.7916666666666,0
671.375,0
669.625,0
657.25,0
669.7916666666666,0
669.6666666666666,0
656.5,0
669.7083333333334,0
669.9583333333334,0
669.75,0
656.0833333333334,0
670.1666666666666,0
656.0416666666666,0
671.5833333333334,0
656.875,0
655.7916666666666,0
657.9583333333334,0
655.75,0
656.7916666666666,0
669.6666666666666,0
655.875,0
655.8333333333334,0
657.75,0
671.9583333333334,0
657.4583333333334,0
669.9583333333334,0
670.1666666666666,0
669.9166666666666,0
670.25,0
656.4166666666666,0
656.7083333333334,0
656.3333333333334,0
655.9583333333334,0
671.5833333333334,0
669.4166666666666,0
657.2083333333334,0
677.5,0
588.0833333333334,0
671.5,0
671.2083333333334,0
669.75,0
655.5416666666666,0
669.625,0
669.4166666666666,0
655.9166666666666,0
671.625,0
671.125,0
670.2083333333334,0
669.5,0
669.7916666666666,0
669.5,0
656.75,0
671.625,0
670.125,0
670.0833333333334,0
669.625,0
669.4166666666666,0
669.375,0
656.8333333333334,0
657.5833333333334,0
657.1666666666666,0
669.5,0
669.75,0
669.2916666666666,0
669.3333333333334,0
655.8333333333334,0
656.0416666666666,0
669.7083333333334,0
669.7916666666666,0
669.875,0
677.7916666666666,0
669.7916666666666,0
669.2083333333334,0
669.7916666666666,0
656.875,0
677.3333333333334,0
670.2083333333334,0
669.75,0
670.0416666666666,0
657.875,0
670.2083333333334,0
671.6666666666666,0
669.2916666666666,0
671.5,0
677.5833333333334,0
671.5416666666666,0
656.75,0
564.125,0
655.5416666666666,0
656.75,0
669.75,0
657.9166666666666,0
656.0833333333334,0
657.0416666666666,0
656.0,0
655.6666666666666,0
657.2083333333334,0
656.4583333333334,0
658.1666666666666,0
670.0416666666666,0
670.125,0
669.7083333333334,0
669.25,0
657.75,0
657.5833333333334,0
669.375,0
656.3333333333334,0
670.125,0
655.5416666666666,0
669.625,0
669.375,0
670.125,0
669.875,0
671.4166666666666,0
670.0833333333334,0
656.5,0
655.8333333333334,0
670.0833333333334,0
600.75,0
656.4166666666666,0
671.6666666666666,0
669.9166666666666,0
677.2916666666666,0
669.625,0
670.0833333333334,0
669.8333333333334,0
669.875,0
655.625,0
669.5416666666666,0
669.4583333333334,0
655.7916666666666,0
669.625,0
672.0,0
669.625,0
669.7916666666666,0
670.2083333333334,0
671.5833333333334,0
669.625,0
669.2916666666666,0
671.5,0
669.3333333333334,0
671.75,0
671.4166666666666,0
669.9166666666666,0
669.75,0
656.4583333333334,0
656.375,0
655.9583333333334,0
669.4166666666666,0
669.6666666666666,0
669.2083333333334,0
656.4583333333334,0
655.9583333333334,0
669.3333333333334,0
658.7916666666666,0
671.125,0
669.9583333333334,0
669.375,0
657.0833333333334,0
656.0,0
670.0,0
669.75,0
671.125,0
657.125,0
669.8333333333334,0
669.7916666666666,0
656.375,0
664.875,0
656.4166666666666,0
655.5416666666666,0
658.0833333333334,0
655.7083333333334,0
661.0833333333334,0
670.2083333333334,0
655.7083333333334,0
677.5833333333334,0
657.7083333333334,0
669.875,0
657.125,0
670.0833333333334,0
677.7916666666666,0
670.1666666666666,0
670.125,0
655.5833333333334,0
656.7916666666666,0
657.0,0
670.125,0
655.625,0
677.2916666666666,0
671.5,0
656.0833333333334,0
669.6666666666666,0
612.5416666666666,0
657.7916666666666,0
669.375,0
657.9166666666666,0
657.0833333333334,0
655.6666666666666,0
657.6666666666666,0
660.7083333333334,0
671.6666666666666,0
669.9166666666666,0
655.7916666666666,0
669.8333333333334,0
670.1666666666666,0
655.6666666666666,0
656.8333333333334,0
669.6666666666666,0
657.0416666666666,0
677.6666666666666,0
656.9166666666666,0
655.8333333333334,0
658.0416666666666,0
669.6666666666666,0
669.6666666666666,0
670.0416666666666,0
671.7083333333334,0
670.3333333333334,0
655.5833333333334,0
656.4583333333334,0
669.375,0
657.125,0
655.4583333333334,0
656.9583333333334,0
656.7916666666666,0
611.9166666666666,0
657.0416666666666,0
657.2083333333334,0
669.9166666666666,0
450.2083333333333,0
656.0833333333334,0
480.9166666666667,0
669.3333333333334,0
669.75,0
671.4583333333334,0
655.75,0
669.4166666666666,0
461.6666666666667,0
655.9166666666666,0
656.0833333333334,0
671.5,0
656.125,0
671.75,0
677.5416666666666,0
671.3333333333334,0
670.0833333333334,0
657.0416666666666,0
677.6666666666666,0
655.9166666666666,0
657.2083333333334,0
656.9583333333334,0
669.875,0
677.4166666666666,0
669.2916666666666,0
670.25,0
656.8333333333334,0
671.6666666666666,0
655.9583333333334,0
669.3333333333334,0
669.8333333333334,0
658.9583333333334,0
656.8333333333334,0
670.0833333333334,0
669.7916666666666,0
656.0833333333334,0
658.7083333333334,0
669.875,0
658.5,0
669.875,0
658.7083333333334,0
671.1666666666666,0
669.7916666666666,0
671.5833333333334,0
657.875,0
657.1666666666666,0
655.6666666666666,0
669.8333333333334,0
669.8333333333334,0
669.7916666666666,0
669.5416666666666,0
655.875,0
672.0833333333334,0
448.7083333333333,0
669.9166666666666,0
669.75,0
669.8333333333334,0
670.0,0
655.5416666666666,0
669.8333333333334,0
677.5833333333334,0
655.625,0
656.875,0
655.875,0
657.5,0
656.7083333333334,0
677.25,0
657.3333333333334,0
441.4166666666667,0
656.9166666666666,0
669.9166666666666,0
669.6666666666666,0
671.2083333333334,0
656.0416666666666,0
671.375,0
655.875,0
657.1666666666666,0
655.7916666666666,0
669.875,0
669.5416666666666,0
671.7083333333334,0
669.5,0
657.6666666666666,0
669.5416666666666,0
669.875,0
670.0,0
671.375,0
671.25,0
656.7083333333334,0
669.5416666666666,0
656.3333333333334,0
669.4583333333334,0
669.8333333333334,0
671.5,0
671.9166666666666,0
656.1666666666666,0
671.1666666666666,0
656.875,0
669.5,0
669.9166666666666,0
669.625,0
669.6666666666666,0
655.5,0
655.8333333333334,0
655.9583333333334,0
656.5416666666666,0
669.75,0
669.625,0
670.0416666666666,0
669.75,0
669.625,0
671.75,0
669.6666666666666,0
669.875,0
656.5,0
670.0833333333334,0
671.9166666666666,0
655.625,0
655.9583333333334,0
677.4166666666666,0
670.2083333333334,0
656.9166666666666,0
669.5833333333334,0
655.7916666666666,0
669.5416666666666,0
669.9166666666666,0
669.875,0
655.875,0
671.7916666666666,0
656.5416666666666,0
656.5,0
657.8333333333334,0
677.375,0
656.4583333333334,0
656.75,0
656.875,0
669.5833333333334,0
677.7083333333334,0
677.5,0
671.3333333333334,0
677.7083333333334,0
576.9166666666666,0
669.2916666666666,0
669.5416666666666,0
671.5416666666666,0
657.6666666666666,0
669.75,0
669.5,0
671.9583333333334,0
671.625,0
655.75,0
656.0,0
656.9166666666666,0
658.0,0
670.1666666666666,0
656.4166666666666,0
669.5,0
656.0833333333334,0
656.9583333333334,0
655.9166666666666,0
671.75,0
656.7916666666666,0
579.4583333333334,0
655.75,0
669.5416666666666,0
669.625,0
672.0,0
669.625,0
671.4583333333334,0
669.8333333333334,0
669.6666666666666,0
657.2083333333334,0
670.125,0
670.0833333333334,0
669.5,0
656.8333333333334,0
671.9166666666666,0
677.4583333333334,0
669.8333333333334,0
669.875,0
677.5,0
669.7916666666666,0
655.75,0
655.4583333333334,0
671.5416666666666,0
660.7083333333334,0
671.5416666666666,0
677.25,0
671.8333333333334,0
669.5,0
669.7083333333334,0
656.5,0
670.1666666666666,0
669.3333333333334,0
670.0,0
655.6666666666666,0
677.5,0
447.625,0
656.375,0
661.2916666666666,0
671.2916666666666,0
670.125,0
657.25,0
669.7083333333334,0
669.5833333333334,0
656.875,0
655.875,0
677.4583333333334,0
660.8333333333334,0
669.5833333333334,0
655.7916666666666,0
677.75,0
655.5,0
677.7083333333334,0
670.0416666666666,0
671.9583333333334,0
670.1666666666666,0
657.2083333333334,0
617.25,0
671.5416666666666,0
669.6666666666666,0
655.4166666666666,0
661.0833333333334,0
670.25,0
656.0,0
677.5416666666666,0
657.625,0
657.6666666666666,0
669.7916666666666,0
669.9583333333334,0
671.5833333333334,0
669.7083333333334,0
677.7916666666666,0
671.1666666666666,0
670.0,0
657.1666666666666,0
655.5833333333334,0
655.625,0
677.8333333333334,0
669.9166666666666,0
671.3333333333334,0
669.75,0
669.9583333333334,0
669.5833333333334,0
507.8333333333333,0
656.0833333333334,0
669.3333333333334,0
671.6666666666666,0
677.2083333333334,0
655.875,0
655.625,0
669.4583333333334,0
669.8333333333334,0
671.5416666666666,0
655.875,0
657.75,0
677.6666666666666,0
669.5833333333334,0
669.375,0
669.375,0
670.25,0
669.5,0
677.625,0
657.8333333333334,0
657.2083333333334,0
655.7083333333334,0
669.375,0
669.5416666666666,0
655.7083333333334,0
671.4583333333334,0
641.9583333333334,0
669.9166666666666,0
660.75,0
655.3333333333334,0
671.9583333333334,0
657.4166666666666,0
669.9583333333334,0
618.9166666666666,0
657.4583333333334,0
657.875,0
657.0833333333334,0
669.625,0
670.125,0
657.75,0
655.9166666666666,0
655.75,0
657.75,0
655.7083333333334,0
669.9166666666666,0
670.1666666666666,0
656.5833333333334,0
657.0,0
657.7916666666666,0
669.9166666666666,0
669.9166666666666,0
656.9583333333334,0
669.625,0
670.0833333333334,0
657.0833333333334,0
677.4166666666666,0
657.5,0
655.9166666666666,0
671.5833333333334,0
669.625,0
671.125,0
671.7083333333334,0
476.2916666666667,0
672.0,0
669.7916666666666,0
657.125,0
658.125,0
657.0,0
660.875,0
669.625,0
656.6666666666666,0
669.8333333333334,0
657.9583333333334,0
661.1666666666666,0
655.875,0
658.5,0
669.7916666666666,0
658.5416666666666,0
669.7916666666666,0
669.5833333333334,0
657.0,0
656.4166666666666,0
677.7083333333334,0
669.7083333333334,0
669.875,0
669.5833333333334,0
670.125,0
670.0,0
669.5,0
669.7083333333334,0
669.7083333333334,0
669.5416666666666,0
669.2916666666666,0
658.0,0
657.9583333333334,0
656.875,0
669.875,0
677.375,0
656.5,0
669.75,0
656.375,0
669.75,0
655.9583333333334,0
670.0416666666666,0
671.9166666666666,0
671.4166666666666,0
655.875,0
656.5833333333334,0
669.7083333333334,0
647.25,0
656.625,0
655.75,0
670.0416666666666,0
671.7083333333334,0
671.7083333333334,0
671.1666666666666,0
655.9166666666666,0
669.6666666666666,0
658.9583333333334,0
671.25,0
669.9583333333334,0
671.5,0
669.6666666666666,0
658.625,0
669.9166666666666,0
669.9583333333334,0
670.2916666666666,0
669.6666666666666,0
669.5,0
657.0,0
656.5,0
669.625,0
657.1666666666666,0
670.125,0
669.6666666666666,0
656.5416666666666,0
656.0,0
669.3333333333334,0
656.5833333333334,0
655.875,0
657.5,0
655.5833333333334,0
669.3333333333334,0
656.7916666666666,0
477.75,0
669.7083333333334,0
669.625,0
655.4166666666666,0
658.5833333333334,0
669.4166666666666,0
670.0416666666666,0
670.125,0
669.5,0
669.7916666666666,0
655.7916666666666,0
656.4166666666666,0
656.4583333333334,0
670.25,0
655.9166666666666,0
669.5833333333334,0
659.0833333333334,0
655.9166666666666,0
669.7916666666666,0
671.3333333333334,0
669.7916666666666,0
669.625,0
657.2916666666666,0
669.4583333333334,0
670.2083333333334,0
656.8333333333334,0
669.7083333333334,0
657.9583333333334,0
468.5,0
474.7916666666667,0
503.6666666666667,0
474.75,0
474.7916666666667,0
504.125,0
474.5833333333333,0
503.7916666666667,0
475.0,0
504.1666666666667,0
474.9166666666667,0
503.5416666666667,0
503.75,0
438.5416666666667,0
477.8333333333333,0
503.5,0
481.0416666666667,0
474.5416666666667,0
468.0833333333333,0
503.7083333333333,0
475.375,0
468.2083333333333,0
468.5833333333333,0
503.7083333333333,0
219.25,0
475.2083333333333,0
474.6666666666667,0
468.125,0
468.0416666666667,0
218.20833333333334,0
439.2083333333333,0
571.4583333333334,0
474.5416666666667,0
571.4166666666666,0
600.4583333333334,0
468.9166666666667,0
571.5416666666666,0
475.25,0
468.0833333333333,0
474.875,0
439.25,0
468.1666666666667,0
503.75,0
468.5,0
600.4583333333334,0
542.7916666666666,0
583.4166666666666,0
567.375,0
571.9166666666666,0
567.25,0
571.4583333333334,0
583.7083333333334,0
583.2916666666666,0
604.875,0
503.5,0
218.08333333333334,0
468.375,0
467.9583333333333,0
474.8333333333333,0
503.3333333333333,0
504.0416666666667,0
467.9583333333333,0
475.375,0
583.6666666666666,0
474.7083333333333,0
468.5833333333333,0
433.5,0
475.3333333333333,0
503.8333333333333,0
468.4166666666667,0
221.54166666666666,0
474.8333333333333,0
474.75,0
503.6666666666667,0
468.125,0
503.375,0
468.4166666666667,0
468.5833333333333,0
475.2083333333333,0
474.8333333333333,0
475.0833333333333,0
468.6666666666667,0
468.4583333333333,0
503.4166666666667,0
468.1666666666667,0
468.375,0
503.5416666666667,0
475.25,0
503.7916666666667,0
474.875,0
468.1666666666667,0
468.4583333333333,0
503.2916666666667,0
503.2083333333333,0
439.25,0
474.875,0
503.0833333333333,0
474.75,0
474.5833333333333,0
504.0416666666667,0
474.8333333333333,0
218.5,0
503.5416666666667,0
468.3333333333333,0
468.625,0
467.875,0
468.3333333333333,0
218.375,0
468.2916666666667,0
374.9583333333333,0
468.5416666666667,0
503.3333333333333,0
504.1666666666667,0
503.9166666666667,0
503.6666666666667,0
481.0833333333333,0
503.4583333333333,0
503.375,0
503.5833333333333,0
467.7916666666667,0
467.8333333333333,0
474.9583333333333,0
468.1666666666667,0
504.0416666666667,0
374.9583333333333,0
475.25,0
503.7083333333333,0
468.7916666666667,0
14.166666666666666,0
219.0,0
467.9166666666667,0
219.41666666666666,0
503.4166666666667,0
503.75,0
474.7083333333333,0
503.3333333333333,0
217.66666666666666,0
503.7083333333333,0
503.6666666666667,0
474.6666666666667,0
468.3333333333333,0
503.875,0
474.5416666666667,0
438.25,0
467.7916666666667,0
468.1666666666667,0
503.875,0
439.5,0
503.625,0
474.6666666666667,0
503.5,0
219.29166666666666,0
503.4583333333333,0
474.75,0
474.9583333333333,0
218.45833333333334,0
503.625,0
503.7916666666667,0
218.04166666666666,0
438.0,0
468.2083333333333,0
474.7916666666667,0
503.5833333333333,0
503.375,0
475.125,0
474.8333333333333,0
467.875,0
375.0,0
468.9166666666667,0
503.7916666666667,0
467.875,0
475.2916666666667,0
474.625,0
474.4583333333333,0
503.8333333333333,0
467.7916666666667,0
474.9166666666667,0
474.7083333333333,0
503.625,0
474.75,0
503.2916666666667,0
468.5833333333333,0
503.4583333333333,0
467.9166666666667,0
475.0,0
475.25,0
503.6666666666667,0
503.8333333333333,0
475.0416666666667,0
474.8333333333333,0
503.6666666666667,0
503.7916666666667,0
503.7916666666667,0
468.25,0
503.75,0
468.7916666666667,0
474.875,0
474.625,0
468.625,0
468.5833333333333,0
467.9583333333333,0
467.75,0
468.5833333333333,0
475.0833333333333,0
503.9583333333333,0
503.5416666666667,0
503.875,0
374.875,0
468.3333333333333,0
475.0833333333333,0
417.5833333333333,0
480.7916666666667,0
475.0416666666667,0
468.5416666666667,0
374.3333333333333,0
468.4583333333333,0
468.2083333333333,0
503.7083333333333,0
468.6666666666667,0
503.25,0
468.25,0
468.4166666666667,0
467.8333333333333,0
503.5416666666667,0
503.75,0
468.375,0
474.7916666666667,0
503.2083333333333,0
474.875,0
474.7916666666667,0
475.0416666666667,0
503.7916666666667,0
468.4166666666667,0
438.25,0
217.04166666666666,0
475.2916666666667,0
218.04166666666666,0
475.0,0
467.8333333333333,0
218.25,0
503.4583333333333,0
218.875,0
474.7916666666667,0
467.9166666666667,0
219.08333333333334,0
468.0,0
468.25,0
475.1666666666667,0
468.2083333333333,0
218.04166666666666,0
468.4166666666667,0
468.3333333333333,0
468.0,0
468.3333333333333,0
467.8333333333333,0
468.4166666666667,0
503.7916666666667,0
468.7083333333333,0
503.5833333333333,0
467.8333333333333,0
219.33333333333334,0
468.2083333333333,0
468.0416666666667,0
503.75,0
468.1666666666667,0
218.58333333333334,0
468.625,0
468.5833333333333,0
468.625,0
468.5833333333333,0
475.2916666666667,0
503.75,0
503.9583333333333,0
474.75,0
474.4583333333333,0
468.25,0
475.125,0
503.5416666666667,0
503.2083333333333,0
503.7916666666667,0
468.2916666666667,0
475.2916666666667,0
468.125,0
503.875,0
503.7083333333333,0
503.2083333333333,0
474.9583333333333,0
468.4583333333333,0
474.875,0
468.2916666666667,0
468.0,0
468.1666666666667,0
503.75,0
503.4166666666667,0
468.625,0
481.4166666666667,0
475.0416666666667,0
503.6666666666667,0
503.6666666666667,0
467.9583333333333,0
474.9166666666667,0
468.25,0
468.7083333333333,0
474.75,0
474.8333333333333,0
474.75,0
468.6666666666667,0
467.75,0
217.625,0
504.0416666666667,0
474.5833333333333,0
219.04166666666666,0
468.9166666666667,0
503.3333333333333,0
503.75,0
468.1666666666667,0
217.125,0
433.2083333333333,0
503.5833333333333,0
476.0416666666667,0
481.375,0
503.8333333333333,0
468.5416666666667,0
467.875,0
468.0833333333333,0
468.5416666666667,0
468.0416666666667,0
503.75,0
475.25,0
475.0416666666667,0
468.5833333333333,0
475.0833333333333,0
474.6666666666667,0
503.5416666666667,0
503.5416666666667,0
503.5,0
474.5,0
504.2083333333333,0
468.4583333333333,0
503.4166666666667,0
475.25,0
218.375,0
504.25,0
475.0416666666667,0
474.4583333333333,0
503.25,0
503.6666666666667,0
503.3333333333333,0
468.2916666666667,0
503.25,0
475.2083333333333,0
474.8333333333333,0
474.9583333333333,0
503.5416666666667,0
474.875,0
503.4583333333333,0
468.625,0
468.0416666666667,0
572.0416666666666,0
468.0833333333333,0
468.2916666666667,0
474.8333333333333,0
474.9166666666667,0
503.625,0
468.625,0
474.7083333333333,0
503.8333333333333,0
503.5416666666667,0
474.7083333333333,0
503.5,0
474.7083333333333,0
480.7916666666667,0
503.875,0
439.2083333333333,0
503.9583333333333,0
503.3333333333333,0
218.58333333333334,0
503.5833333333333,0
474.8333333333333,0
503.4166666666667,0
475.0833333333333,0
475.1666666666667,0
474.9583333333333,0
503.625,0
503.375,0
468.8333333333333,0
217.58333333333334,0
468.4166666666667,0
503.9166666666667,0
468.25,0
468.125,0
503.5416666666667,0
503.25,0
217.875,0
468.5,0
475.1666666666667,0
474.5416666666667,0
474.7916666666667,0
468.625,0
475.1666666666667,0
468.6666666666667,0
468.75,0
503.5,0
468.3333333333333,0
221.33333333333334,0
468.0,0
475.0416666666667,0
468.5416666666667,0
503.7083333333333,0
475.0416666666667,0
218.875,0
503.7916666666667,0
468.0416666666667,0
468.375,0
503.1666666666667,0
437.75,0
474.7916666666667,0
468.0833333333333,0
503.7083333333333,0
474.9166666666667,0
475.0,0
468.4583333333333,0
503.5,0
503.4166666666667,0
468.0416666666667,0
503.7916666666667,0
503.2083333333333,0
468.375,0
474.5416666666667,0
468.2916666666667,0
218.91666666666666,0
468.1666666666667,0
503.5833333333333,0
468.0,0
468.6666666666667,0
437.9583333333333,0
468.5,0
503.6666666666667,0
468.2083333333333,0
503.7083333333333,0
468.8333333333333,0
503.75,0
475.0416666666667,0
475.2083333333333,0
474.875,0
468.8333333333333,0
503.375,0
504.125,0
219.08333333333334,0
503.7916666666667,0
468.4166666666667,0
475.0416666666667,0
468.4583333333333,0
475.0416666666667,0
219.08333333333334,0
468.25,0
503.5416666666667,0
475.0416666666667,0
474.9583333333333,0
503.6666666666667,0
468.5416666666667,0
474.875,0
468.0,0
439.0416666666667,0
503.7083333333333,0
475.0,0
475.25,0
468.0416666666667,0
468.5,0
503.25,0
474.8333333333333,0
475.25,0
475.0416666666667,0
218.41666666666666,0
468.625,0
474.5833333333333,0
503.4583333333333,0
468.9166666666667,0
474.6666666666667,0
217.66666666666666,0
475.0416666666667,0
468.375,0
475.0416666666667,0
504.2083333333333,0
467.7916666666667,0
503.625,0
503.375,0
481.2916666666667,0
468.1666666666667,0
468.25,0
582.9166666666666,0
571.5416666666666,0
583.375,0
583.625,0
571.5833333333334,0
575.9166666666666,0
567.0416666666666,0
567.375,0
571.7083333333334,0
572.0,0
583.4583333333334,0
583.2916666666666,0
571.5833333333334,0
575.8333333333334,0
571.6666666666666,0
468.2916666666667,0
571.5416666666666,0
542.3333333333334,0
572.125,0
567.0,0
576.3333333333334,0
566.7916666666666,0
582.9583333333334,0
583.2916666666666,0
583.5416666666666,0
583.2916666666666,0
584.125,0
583.0833333333334,0
583.2083333333334,0
583.0833333333334,0
583.25,0
583.4166666666666,0
575.5,0
583.8333333333334,0
583.625,0
583.5,0
571.5,0
572.125,0
583.25,0
583.0416666666666,0
583.6666666666666,0
571.625,0
571.8333333333334,0
583.5833333333334,0
582.9166666666666,0
582.875,0
571.625,0
583.375,0
583.4166666666666,0
566.9583333333334,0
571.9166666666666,0
474.9166666666667,0
467.9166666666667,0
583.5833333333334,0
583.6666666666666,0
583.7916666666666,0
567.2083333333334,0
583.2916666666666,0
469.6666666666667,0
542.375,0
583.5416666666666,0
576.25,0
542.75,0
566.875,0
482.8333333333333,0
503.6666666666667,0
468.2916666666667,0
503.5833333333333,0
600.375,0
468.0416666666667,0
468.5416666666667,0
600.1666666666666,0
468.375,0
467.9583333333333,0
600.5,0
583.625,0
571.25,0
571.8333333333334,0
583.2916666666666,0
567.0416666666666,0
468.7916666666667,0
503.7916666666667,0
571.9583333333334,0
426.0,0
580.2083333333334,0
583.9583333333334,0
571.6666666666666,0
600.5833333333334,0
571.625,0
575.9166666666666,0
584.2083333333334,0
475.125,0
583.625,0
583.75,0
582.8333333333334,0
468.5833333333333,0
220.45833333333334,0
503.4166666666667,0
503.375,0
475.9583333333333,0
503.75,0
503.6666666666667,0
467.9166666666667,0
503.4166666666667,0
468.25,0
468.6666666666667,0
437.5,0
567.2916666666666,0
600.4166666666666,0
542.4583333333334,0
576.5,0
468.2083333333333,0
571.5833333333334,0
216.875,0
583.2083333333334,0
572.0833333333334,0
583.375,0
470.3333333333333,0
468.6666666666667,0
571.1666666666666,0
541.875,0
571.2083333333334,0
566.7916666666666,0
567.4166666666666,0
572.2916666666666,0
600.7083333333334,0
575.7083333333334,0
542.5,0
542.125,0
566.625,0
600.5833333333334,0
571.125,0
570.9583333333334,0
575.75,0
601.0416666666666,0
542.625,0
542.2083333333334,0
575.7916666666666,0
576.3333333333334,0
576.5833333333334,0
571.0833333333334,0
571.4166666666666,0
542.7083333333334,0
600.25,0
542.7916666666666,0
542.875,0
575.7083333333334,0
542.7083333333334,0
542.5416666666666,0
542.75,0
542.25,0
567.4166666666666,0
542.3333333333334,0
542.0833333333334,0
542.25,0
600.625,0
576.5416666666666,0
576.625,0
575.5416666666666,0
542.9166666666666,0
576.5416666666666,0
541.9583333333334,0
600.625,0
542.2083333333334,0
543.125,0
543.125,0
571.2916666666666,0
566.8333333333334,0
543.0833333333334,0
542.5833333333334,0
576.125,0
571.25,0
542.6666666666666,0
575.625,0
576.625,0
542.875,0
542.9583333333334,0
576.3333333333334,0
576.125,0
576.125,0
542.75,0
542.9583333333334,0
575.5833333333334,0
576.5833333333334,0
542.625,0
543.2083333333334,0
571.0416666666666,0
542.375,0
542.7916666666666,0
599.0833333333334,0
542.5416666666666,0
575.4583333333334,0
571.25,0
576.4166666666666,0
542.6666666666666,0
571.2083333333334,0
542.625,0
542.9166666666666,0
542.375,0
542.7083333333334,0
575.6666666666666,0
576.0833333333334,0
542.5833333333334,0
576.4166666666666,0
566.7083333333334,0
542.5,0
542.625,0
570.9583333333334,0
542.625,0
542.625,0
542.3333333333334,0
542.4166666666666,0
542.75,0
542.5,0
417.5833333333333,0
468.7083333333333,0
438.3333333333333,0
542.7083333333334,0
566.9583333333334,0
600.1666666666666,0
470.2916666666667,0
470.25,0
600.4166666666666,0
576.3333333333334,0
600.7916666666666,0
600.7916666666666,0
576.4583333333334,0
542.6666666666666,0
542.4583333333334,0
600.8333333333334,0
600.5,0
576.5833333333334,0
575.5833333333334,0
600.625,0
542.7916666666666,0
542.4583333333334,0
575.75,0
599.6666666666666,0
576.3333333333334,0
600.875,0
600.5416666666666,0
542.6666666666666,0
600.5,0
600.5833333333334,0
576.375,0
542.0833333333334,0
599.875,0
566.6666666666666,0
542.5416666666666,0
600.4583333333334,0
599.4583333333334,0
583.4166666666666,0
542.5,0
576.9583333333334,0
575.625,0
576.9166666666666,0
576.0833333333334,0
575.9166666666666,0
600.75,0
576.1666666666666,0
542.125,0
543.0,0
600.6666666666666,0
576.7083333333334,0
543.0416666666666,0
600.75,0
576.625,0
575.75,0
542.4583333333334,0
542.3333333333334,0
542.7083333333334,0
543.0416666666666,0
542.7916666666666,0
567.5833333333334,0
576.875,0
576.3333333333334,0
542.2083333333334,0
599.0833333333334,0
599.7916666666666,0
576.4583333333334,0
543.0416666666666,0
575.5,0
542.1666666666666,0
601.0,0
600.375,0
542.9166666666666,0
576.2916666666666,0
566.7916666666666,0
576.4583333333334,0
576.375,0
597.4583333333334,0
542.4583333333334,0
542.5833333333334,0
542.9166666666666,0
600.25,0
599.4583333333334,0
601.2083333333334,0
542.4166666666666,0
576.25,0
571.0416666666666,0
600.4583333333334,0
542.5833333333334,0
542.5416666666666,0
599.875,0
599.875,0
600.6666666666666,0
597.375,0
600.6666666666666,0
600.5833333333334,0
575.7083333333334,0
576.2916666666666,0
599.7916666666666,0
567.1666666666666,0
599.5833333333334,0
542.9166666666666,0
542.75,0
600.9166666666666,0
600.7083333333334,0
542.625,0
575.9583333333334,0
600.5416666666666,0
542.6666666666666,0
600.1666666666666,0
600.7083333333334,0
576.0,0
575.7083333333334,0
542.625,0
576.5416666666666,0
542.625,0
600.9166666666666,0
576.2083333333334,0
571.125,0
576.2083333333334,0
575.5416666666666,0
600.4166666666666,0
576.0,0
601.25,0
600.4166666666666,0
599.3333333333334,0
600.2083333333334,0
576.0,0
600.9166666666666,0
600.25,0
600.8333333333334,0
597.7916666666666,0
600.875,0
576.5416666666666,0
599.6666666666666,0
600.625,0
600.5416666666666,0
468.4166666666667,0
542.1666666666666,0
600.875,0
600.625,0
600.625,0
599.875,0
542.5416666666666,0
571.0416666666666,0
601.0,0
600.6666666666666,0
600.5416666666666,0
600.6666666666666,0
599.4166666666666,0
576.9166666666666,0
571.7916666666666,0
576.5416666666666,0
600.6666666666666,0
600.5416666666666,0
599.4166666666666,0
542.6666666666666,0
600.4166666666666,0
600.0416666666666,0
600.6666666666666,0
542.625,0
600.75,0
543.0833333333334,0
600.75,0
599.9583333333334,0
543.0,0
600.0,0
542.5416666666666,0
600.5833333333334,0
542.3333333333334,0
600.9583333333334,0
600.1666666666666,0
600.2083333333334,0
600.375,0
600.4583333333334,0
599.7083333333334,0
601.2083333333334,0
599.375,0
600.4583333333334,0
600.8333333333334,0
601.0,0
599.875,0
599.875,0
600.6666666666666,0
599.875,0
600.75,0
600.375,0
474.9166666666667,0
200.66666666666666,0
600.75,0
599.5,0
599.4166666666666,0
600.9166666666666,0
599.9166666666666,0
543.0833333333334,0
599.7083333333334,0
576.1666666666666,0
601.1666666666666,0
600.5416666666666,0
600.3333333333334,0
600.5,0
600.0833333333334,0
600.2083333333334,0
599.5,0
542.6666666666666,0
542.75,0
599.7083333333334,0
583.9583333333334,0
600.5,0
575.5833333333334,0
575.9583333333334,0
600.6666666666666,0
576.7083333333334,0
542.7083333333334,0
600.9166666666666,0
542.4583333333334,0
600.7083333333334,0
600.0416666666666,0
599.6666666666666,0
576.0833333333334,0
576.4583333333334,0
575.75,0
575.7916666666666,0
542.2083333333334,0
542.75,0
576.0416666666666,0
600.125,0
542.5833333333334,0
542.1666666666666,0
542.875,0
542.9583333333334,0
542.9583333333334,0
600.3333333333334,0
600.7083333333334,0
600.6666666666666,0
542.5416666666666,0
542.9166666666666,0
542.4583333333334,0
542.2916666666666,0
599.4583333333334,0
599.125,0
575.875,0
542.3333333333334,0
541.9166666666666,0
599.8333333333334,0
600.25,0
542.5416666666666,0
542.5416666666666,0
600.4166666666666,0
600.375,0
600.7083333333334,0
599.625,0
600.6666666666666,0
576.5,0
576.125,0
600.375,0
599.8333333333334,0
542.9583333333334,0
576.5833333333334,0
576.8333333333334,0
600.5833333333334,0
576.9583333333334,0
542.9166666666666,0
542.5416666666666,0
576.7916666666666,0
542.8333333333334,0
576.625,0
542.7083333333334,0
576.3333333333334,0
543.0,0
542.0,0
542.7083333333334,0
543.0833333333334,0
599.375,0
576.4583333333334,0
576.375,0
542.4583333333334,0
542.3333333333334,0
576.2083333333334,0
599.7916666666666,0
600.0833333333334,0
600.7916666666666,0
542.25,0
576.5416666666666,0
601.0416666666666,0
600.6666666666666,0
599.5416666666666,0
542.5,0
599.0833333333334,0
543.0833333333334,0
600.75,0
575.7916666666666,0
576.375,0
542.5,0
575.9583333333334,0
599.5,0
576.2916666666666,0
542.5416666666666,0
576.5,0
542.5416666666666,0
600.7083333333334,0
600.4166666666666,0
542.75,0
576.1666666666666,0
542.8333333333334,0
599.5833333333334,0
599.75,0
542.7083333333334,0
600.7083333333334,0
576.875,0
600.7916666666666,0
543.125,0
542.8333333333334,0
542.4166666666666,0
542.6666666666666,0
542.5833333333334,0
599.75,0
600.625,0
576.0833333333334,0
566.75,0
600.9583333333334,0
576.0,0
604.75,0
542.7083333333334,0
600.5833333333334,0
600.625,0
542.5,0
542.6666666666666,0
600.4583333333334,0
576.0833333333334,0
600.125,0
600.75,0
599.8333333333334,0
576.6666666666666,0
600.5416666666666,0
601.125,0
542.9583333333334,0
600.125,0
576.125,0
600.0833333333334,0
599.4583333333334,0
600.2083333333334,0
600.125,0
600.125,0
600.75,0
600.5833333333334,0
576.0,0
599.6666666666666,0
599.75,0
542.5833333333334,0
600.5833333333334,0
470.4166666666667,0
599.2916666666666,0
600.75,0
599.375,0
600.375,0
600.5833333333334,0
599.8333333333334,0
542.8333333333334,0
599.6666666666666,0
542.25,0
575.7916666666666,0
600.75,0
576.7916666666666,0
542.4583333333334,0
600.9166666666666,0
600.7916666666666,0
542.6666666666666,0
543.25,0
576.625,0
599.75,0
576.6666666666666,0
576.5,0
576.2916666666666,0
542.5,0
542.5416666666666,0
575.8333333333334,0
542.2083333333334,0
542.4166666666666,0
566.875,0
543.0,0
542.375,0
576.4166666666666,0
576.25,0
543.0416666666666,0
542.9583333333334,0
576.5833333333334,0
576.9583333333334,0
600.0416666666666,0
576.9583333333334,0
576.3333333333334,0
600.7916666666666,0
576.2083333333334,0
543.125,0
575.6666666666666,0
575.9166666666666,0
504.0833333333333,0
601.0833333333334,0
542.3333333333334,0
542.75,0
571.1666666666666,0
468.5,0
600.625,0
542.6666666666666,0
542.75,0
542.4583333333334,0
604.7083333333334,0
599.4166666666666,0
600.9166666666666,0
542.125,0
600.2916666666666,0
542.9166666666666,0
543.0833333333334,0
576.0833333333334,0
600.8333333333334,0
600.3333333333334,0
542.8333333333334,0
600.4583333333334,0
542.75,0
599.5,0
575.875,0
600.5416666666666,0
542.7083333333334,0
600.3333333333334,0
542.75,0
571.125,0
542.8333333333334,0
600.875,0
542.5833333333334,0
600.6666666666666,0
601.1666666666666,0
576.4166666666666,0
542.7083333333334,0
542.875,0
542.5833333333334,0
600.0416666666666,0
571.5416666666666,0
600.75,0
542.7916666666666,0
576.5833333333334,0
542.2916666666666,0
575.9166666666666,0
600.4583333333334,0
576.2083333333334,0
576.0416666666666,0
604.3333333333334,0
543.0,0
599.5416666666666,0
576.125,0
600.5416666666666,0
600.375,0
600.25,0
542.2916666666666,0
576.1666666666666,0
576.4583333333334,0
600.7083333333334,0
542.75,0
576.4166666666666,0
542.9166666666666,0
542.5833333333334,0
542.8333333333334,0
542.4583333333334,0
542.625,0
575.9166666666666,0
468.4166666666667,0
600.1666666666666,0
575.8333333333334,0
542.7083333333334,0
600.75,0
542.6666666666666,0
600.75,0
543.0416666666666,0
576.0,0
542.75,0
600.875,0
600.9166666666666,0
599.4166666666666,0
576.5,0
542.5833333333334,0
542.5416666666666,0
600.625,0
571.375,0
600.5416666666666,0
600.9583333333334,0
576.375,0
600.625,0
576.2916666666666,0
599.7083333333334,0
599.7916666666666,0
567.2083333333334,0
576.4583333333334,0
571.5833333333334,0
542.5833333333334,0
600.3333333333334,0
600.9583333333334,0
576.5416666666666,0
576.4583333333334,0
543.0,0
600.25,0
600.5833333333334,0
542.7916666666666,0
576.25,0
542.6666666666666,0
576.625,0
543.0,0
576.625,0
600.8333333333334,0
542.4166666666666,0
542.5833333333334,0
600.25,0
576.0,0
584.0833333333334,0
597.875,0
600.8333333333334,0
600.0833333333334,0
576.1666666666666,0
542.7916666666666,0
542.25,0
542.375,0
600.5833333333334,0
600.2083333333334,0
571.5,0
600.8333333333334,0
600.625,0
542.2916666666666,0
576.25,0
542.75,0
542.75,0
543.2083333333334,0
542.3333333333334,0
542.0,0
575.75,0
576.25,0
542.375,0
542.875,0
576.375,0
543.0,0
542.5833333333334,0
575.9583333333334,0
542.1666666666666,0
575.625,0
600.875,0
600.4166666666666,0
542.75,0
599.5833333333334,0
600.4166666666666,0
600.5,0
542.6666666666666,0
542.7916666666666,0
543.0833333333334,0
542.875,0
576.1666666666666,0
600.7083333333334,0
600.2083333333334,0
599.8333333333334,0
600.75,0
542.625,0
600.4583333333334,0
576.0,0
599.375,0
566.9166666666666,0
542.7916666666666,0
576.25,0
576.5833333333334,0
599.625,0
542.2916666666666,0
600.9166666666666,0
542.5,0
469.0416666666667,0
600.6666666666666,0
604.9166666666666,0
576.8333333333334,0
575.9583333333334,0
600.8333333333334,0
542.6666666666666,0
599.5833333333334,0
600.2916666666666,0
542.75,0
542.6666666666666,0
600.7916666666666,0
542.2916666666666,0
543.0,0
576.1666666666666,0
542.5833333333334,0
543.0416666666666,0
576.4166666666666,0
599.5416666666666,0
599.6666666666666,0
543.0416666666666,0
542.625,0
542.2083333333334,0
575.75,0
576.0833333333334,0
600.6666666666666,0
576.25,0
567.3333333333334,0
576.4583333333334,0
599.7083333333334,0
576.2916666666666,0
576.375,0
599.7916666666666,0
600.1666666666666,0
576.5416666666666,0
576.4166666666666,0
576.5833333333334,0
543.0,0
542.25,0
576.7083333333334,0
576.5,0
600.7083333333334,0
542.625,0
599.6666666666666,0
575.9166666666666,0
576.5,0
542.625,0
543.25,0
542.375,0
597.5833333333334,0
575.5,0
600.4166666666666,0
600.9583333333334,0
600.9166666666666,0
575.7916666666666,0
567.0,0
600.7916666666666,0
576.125,0
576.375,0
575.7916666666666,0
600.4583333333334,0
600.2083333333334,0
468.75,0
542.7916666666666,0
599.2916666666666,0
600.6666666666666,0
567.1666666666666,0
600.7083333333334,0
599.0833333333334,0
600.7083333333334,0
600.2083333333334,0
576.625,0
600.3333333333334,0
600.875,0
576.1666666666666,0
567.125,0
575.8333333333334,0
566.9583333333334,0
567.5416666666666,0
542.6666666666666,0
599.5,0
575.5833333333334,0
542.75,0
576.4166666666666,0
600.4166666666666,0
542.875,0
542.4583333333334,0
576.625,0
599.7916666666666,0
576.125,0
576.375,0
600.375,0
576.75,0
542.5,0
542.9583333333334,0
599.5416666666666,0
575.9166666666666,0
600.5,0
576.375,0
576.5833333333334,0
576.8333333333334,0
576.0416666666666,0
542.9166666666666,0
575.8333333333334,0
566.9166666666666,0
597.8333333333334,0
575.9583333333334,0
599.5416666666666,0
600.4166666666666,0
543.0416666666666,0
543.0833333333334,0
542.6666666666666,0
600.9583333333334,0
600.7916666666666,0
600.5833333333334,0
542.7083333333334,0
600.9166666666666,0
542.75,0
599.7916666666666,0
600.5416666666666,0
576.3333333333334,0
601.2916666666666,0
576.7083333333334,0
542.4583333333334,0
576.5,0
542.5833333333334,0
542.2083333333334,0
576.25,0
542.2916666666666,0
543.1666666666666,0
576.25,0
542.4166666666666,0
600.1666666666666,0
599.8333333333334,0
576.5,0
575.6666666666666,0
542.5833333333334,0
599.7083333333334,0
599.4166666666666,0
600.4583333333334,0
599.5416666666666,0
575.75,0
576.2083333333334,0
542.5833333333334,0
542.375,0
542.625,0
542.7916666666666,0
600.5,0
542.2083333333334,0
599.875,0
576.7083333333334,0
542.625,0
543.25,0
600.125,0
542.625,0
600.7083333333334,0
600.9166666666666,0
600.2083333333334,0
542.4583333333334,0
600.7083333333334,0
600.625,0
576.7916666666666,0
542.6666666666666,0
576.375,0
542.7083333333334,0
542.75,0
601.125,0
542.7083333333334,0
576.0833333333334,0
600.5833333333334,0
600.4166666666666,0
600.5833333333334,0
599.5833333333334,0
543.0833333333334,0
576.4583333333334,0
599.8333333333334,0
600.5833333333334,0
600.625,0
601.0,0
600.0,0
542.7916666666666,0
576.6666666666666,0
576.1666666666666,0
600.9583333333334,0
542.5416666666666,0
542.125,0
600.75,0
566.75,0
600.0833333333334,0
600.0416666666666,0
600.6666666666666,0
599.75,0
600.9166666666666,0
599.625,0
542.5416666666666,0
600.4583333333334,0
600.4583333333334,0
576.0,0
600.625,0
542.9583333333334,0
542.6666666666666,0
576.0,0
576.2083333333334,0
542.875,0
600.5833333333334,0
600.875,0
600.375,0
600.2083333333334,0
601.2083333333334,0
599.7083333333334,0
599.8333333333334,0
601.0416666666666,0
601.0833333333334,0
543.0833333333334,0
599.75,0
600.7916666666666,0
601.0833333333334,0
599.875,0
600.0416666666666,0
600.4583333333334,0
599.375,0
599.75,0
566.7083333333334,0
599.5,0
543.0416666666666,0
600.4583333333334,0
566.75,0
576.1666666666666,0
542.375,0
542.75,0
566.9583333333334,0
542.9583333333334,0
542.5,0
600.875,0
575.8333333333334,0
542.4166666666666,0
571.2083333333334,0
542.5416666666666,0
575.9166666666666,0
542.4583333333334,0
542.3333333333334,0
576.2083333333334,0
576.1666666666666,0
600.6666666666666,0
542.4583333333334,0
542.5416666666666,0
599.3333333333334,0
542.7916666666666,0
599.625,0
604.3333333333334,0
216.70833333333334,0
582.8333333333334,0
597.875,0
571.9166666666666,0
571.1666666666666,0
583.2083333333334,0
571.6666666666666,0
600.75,0
583.7916666666666,0
583.8333333333334,0
583.9166666666666,0
582.8333333333334,0
571.1666666666666,0
583.8333333333334,0
571.3333333333334,0
583.7916666666666,0
583.0833333333334,0
572.25,0
583.6666666666666,0
572.5416666666666,0
583.0833333333334,0
600.8333333333334,0
571.0416666666666,0
217.83333333333334,0
583.6666666666666,0
571.4583333333334,0
571.6666666666666,0
576.0,0
583.5833333333334,0
582.875,0
600.25,0
571.9166666666666,0
599.2083333333334,0
600.8333333333334,0
567.4166666666666,0
597.4166666666666,0
600.3333333333334,0
468.5833333333333,0
597.7083333333334,0
566.875,0
567.125,0
567.2083333333334,0
567.0416666666666,0
600.375,0
576.625,0
600.3333333333334,0
600.625,0
597.9583333333334,0
542.9583333333334,0
542.75,0
542.5416666666666,0
542.375,0
576.2083333333334,0
542.7083333333334,0
576.625,0
543.0416666666666,0
575.6666666666666,0
542.6666666666666,0
542.5416666666666,0
567.375,0
468.5,0
542.8333333333334,0
468.75,0
567.0,0
567.375,0
567.4166666666666,0
600.375,0
542.25,0
567.4166666666666,0
572.25,0
576.6666666666666,0
542.875,0
542.5,0
566.9166666666666,0
542.375,0
571.0416666666666,0
576.125,0
542.7083333333334,0
542.25,0
542.625,0
542.4166666666666,0
576.0833333333334,0
543.1666666666666,0
567.3333333333334,0
542.75,0
542.25,0
542.2916666666666,0
576.5833333333334,0
542.7916666666666,0
597.7916666666666,0
542.25,0
566.5,0
575.75,0
576.1666666666666,0
575.5833333333334,0
567.375,0
542.4166666666666,0
576.875,0
576.125,0
542.5833333333334,0
576.6666666666666,0
576.5833333333334,0
575.7083333333334,0
542.4583333333334,0
576.4166666666666,0
576.0416666666666,0
543.0416666666666,0
576.0833333333334,0
542.1666666666666,0
542.6666666666666,0
543.0416666666666,0
543.0,0
542.8333333333334,0
571.375,0
542.625,0
542.75,0
600.5,0
542.9583333333334,0
575.9583333333334,0
576.375,0
542.8333333333334,0
566.25,0
576.25,0
576.0416666666666,0
542.9166666666666,0
542.5833333333334,0
542.7916666666666,0
566.875,0
542.375,0
542.9583333333334,0
567.375,0
575.4583333333334,0
576.125,0
576.2916666666666,0
542.7916666666666,0
576.2916666666666,0
575.5416666666666,0
542.7916666666666,0
567.5,0
575.6666666666666,0
542.75,0
576.5,0
543.125,0
542.375,0
576.5,0
567.5,0
575.75,0
576.0,0
571.0833333333334,0
576.25,0
600.5416666666666,0
575.875,0
576.875,0
600.5,0
576.25,0
575.4583333333334,0
575.5833333333334,0
542.5416666666666,0
567.0,0
571.4166666666666,0
542.375,0
542.5833333333334,0
542.4166666666666,0
543.0,0
575.875,0
600.625,0
542.4583333333334,0
600.4166666666666,0
576.2083333333334,0
566.2916666666666,0
542.7916666666666,0
599.0416666666666,0
542.7083333333334,0
542.5833333333334,0
600.2916666666666,0
542.9583333333334,0
542.3333333333334,0
576.4166666666666,0
576.4583333333334,0
576.625,0
571.375,0
576.0416666666666,0
542.4166666666666,0
542.6666666666666,0
576.5,0
542.5833333333334,0
542.875,0
468.9583333333333,0
566.375,0
576.0833333333334,0
542.4583333333334,0
542.7083333333334,0
542.0416666666666,0
542.2916666666666,0
600.625,0
542.2916666666666,0
571.125,0
542.4166666666666,0
575.6666666666666,0
576.5416666666666,0
576.4166666666666,0
567.5416666666666,0
567.5416666666666,0
567.3333333333334,0
575.7916666666666,0
541.9166666666666,0
542.2916666666666,0
567.125,0
542.4166666666666,0
542.875,0
543.0,0
542.7916666666666,0
542.6666666666666,0
571.0833333333334,0
542.9166666666666,0
542.0833333333334,0
575.875,0
542.8333333333334,0
576.2916666666666,0
542.2083333333334,0
576.0833333333334,0
576.75,0
576.875,0
542.5833333333334,0
576.9166666666666,0
576.375,0
600.4583333333334,0
600.5833333333334,0
542.7083333333334,0
542.5416666666666,0
542.5416666666666,0
576.5416666666666,0
571.0833333333334,0
571.0,0
542.6666666666666,0
542.8333333333334,0
576.2916666666666,0
542.625,0
542.375,0
543.0416666666666,0
542.25,0
543.0416666666666,0
542.6666666666666,0
576.2916666666666,0
576.8333333333334,0
575.5416666666666,0
576.5833333333334,0
576.0,0
576.0,0
575.5833333333334,0
542.5,0
575.9583333333334,0
575.9166666666666,0
542.6666666666666,0
543.0,0
576.375,0
575.7083333333334,0
576.2916666666666,0
576.3333333333334,0
542.4166666666666,0
576.0416666666666,0
576.5833333333334,0
542.9166666666666,0
542.875,0
542.8333333333334,0
542.625,0
542.7916666666666,0
542.25,0
542.6666666666666,0
576.3333333333334,0
542.8333333333334,0
542.7083333333334,0
571.4166666666666,0
576.625,0
542.75,0
542.7916666666666,0
542.1666666666666,0
575.875,0
542.25,0
542.625,0
542.4166666666666,0
542.6666666666666,0
542.3333333333334,0
576.7916666666666,0
575.8333333333334,0
576.2083333333334,0
575.625,0
542.7083333333334,0
583.5416666666666,0
576.5416666666666,0
576.5,0
542.7083333333334,0
542.7083333333334,0
576.4166666666666,0
576.7916666666666,0
542.6666666666666,0
575.9166666666666,0
567.0833333333334,0
575.9583333333334,0
575.75,0
575.5416666666666,0
576.5,0
542.75,0
542.1666666666666,0
542.5833333333334,0
543.2916666666666,0
543.125,0
576.375,0
575.4583333333334,0
576.4583333333334,0
542.375,0
542.6666666666666,0
575.6666666666666,0
599.9166666666666,0
542.75,0
576.0833333333334,0
576.5416666666666,0
576.5833333333334,0
542.75,0
542.3333333333334,0
542.7083333333334,0
542.875,0
542.3333333333334,0
542.75,0
543.0833333333334,0
576.1666666666666,0
576.4166666666666,0
575.7083333333334,0
576.3333333333334,0
542.5833333333334,0
542.5833333333334,0
542.5,0
542.625,0
599.9166666666666,0
542.7916666666666,0
576.6666666666666,0
542.8333333333334,0
542.8333333333334,0
576.25,0
542.6666666666666,0
541.9166666666666,0
566.8333333333334,0
542.5416666666666,0
576.375,0
575.75,0
542.5833333333334,0
542.875,0
576.25,0
576.0416666666666,0
542.2916666666666,0
567.0833333333334,0
542.7083333333334,0
542.5,0
542.7083333333334,0
542.4166666666666,0
575.9583333333334,0
542.4166666666666,0
542.7083333333334,0
575.875,0
542.5416666666666,0
543.1666666666666,0
542.625,0
599.8333333333334,0
542.5,0
542.3333333333334,0
600.2916666666666,0
600.5416666666666,0
599.9583333333334,0
600.8333333333334,0
542.5,0
542.7916666666666,0
542.4166666666666,0
600.3333333333334,0
542.5416666666666,0
600.75,0
600.625,0
600.7083333333334,0
542.375,0
600.0,0
599.75,0
600.9166666666666,0
600.7916666666666,0
600.75,0
542.875,0
543.0416666666666,0
542.375,0
599.9166666666666,0
600.7916666666666,0
599.7083333333334,0
599.3333333333334,0
600.5416666666666,0
543.125,0
600.5416666666666,0
599.3333333333334,0
600.5416666666666,0
600.2916666666666,0
575.625,0
576.25,0
542.75,0
542.2916666666666,0
576.7083333333334,0
600.625,0
542.75,0
600.5,0
600.0833333333334,0
600.25,0
600.625,0
600.7083333333334,0
601.0,0
542.9583333333334,0
599.4583333333334,0
600.5,0
542.5833333333334,0
542.5,0
600.5,0
542.625,0
542.6666666666666,0
542.0833333333334,0
543.125,0
600.6666666666666,0
542.625,0
601.25,0
600.5,0
542.5833333333334,0
600.7916666666666,0
571.0,0
542.9166666666666,0
576.5416666666666,0
575.625,0
599.75,0
599.2916666666666,0
542.7916666666666,0
571.25,0
468.7916666666667,0
600.0416666666666,0
566.4583333333334,0
576.0416666666666,0
542.4583333333334,0
542.75,0
566.8333333333334,0
576.125,0
566.9166666666666,0
583.4583333333334,0
575.9166666666666,0
600.8333333333334,0
575.9166666666666,0
576.4166666666666,0
576.1666666666666,0
542.625,0
600.5,0
542.2916666666666,0
542.8333333333334,0
542.6666666666666,0
542.9166666666666,0
542.9166666666666,0
542.9166666666666,0
542.5,0
576.0416666666666,0
567.4583333333334,0
576.25,0
576.3333333333334,0
542.625,0
576.0833333333334,0
600.4166666666666,0
542.5416666666666,0
576.25,0
543.125,0
542.9583333333334,0
543.0,0
575.7916666666666,0
542.5833333333334,0
542.4583333333334,0
543.0,0
542.25,0
542.75,0
599.9583333333334,0
576.25,0
542.6666666666666,0
576.0416666666666,0
542.1666666666666,0
600.7083333333334,0
542.5833333333334,0
543.0416666666666,0
542.5416666666666,0
600.7916666666666,0
600.75,0
542.0,0
576.75,0
567.4166666666666,0
542.8333333333334,0
600.5833333333334,0
599.2916666666666,0
542.375,0
575.8333333333334,0
566.75,0
576.5833333333334,0
575.7083333333334,0
542.25,0
600.5,0
600.8333333333334,0
575.7083333333334,0
600.0416666666666,0
576.6666666666666,0
542.4583333333334,0
543.2083333333334,0
600.875,0
600.5,0
542.7083333333334,0
542.5416666666666,0
576.75,0
576.2083333333334,0
542.875,0
599.3333333333334,0
576.125,0
600.7083333333334,0
604.7083333333334,0
599.875,0
542.3333333333334,0
542.2916666666666,0
542.5416666666666,0
576.5416666666666,0
543.0416666666666,0
542.5833333333334,0
542.4166666666666,0
600.7083333333334,0
599.625,0
542.875,0
542.875,0
570.9166666666666,0
575.625,0
576.375,0
600.4583333333334,0
570.9166666666666,0
576.1666666666666,0
576.3333333333334,0
576.0833333333334,0
542.4166666666666,0
576.875,0
542.6666666666666,0
543.0416666666666,0
576.0416666666666,0
542.75,0
542.8333333333334,0
543.0,0
575.875,0
576.875,0
575.75,0
542.8333333333334,0
542.3333333333334,0
542.375,0
576.7916666666666,0
542.7083333333334,0
543.0833333333334,0
542.9166666666666,0
576.5,0
542.5416666666666,0
575.625,0
571.25,0
542.625,0
575.7916666666666,0
542.7916666666666,0
575.5416666666666,0
542.375,0
543.0833333333334,0
571.0416666666666,0
576.0,0
575.7083333333334,0
542.4166666666666,0
576.4166666666666,0
542.75,0
575.9583333333334,0
542.6666666666666,0
542.4583333333334,0
542.5,0
541.9583333333334,0
542.5833333333334,0
542.4166666666666,0
576.875,0
575.9583333333334,0
542.2083333333334,0
600.625,0
600.9583333333334,0
542.9166666666666,0
542.75,0
567.4166666666666,0
575.4583333333334,0
542.4583333333334,0
575.5833333333334,0
600.5833333333334,0
575.4583333333334,0
542.0,0
600.75,0
600.8333333333334,0
571.2083333333334,0
600.7916666666666,0
575.75,0
576.5,0
542.5833333333334,0
542.9166666666666,0
542.9166666666666,0
600.4583333333334,0
542.375,0
542.875,0
575.6666666666666,0
600.125,0
600.5,0
601.0,0
542.4583333333334,0
601.2916666666666,0
600.2916666666666,0
575.9583333333334,0
542.5833333333334,0
600.3333333333334,0
542.8333333333334,0
600.5416666666666,0
542.2916666666666,0
597.625,0
567.3333333333334,0
599.5833333333334,0
542.5833333333334,0
576.0416666666666,0
600.5833333333334,0
576.0833333333334,0
576.0416666666666,0
600.6666666666666,0
600.6666666666666,0
599.8333333333334,0
542.4583333333334,0
601.0,0
575.8333333333334,0
599.875,0
599.5833333333334,0
542.75,0
576.375,0
576.4583333333334,0
600.0416666666666,0
599.9583333333334,0
600.7916666666666,0
600.75,0
542.5416666666666,0
600.2916666666666,0
542.5833333333334,0
600.7916666666666,0
576.7083333333334,0
542.6666666666666,0
600.8333333333334,0
600.6666666666666,0
576.2916666666666,0
542.5,0
600.5,0
600.7083333333334,0
600.9583333333334,0
600.9583333333334,0
542.7083333333334,0
542.5,0
542.2916666666666,0
599.7083333333334,0
600.625,0
542.5,0
600.8333333333334,0
576.25,0
600.5,0
600.7916666666666,0
542.375,0
599.7916666666666,0
600.875,0
600.4166666666666,0
542.625,0
600.5833333333334,0
600.9583333333334,0
600.2083333333334,0
600.0,0
576.4166666666666,0
601.0833333333334,0
542.6666666666666,0
600.25,0
575.8333333333334,0
600.5416666666666,0
600.875,0
600.625,0
600.9583333333334,0
600.4583333333334,0
600.375,0
599.625,0
600.9583333333334,0
599.5,0
599.9166666666666,0
542.4583333333334,0
601.0,0
542.0833333333334,0
600.625,0
600.625,0
542.75,0
599.625,0
600.6666666666666,0
542.9583333333334,0
599.6666666666666,0
567.0416666666666,0
541.875,0
600.5,0
599.7916666666666,0
576.2916666666666,0
542.625,0
600.625,0
542.625,0
600.5833333333334,0
601.0,0
599.8333333333334,0
600.875,0
600.3333333333334,0
542.9166666666666,0
600.625,0
576.5416666666666,0
600.7083333333334,0
542.5833333333334,0
542.4583333333334,0
576.5833333333334,0
542.5416666666666,0
576.3333333333334,0
576.8333333333334,0
600.5416666666666,0
542.7083333333334,0
600.5416666666666,0
575.9583333333334,0
600.5,0
600.0416666666666,0
601.2083333333334,0
599.4583333333334,0
575.875,0
599.5833333333334,0
576.3333333333334,0
542.5,0
575.5833333333334,0
600.5,0
543.2916666666666,0
572.0833333333334,0
600.2916666666666,0
600.2083333333334,0
576.5833333333334,0
571.0833333333334,0
542.75,0
566.7083333333334,0
576.0833333333334,0
566.9166666666666,0
576.0833333333334,0
600.375,0
600.4166666666666,0
575.9166666666666,0
600.8333333333334,0
542.5,0
601.0,0
575.875,0
542.0416666666666,0
576.2083333333334,0
542.5833333333334,0
600.375,0
542.6666666666666,0
600.5,0
600.6666666666666,0
600.4166666666666,0
599.2916666666666,0
600.375,0
575.5833333333334,0
576.5,0
575.5416666666666,0
600.375,0
601.0,0
599.7083333333334,0
600.375,0
571.2916666666666,0
542.6666666666666,0
575.9166666666666,0
571.2083333333334,0
576.4166666666666,0
576.625,0
600.375,0
542.7083333333334,0
542.3333333333334,0
542.5,0
576.3333333333334,0
542.5,0
600.3333333333334,0
542.9166666666666,0
542.4583333333334,0
542.5833333333334,0
600.7916666666666,0
576.0833333333334,0
542.7083333333334,0
543.1666666666666,0
576.2083333333334,0
542.375,0
542.625,0
566.9583333333334,0
576.0,0
542.375,0
543.0416666666666,0
576.125,0
576.5416666666666,0
542.4583333333334,0
542.4583333333334,0
542.6666666666666,0
583.3333333333334,0
575.8333333333334,0
576.375,0
576.2916666666666,0
542.375,0
542.5416666666666,0
576.75,0
600.6666666666666,0
542.3333333333334,0
576.4166666666666,0
576.25,0
576.2083333333334,0
542.7916666666666,0
600.5416666666666,0
575.7083333333334,0
576.2083333333334,0
599.4583333333334,0
542.625,0
576.7916666666666,0
566.7916666666666,0
542.7916666666666,0
576.0,0
575.7083333333334,0
576.0416666666666,0
542.9166666666666,0
576.7916666666666,0
542.8333333333334,0
543.125,0
542.5416666666666,0
542.75,0
576.2916666666666,0
600.9583333333334,0
576.4583333333334,0
601.0416666666666,0
543.0416666666666,0
600.4583333333334,0
542.6666666666666,0
599.9166666666666,0
600.8333333333334,0
600.1666666666666,0
599.625,0
601.25,0
543.1666666666666,0
576.5,0
542.5416666666666,0
542.9166666666666,0
542.7916666666666,0
542.5416666666666,0
576.5416666666666,0
542.4583333333334,0
575.9583333333334,0
542.9583333333334,0
575.75,0
600.625,0
599.6666666666666,0
576.2916666666666,0
600.2083333333334,0
597.3333333333334,0
599.375,0
542.375,0
542.2916666666666,0
599.5,0
576.1666666666666,0
599.7916666666666,0
542.4166666666666,0
576.375,0
542.8333333333334,0
567.125,0
542.2083333333334,0
542.2083333333334,0
575.7916666666666,0
576.75,0
542.6666666666666,0
542.875,0
576.7916666666666,0
566.2916666666666,0
542.5416666666666,0
600.625,0
542.8333333333334,0
599.2916666666666,0
542.4583333333334,0
542.8333333333334,0
575.875,0
600.9166666666666,0
600.2083333333334,0
576.75,0
542.5416666666666,0
600.875,0
571.0416666666666,0
576.2083333333334,0
567.4583333333334,0
542.7083333333334,0
542.5416666666666,0
575.875,0
543.0,0
576.5,0
576.3333333333334,0
543.2083333333334,0
576.5,0
575.875,0
542.1666666666666,0
542.9583333333334,0
599.5416666666666,0
542.5833333333334,0
576.1666666666666,0
217.79166666666666,0
439.7083333333333,0
583.2083333333334,0
475.25,0
467.875,0
503.7916666666667,0
474.875,0
542.5833333333334,0
575.7083333333334,0
542.4583333333334,0
576.0,0
575.7083333333334,0
571.0833333333334,0
542.6666666666666,0
576.0833333333334,0
542.5,0
542.2083333333334,0
575.9583333333334,0
543.125,0
542.8333333333334,0
575.7083333333334,0
542.4166666666666,0
542.0833333333334,0
542.5,0
575.875,0
542.8333333333334,0
604.7083333333334,0
575.75,0
542.6666666666666,0
542.1666666666666,0
542.4166666666666,0
543.0416666666666,0
576.1666666666666,0
542.5416666666666,0
576.125,0
542.9166666666666,0
542.8333333333334,0
576.5416666666666,0
599.9583333333334,0
576.75,0
600.75,0
600.9583333333334,0
542.5416666666666,0
583.0416666666666,0
576.0,0
576.1666666666666,0
542.7916666666666,0
542.4583333333334,0
576.0833333333334,0
542.75,0
542.625,0
600.6666666666666,0
542.7916666666666,0
576.4583333333334,0
542.5416666666666,0
542.5,0
542.7916666666666,0
542.625,0
576.2916666666666,0
542.875,0
542.5,0
600.0,0
543.0,0
601.2083333333334,0
542.5833333333334,0
542.9583333333334,0
542.7083333333334,0
542.5,0
599.625,0
542.625,0
576.125,0
570.9583333333334,0
575.7916666666666,0
542.375,0
576.2916666666666,0
575.75,0
542.5,0
572.9166666666666,0
571.0,0
542.375,0
542.25,0
576.5416666666666,0
576.5,0
542.1666666666666,0
542.75,0
542.5,0
576.7083333333334,0
576.8333333333334,0
576.375,0
542.9166666666666,0
542.7916666666666,0
542.75,0
575.7083333333334,0
576.0833333333334,0
542.3333333333334,0
576.8333333333334,0
542.625,0
575.5833333333334,0
542.5833333333334,0
576.0416666666666,0
542.125,0
597.7083333333334,0
542.4166666666666,0
576.5,0
576.2916666666666,0
542.5416666666666,0
576.4583333333334,0
575.7916666666666,0
542.8333333333334,0
576.3333333333334,0
542.7916666666666,0
542.4583333333334,0
576.875,0
600.7916666666666,0
542.9166666666666,0
576.0,0
571.25,0
575.8333333333334,0
542.9583333333334,0
542.9583333333334,0
575.9166666666666,0
542.4166666666666,0
576.6666666666666,0
542.5416666666666,0
542.3333333333334,0
576.1666666666666,0
542.5,0
542.875,0
542.0416666666666,0
576.6666666666666,0
542.7916666666666,0
542.5416666666666,0
542.2916666666666,0
600.625,0
542.3333333333334,0
566.9166666666666,0
576.4583333333334,0
542.5,0
542.375,0
541.9166666666666,0
543.0,0
541.625,0
542.875,0
576.875,0
599.625,0
542.7083333333334,0
576.2916666666666,0
542.375,0
576.4166666666666,0
542.9583333333334,0
543.0416666666666,0
576.125,0
571.1666666666666,0
542.625,0
576.4583333333334,0
571.125,0
600.5,0
542.7916666666666,0
542.4583333333334,0
542.75,0
576.5416666666666,0
543.0,0
575.7916666666666,0
542.6666666666666,0
542.9166666666666,0
575.8333333333334,0
576.0,0
542.625,0
542.2916666666666,0
543.0416666666666,0
542.9583333333334,0
575.6666666666666,0
575.9166666666666,0
576.2083333333334,0
542.9166666666666,0
542.4166666666666,0
542.4583333333334,0
542.8333333333334,0
566.875,0
542.125,0
542.875,0
542.7916666666666,0
542.875,0
543.1666666666666,0
600.4583333333334,0
571.2083333333334,0
575.5,0
543.0,0
600.5833333333334,0
543.0,0
542.6666666666666,0
543.0416666666666,0
576.3333333333334,0
576.3333333333334,0
542.875,0
575.9166666666666,0
575.7916666666666,0
576.4583333333334,0
576.4166666666666,0
542.8333333333334,0
542.2083333333334,0
571.0833333333334,0
542.5833333333334,0
542.1666666666666,0
600.6666666666666,0
542.7916666666666,0
576.0416666666666,0
542.0416666666666,0
576.3333333333334,0
567.1666666666666,0
575.7083333333334,0
575.6666666666666,0
542.75,0
576.1666666666666,0
600.25,0
599.4166666666666,0
600.7916666666666,0
542.875,0
599.4166666666666,0
576.0833333333334,0
542.5,0
542.3333333333334,0
542.2083333333334,0
600.7083333333334,0
600.7083333333334,0
542.5,0
599.9583333333334,0
600.1666666666666,0
599.7916666666666,0
600.5833333333334,0
600.5,0
576.0,0
576.0416666666666,0
599.9583333333334,0
599.3333333333334,0
542.75,0
542.9166666666666,0
600.8333333333334,0
575.9166666666666,0
576.4583333333334,0
575.8333333333334,0
542.625,0
600.8333333333334,0
542.4166666666666,0
600.25,0
542.7083333333334,0
600.875,0
566.7083333333334,0
542.8333333333334,0
542.375,0
600.5416666666666,0
600.7083333333334,0
600.8333333333334,0
599.9583333333334,0
542.625,0
576.0833333333334,0
543.0,0
542.3333333333334,0
600.7916666666666,0
600.7083333333334,0
599.75,0
600.5416666666666,0
542.5833333333334,0
542.4166666666666,0
576.75,0
575.7083333333334,0
542.4166666666666,0
576.3333333333334,0
599.4583333333334,0
542.9583333333334,0
600.2083333333334,0
575.9166666666666,0
542.7083333333334,0
543.1666666666666,0
600.75,0
575.7916666666666,0
542.6666666666666,0
542.625,0
542.9166666666666,0
576.75,0
575.75,0
542.7916666666666,0
543.0,0
575.5,0
542.3333333333334,0
542.5416666666666,0
576.7916666666666,0
571.0416666666666,0
600.3333333333334,0
576.375,0
576.125,0
567.1666666666666,0
600.9166666666666,0
600.4166666666666,0
542.6666666666666,0
575.9166666666666,0
571.375,0
542.3333333333334,0
542.875,0
600.1666666666666,0
576.0416666666666,0
542.25,0
600.9583333333334,0
600.25,0
542.5,0
571.125,0
600.375,0
542.5833333333334,0
576.4583333333334,0
600.9166666666666,0
600.5833333333334,0
600.1666666666666,0
600.7916666666666,0
542.5,0
576.125,0
566.9166666666666,0
600.125,0
542.625,0
600.375,0
599.3333333333334,0
600.4166666666666,0
542.2083333333334,0
576.4583333333334,0
600.4166666666666,0
600.5,0
600.0,0
542.5416666666666,0
599.8333333333334,0
600.5416666666666,0
542.4166666666666,0
542.125,0
601.1666666666666,0
576.3333333333334,0
575.5416666666666,0
542.75,0
600.5833333333334,0
600.125,0
600.9166666666666,0
600.75,0
600.2916666666666,0
576.1666666666666,0
542.875,0
600.6666666666666,0
599.75,0
600.6666666666666,0
600.7083333333334,0
599.625,0
600.0,0
541.9583333333334,0
599.9166666666666,0
600.5833333333334,0
542.4166666666666,0
600.5,0
601.0,0
576.8333333333334,0
599.6666666666666,0
576.7083333333334,0
600.25,0
542.7083333333334,0
599.75,0
601.0,0
575.875,0
542.5,0
542.0416666666666,0
576.0416666666666,0
600.5416666666666,0
542.75,0
599.5416666666666,0
600.875,0
575.9583333333334,0
542.9583333333334,0
576.0,0
576.125,0
575.8333333333334,0
576.0416666666666,0
600.0833333333334,0
600.7916666666666,0
599.7916666666666,0
576.9166666666666,0
599.7083333333334,0
601.125,0
601.125,0
600.4583333333334,0
599.5,0
542.9583333333334,0
599.9583333333334,0
576.7083333333334,0
576.8333333333334,0
600.4583333333334,0
600.375,0
542.6666666666666,0
600.7916666666666,0
576.6666666666666,0
572.0,0
542.25,0
575.9166666666666,0
541.875,0
600.3333333333334,0
576.4166666666666,0
542.75,0
600.5833333333334,0
599.375,0
576.8333333333334,0
542.4583333333334,0
576.75,0
542.875,0
542.7916666666666,0
543.0,0
600.3333333333334,0
575.7083333333334,0
600.6666666666666,0
542.7083333333334,0
599.9166666666666,0
566.6666666666666,0
542.7083333333334,0
600.625,0
576.25,0
575.5416666666666,0
575.9583333333334,0
575.5833333333334,0
542.2083333333334,0
576.0833333333334,0
600.25,0
542.8333333333334,0
542.4166666666666,0
599.875,0
600.75,0
600.4583333333334,0
542.3333333333334,0
571.5,0
600.25,0
542.125,0
600.8333333333334,0
575.7083333333334,0
542.8333333333334,0
575.7916666666666,0
600.6666666666666,0
571.8333333333334,0
583.2916666666666,0
582.7916666666666,0
571.4166666666666,0
503.4166666666667,0
576.5,0
542.4583333333334,0
571.2083333333334,0
575.75,0
542.9166666666666,0
542.875,0
566.9166666666666,0
571.4166666666666,0
576.125,0
542.4166666666666,0
575.9583333333334,0
571.5416666666666,0
575.9583333333334,0
571.4583333333334,0
542.7083333333334,0
600.5833333333334,0
576.7083333333334,0
542.6666666666666,0
600.5416666666666,0
543.0833333333334,0
542.4583333333334,0
576.4583333333334,0
575.875,0
542.7916666666666,0
542.5833333333334,0
542.875,0
576.4166666666666,0
542.9583333333334,0
576.0833333333334,0
571.25,0
542.9166666666666,0
542.8333333333334,0
575.5833333333334,0
571.2916666666666,0
542.5,0
576.0833333333334,0
576.5,0
576.3333333333334,0
566.6666666666666,0
597.5,0
575.9166666666666,0
542.2083333333334,0
575.9166666666666,0
600.6666666666666,0
576.8333333333334,0
470.5,0
575.875,0
576.25,0
542.5416666666666,0
576.0,0
543.25,0
575.8333333333334,0
571.5416666666666,0
567.375,0
542.875,0
576.2916666666666,0
567.0,0
542.875,0
542.4583333333334,0
542.7083333333334,0
575.875,0
542.2083333333334,0
599.625,0
600.4166666666666,0
542.0416666666666,0
575.75,0
576.0,0
542.4583333333334,0
576.0833333333334,0
542.5833333333334,0
576.125,0
604.875,0
575.4166666666666,0
576.1666666666666,0
542.4583333333334,0
542.625,0
571.2916666666666,0
575.8333333333334,0
542.125,0
567.0,0
600.7083333333334,0
575.5833333333334,0
576.375,0
567.0416666666666,0
542.5416666666666,0
543.0833333333334,0
576.0833333333334,0
542.5833333333334,0
542.7083333333334,0
604.8333333333334,0
542.0833333333334,0
542.8333333333334,0
567.0833333333334,0
542.7083333333334,0
542.3333333333334,0
571.2083333333334,0
599.2916666666666,0
543.1666666666666,0
576.0416666666666,0
575.8333333333334,0
542.5416666666666,0
600.5833333333334,0
599.4583333333334,0
600.3333333333334,0
600.6666666666666,0
543.0,0
542.7083333333334,0
600.75,0
576.5833333333334,0
600.0833333333334,0
566.7083333333334,0
439.2083333333333,0
475.2083333333333,0
503.5416666666667,0
503.8333333333333,0
380.75,0
468.3333333333333,0
474.875,0
503.5833333333333,0
475.1666666666667,0
474.7083333333333,0
468.5833333333333,0
468.625,0
468.0,0
503.375,0
468.0,0
218.33333333333334,0
481.2916666666667,0
468.1666666666667,0
468.125,0
468.875,0
468.5833333333333,0
218.20833333333334,0
474.75,0
475.25,0
475.2083333333333,0
583.25,0
582.8333333333334,0
474.7916666666667,0
438.5833333333333,0
468.0833333333333,0
217.45833333333334,0
468.5,0
468.0,0
503.2916666666667,0
467.9166666666667,0
375.1666666666667,0
468.4166666666667,0
503.875,0
467.8333333333333,0
219.25,0
438.5833333333333,0
582.7916666666666,0
576.5,0
583.375,0
548.7916666666666,0
470.4166666666667,0
583.7916666666666,0
571.7916666666666,0
543.0,0
571.75,0
583.2083333333334,0
571.8333333333334,0
571.6666666666666,0
572.0416666666666,0
571.9583333333334,0
583.1666666666666,0
582.875,0
582.7916666666666,0
571.5833333333334,0
571.5416666666666,0
572.2083333333334,0
470.6666666666667,0
470.0416666666667,0
600.2083333333334,0
571.5,0
583.7916666666666,0
571.2916666666666,0
583.4583333333334,0
600.7083333333334,0
572.0416666666666,0
566.9166666666666,0
571.5,0
583.625,0
600.2916666666666,0
584.0,0
583.0833333333334,0
584.1666666666666,0
576.2083333333334,0
583.8333333333334,0
571.25,0
583.0833333333334,0
571.5416666666666,0
567.4583333333334,0
571.25,0
583.25,0
583.875,0
583.4166666666666,0
567.25,0
571.625,0
573.0416666666666,0
604.2916666666666,0
571.0,0
584.0416666666666,0
583.25,0
571.875,0
542.5,0
571.75,0
583.25,0
470.0,0
583.7916666666666,0
471.375,0
583.375,0
583.5,0
470.9166666666667,0
567.0,0
571.625,0
567.125,0
583.25,0
583.8333333333334,0
470.5833333333333,0
571.0416666666666,0
572.2083333333334,0
583.875,0
471.2083333333333,0
583.1666666666666,0
583.2916666666666,0
582.8333333333334,0
583.7916666666666,0
583.3333333333334,0
583.25,0
542.625,0
583.2083333333334,0
571.25,0
502.2083333333333,0
469.2083333333333,0
576.0833333333334,0
126.45833333333333,0
571.8333333333334,0
575.4166666666666,0
583.75,0
480.9583333333333,0
567.125,0
571.8333333333334,0
576.25,0
571.6666666666666,0
571.8333333333334,0
583.2083333333334,0
583.4166666666666,0
571.7083333333334,0
567.0,0
576.2916666666666,0
583.0,0
470.8333333333333,0
571.6666666666666,0
470.2916666666667,0
576.2083333333334,0
470.0416666666667,0
571.875,0
583.5416666666666,0
583.5416666666666,0
572.25,0
470.6666666666667,0
571.5833333333334,0
582.7916666666666,0
470.5416666666667,0
571.75,0
571.6666666666666,0
471.25,0
573.0833333333334,0
571.4166666666666,0
604.6666666666666,0
571.8333333333334,0
583.7083333333334,0
571.4166666666666,0
571.75,0
583.25,0
470.2916666666667,0
571.6666666666666,0
600.2083333333334,0
571.75,0
571.4166666666666,0
575.7916666666666,0
571.7916666666666,0
583.375,0
571.2916666666666,0
571.9583333333334,0
572.0833333333334,0
582.9166666666666,0
571.3333333333334,0
584.0833333333334,0
600.2083333333334,0
571.6666666666666,0
583.7083333333334,0
468.875,0
583.4166666666666,0
583.25,0
583.0833333333334,0
571.375,0
582.7916666666666,0
571.3333333333334,0
583.3333333333334,0
583.4166666666666,0
567.1666666666666,0
599.25,0
600.5833333333334,0
600.25,0
583.4583333333334,0
583.5416666666666,0
571.5,0
582.875,0
542.8333333333334,0
597.9166666666666,0
599.5416666666666,0
583.125,0
583.3333333333334,0
566.75,0
571.8333333333334,0
471.0416666666667,0
600.4583333333334,0
597.7083333333334,0
566.9166666666666,0
572.0833333333334,0
571.75,0
572.0833333333334,0
571.875,0
571.3333333333334,0
571.9166666666666,0
567.0,0
583.375,0
542.8333333333334,0
468.6666666666667,0
571.3333333333334,0
571.625,0
216.70833333333334,0
580.3333333333334,0
583.75,0
583.4166666666666,0
583.4583333333334,0
571.875,0
571.5,0
583.2083333333334,0
583.5416666666666,0
583.0,0
469.9583333333333,0
583.2083333333334,0
571.4583333333334,0
600.7916666666666,0
580.25,0
583.0833333333334,0
571.625,0
572.0,0
572.4166666666666,0
566.7083333333334,0
583.375,0
571.6666666666666,0
572.0,0
571.7916666666666,0
572.125,0
571.5833333333334,0
474.7916666666667,0
571.2916666666666,0
571.4166666666666,0
571.7083333333334,0
583.5416666666666,0
583.625,0
571.3333333333334,0
575.9583333333334,0
571.3333333333334,0
583.5416666666666,0
571.3333333333334,0
469.9583333333333,0
582.9583333333334,0
471.0833333333333,0
583.1666666666666,0
600.5416666666666,0
571.5,0
583.5416666666666,0
600.7916666666666,0
583.8333333333334,0
571.5416666666666,0
571.5,0
584.0,0
583.2916666666666,0
600.5416666666666,0
571.5833333333334,0
566.625,0
542.7083333333334,0
583.125,0
575.9583333333334,0
470.7083333333333,0
571.625,0
583.1666666666666,0
571.875,0
600.3333333333334,0
583.2083333333334,0
571.75,0
571.0833333333334,0
571.75,0
600.4583333333334,0
571.5416666666666,0
571.0833333333334,0
567.2083333333334,0
583.4583333333334,0
571.5416666666666,0
583.3333333333334,0
568.25,0
571.4166666666666,0
583.4166666666666,0
571.375,0
583.25,0
542.5,0
571.5416666666666,0
572.25,0
597.6666666666666,0
599.1666666666666,0
599.4583333333334,0
469.75,0
600.5833333333334,0
583.2916666666666,0
600.7916666666666,0
583.5,0
582.8333333333334,0
575.625,0
566.25,0
600.9166666666666,0
600.4166666666666,0
570.9166666666666,0
600.5,0
600.6666666666666,0
572.0,0
572.9166666666666,0
599.4583333333334,0
571.5833333333334,0
571.3333333333334,0
583.375,0
571.5,0
583.0,0
583.7916666666666,0
571.375,0
571.4166666666666,0
542.5416666666666,0
567.3333333333334,0
583.4166666666666,0
572.75,0
583.3333333333334,0
601.0416666666666,0
599.4166666666666,0
571.5,0
218.125,0
583.5416666666666,0
583.5,0
571.9166666666666,0
584.125,0
571.8333333333334,0
470.875,0
470.4166666666667,0
571.7916666666666,0
469.6666666666667,0
584.125,0
582.9583333333334,0
571.9583333333334,0
471.25,0
584.0,0
571.7083333333334,0
597.5833333333334,0
470.375,0
571.0,0
583.2916666666666,0
600.4166666666666,0
571.3333333333334,0
567.125,0
216.79166666666666,0
583.75,0
599.25,0
583.625,0
583.375,0
582.8333333333334,0
583.0,0
583.4583333333334,0
471.0833333333333,0
571.5833333333334,0
571.3333333333334,0
580.4583333333334,0
571.7916666666666,0
470.4583333333333,0
580.4583333333334,0
571.3333333333334,0
583.7083333333334,0
571.625,0
580.2083333333334,0
583.5416666666666,0
583.4166666666666,0
571.7083333333334,0
600.5,0
583.125,0
583.5416666666666,0
599.5833333333334,0
571.5833333333334,0
583.125,0
583.375,0
584.0,0
571.8333333333334,0
571.5833333333334,0
576.0416666666666,0
583.375,0
571.5,0
571.7083333333334,0
571.2916666666666,0
584.1666666666666,0
583.2083333333334,0
604.3333333333334,0
582.875,0
470.7916666666667,0
571.75,0
600.2083333333334,0
575.75,0
584.125,0
599.3333333333334,0
572.0,0
567.3333333333334,0
583.125,0
583.25,0
572.0,0
571.5833333333334,0
584.0416666666666,0
599.4166666666666,0
571.8333333333334,0
584.1666666666666,0
571.25,0
600.2083333333334,0
583.4166666666666,0
572.4583333333334,0
583.7916666666666,0
571.5,0
572.3333333333334,0
471.4166666666667,0
469.9583333333333,0
542.7916666666666,0
471.2083333333333,0
583.3333333333334,0
571.9583333333334,0
572.3333333333334,0
571.75,0
583.4166666666666,0
576.3333333333334,0
583.375,0
582.9166666666666,0
470.0416666666667,0
571.7916666666666,0
542.25,0
470.5,0
542.9583333333334,0
571.4583333333334,0
470.9166666666667,0
468.7916666666667,0
599.375,0
571.125,0
571.375,0
572.0416666666666,0
571.4583333333334,0
575.7083333333334,0
571.875,0
571.4166666666666,0
583.8333333333334,0
583.6666666666666,0
571.375,0
571.5833333333334,0
600.2083333333334,0
583.0,0
468.4166666666667,0
583.3333333333334,0
583.5416666666666,0
600.2916666666666,0
567.0416666666666,0
571.5833333333334,0
571.5,0
571.75,0
583.7916666666666,0
470.0416666666667,0
216.75,0
571.9583333333334,0
571.375,0
471.0833333333333,0
582.875,0
599.4166666666666,0
567.5,0
600.5416666666666,0
583.6666666666666,0
543.0833333333334,0
572.5833333333334,0
572.25,0
575.75,0
600.5,0
583.2916666666666,0
583.75,0
583.0833333333334,0
571.25,0
573.0833333333334,0
572.0416666666666,0
583.2916666666666,0
470.4166666666667,0
566.5416666666666,0
468.4583333333333,0
600.2916666666666,0
604.75,0
571.9166666666666,0
571.4583333333334,0
567.5,0
567.0416666666666,0
583.7083333333334,0
470.6666666666667,0
583.0833333333334,0
583.0416666666666,0
572.875,0
583.4583333333334,0
566.9166666666666,0
471.625,0
583.1666666666666,0
571.7916666666666,0
571.75,0
571.4583333333334,0
583.7916666666666,0
583.5833333333334,0
470.5416666666667,0
572.0833333333334,0
582.75,0
583.0,0
600.5833333333334,0
571.4583333333334,0
542.375,0
583.0,0
572.7916666666666,0
584.1666666666666,0
571.7083333333334,0
583.4583333333334,0
599.5833333333334,0
567.1666666666666,0
572.1666666666666,0
583.125,0
571.6666666666666,0
567.0416666666666,0
571.875,0
584.0416666666666,0
571.75,0
583.2916666666666,0
583.6666666666666,0
583.1666666666666,0
576.1666666666666,0
571.7916666666666,0
572.125,0
470.0416666666667,0
567.125,0
572.9583333333334,0
543.0,0
567.25,0
583.375,0
584.0833333333334,0
583.0,0
583.4583333333334,0
583.25,0
571.8333333333334,0
583.0,0
470.875,0
583.0416666666666,0
600.4166666666666,0
567.125,0
600.2916666666666,0
583.3333333333334,0
567.4166666666666,0
599.6666666666666,0
584.0833333333334,0
584.1666666666666,0
583.4166666666666,0
572.1666666666666,0
572.5416666666666,0
571.9583333333334,0
374.9166666666667,0
542.5,0
583.5416666666666,0
568.3333333333334,0
567.375,0
583.4166666666666,0
583.5416666666666,0
583.5833333333334,0
583.3333333333334,0
571.5416666666666,0
542.875,0
567.4166666666666,0
571.5416666666666,0
572.125,0
600.2083333333334,0
571.4583333333334,0
571.125,0
583.8333333333334,0
470.625,0
583.1666666666666,0
583.375,0
582.8333333333334,0
583.125,0
583.9166666666666,0
571.2916666666666,0
583.375,0
583.3333333333334,0
571.75,0
583.375,0
572.0416666666666,0
542.8333333333334,0
470.0416666666667,0
583.3333333333334,0
571.625,0
572.5833333333334,0
571.6666666666666,0
576.25,0
468.9583333333333,0
571.9166666666666,0
571.7083333333334,0
583.5,0
583.25,0
470.4583333333333,0
583.7083333333334,0
566.6666666666666,0
604.4583333333334,0
571.4166666666666,0
571.7916666666666,0
600.7916666666666,0
567.2916666666666,0
583.375,0
571.2916666666666,0
471.625,0
469.875,0
571.5416666666666,0
583.6666666666666,0
583.4583333333334,0
470.7083333333333,0
571.5,0
576.2083333333334,0
599.5,0
567.2916666666666,0
599.625,0
582.875,0
584.0416666666666,0
542.75,0
572.0833333333334,0
566.9583333333334,0
583.375,0
571.9583333333334,0
216.66666666666666,0
572.0416666666666,0
571.7083333333334,0
469.0,0
571.7916666666666,0
583.2083333333334,0
571.625,0
470.5416666666667,0
583.625,0
571.3333333333334,0
571.6666666666666,0
583.75,0
470.625,0
571.5,0
503.4583333333333,0
583.4166666666666,0
597.75,0
583.6666666666666,0
571.375,0
469.9166666666667,0
571.625,0
572.0416666666666,0
597.5416666666666,0
584.0833333333334,0
571.5416666666666,0
600.7916666666666,0
599.4583333333334,0
571.625,0
571.6666666666666,0
600.7083333333334,0
474.8333333333333,0
583.375,0
600.2916666666666,0
216.625,0
571.4166666666666,0
571.75,0
582.8333333333334,0
583.375,0
504.2083333333333,0
604.7083333333334,0
468.4583333333333,0
582.9583333333334,0
572.75,0
567.5,0
468.625,0
470.4583333333333,0
600.375,0
583.625,0
470.625,0
583.7916666666666,0
599.0416666666666,0
566.7916666666666,0
470.2083333333333,0
571.875,0
600.2083333333334,0
566.9583333333334,0
470.0,0
600.4583333333334,0
597.4583333333334,0
583.5416666666666,0
583.7083333333334,0
571.875,0
567.2083333333334,0
582.9583333333334,0
597.4583333333334,0
583.7083333333334,0
575.5,0
470.1666666666667,0
600.625,0
571.7916666666666,0
567.2083333333334,0
571.7916666666666,0
571.0833333333334,0
566.5833333333334,0
571.5833333333334,0
583.75,0
503.7916666666667,0
583.0,0
583.4583333333334,0
583.0416666666666,0
576.75,0
571.8333333333334,0
216.70833333333334,0
583.25,0
571.7916666666666,0
571.4583333333334,0
583.875,0
572.0,0
218.83333333333334,0
576.1666666666666,0
583.2916666666666,0
600.5416666666666,0
571.2083333333334,0
571.6666666666666,0
583.875,0
583.6666666666666,0
543.0416666666666,0
583.0,0
582.9166666666666,0
583.25,0
571.7083333333334,0
571.5416666666666,0
470.2083333333333,0
572.5416666666666,0
583.2083333333334,0
583.5,0
572.125,0
567.5416666666666,0
583.0416666666666,0
470.25,0
600.2916666666666,0
584.0833333333334,0
583.2083333333334,0
583.5,0
470.125,0
583.125,0
571.2916666666666,0
571.5416666666666,0
571.7916666666666,0
542.6666666666666,0
542.9583333333334,0
580.2916666666666,0
470.6666666666667,0
571.5416666666666,0
571.3333333333334,0
542.75,0
600.5833333333334,0
469.9583333333333,0
583.7916666666666,0
469.7083333333333,0
583.375,0
468.5,0
468.1666666666667,0
475.0833333333333,0
468.0,0
438.2916666666667,0
503.4583333333333,0
468.3333333333333,0
583.2916666666666,0
572.0833333333334,0
583.7083333333334,0
571.5833333333334,0
582.7916666666666,0
567.2916666666666,0
470.0833333333333,0
583.625,0
571.25,0
583.2083333333334,0
583.0,0
583.25,0
571.75,0
567.125,0
583.6666666666666,0
600.75,0
572.2083333333334,0
571.875,0
597.8333333333334,0
583.625,0
584.0416666666666,0
583.2916666666666,0
583.8333333333334,0
470.0,0
583.6666666666666,0
583.125,0
571.4166666666666,0
583.0833333333334,0
542.125,0
571.6666666666666,0
571.7083333333334,0
583.625,0
583.0833333333334,0
600.25,0
583.25,0
571.625,0
572.0,0
470.5416666666667,0
604.375,0
571.9166666666666,0
583.1666666666666,0
470.375,0
572.75,0
583.7083333333334,0
583.0833333333334,0
571.7083333333334,0
600.4583333333334,0
470.75,0
583.8333333333334,0
571.8333333333334,0
583.9166666666666,0
543.0416666666666,0
567.4166666666666,0
583.2083333333334,0
583.7916666666666,0
576.0416666666666,0
571.875,0
220.29166666666666,0
599.5833333333334,0
583.1666666666666,0
571.7083333333334,0
584.0,0
571.4583333333334,0
599.25,0
218.25,0
571.5416666666666,0
597.5833333333334,0
567.0416666666666,0
600.25,0
471.4583333333333,0
600.7916666666666,0
571.625,0
571.75,0
600.875,0
599.5,0
542.7083333333334,0
571.875,0
597.5416666666666,0
583.5833333333334,0
542.9166666666666,0
600.25,0
583.9583333333334,0
571.7083333333334,0
583.125,0
571.7916666666666,0
567.5,0
471.2916666666667,0
576.0833333333334,0
599.5416666666666,0
571.9583333333334,0
571.0416666666666,0
599.375,0
599.4166666666666,0
567.0833333333334,0
571.5,0
571.8333333333334,0
571.1666666666666,0
572.125,0
470.0,0
600.6666666666666,0
583.8333333333334,0
470.5,0
583.2083333333334,0
571.9166666666666,0
583.9583333333334,0
604.4166666666666,0
600.5833333333334,0
571.625,0
583.7916666666666,0
583.625,0
571.2083333333334,0
571.5833333333334,0
583.0,0
571.875,0
600.4166666666666,0
583.2083333333334,0
600.1666666666666,0
583.2916666666666,0
583.5,0
471.5833333333333,0
471.4166666666667,0
600.7083333333334,0
583.0833333333334,0
571.4166666666666,0
583.3333333333334,0
469.75,0
571.9583333333334,0
583.2916666666666,0
583.0416666666666,0
572.0,0
571.5,0
584.2083333333334,0
575.5,0
600.75,0
583.25,0
575.6666666666666,0
583.125,0
583.0416666666666,0
583.375,0
573.0416666666666,0
583.2083333333334,0
582.9583333333334,0
583.3333333333334,0
571.4166666666666,0
583.2083333333334,0
582.9583333333334,0
583.5833333333334,0
583.0,0
571.9583333333334,0
571.3333333333334,0
572.0833333333334,0
567.0416666666666,0
470.0833333333333,0
583.875,0
571.7916666666666,0
583.75,0
600.25,0
542.8333333333334,0
604.4583333333334,0
600.7083333333334,0
567.4166666666666,0
582.8333333333334,0
572.1666666666666,0
583.25,0
571.9583333333334,0
566.3333333333334,0
571.9166666666666,0
600.75,0
583.3333333333334,0
571.7916666666666,0
597.375,0
571.8333333333334,0
583.4166666666666,0
583.7083333333334,0
571.6666666666666,0
572.7083333333334,0
584.0833333333334,0
597.625,0
583.9166666666666,0
576.25,0
583.375,0
584.0833333333334,0
571.5416666666666,0
583.8333333333334,0
583.4583333333334,0
571.5,0
571.6666666666666,0
216.75,0
571.6666666666666,0
583.5,0
583.2083333333334,0
571.6666666666666,0
599.0416666666666,0
604.4166666666666,0
583.6666666666666,0
571.8333333333334,0
571.7916666666666,0
583.9166666666666,0
567.25,0
571.9166666666666,0
600.7083333333334,0
572.1666666666666,0
571.9166666666666,0
583.0,0
600.5416666666666,0
471.0416666666667,0
600.9583333333334,0
583.375,0
576.2916666666666,0
571.125,0
604.5416666666666,0
470.375,0
571.9166666666666,0
571.2916666666666,0
571.5,0
583.4166666666666,0
583.375,0
571.5416666666666,0
470.0416666666667,0
567.5416666666666,0
584.0416666666666,0
600.25,0
572.0833333333334,0
580.3333333333334,0
582.8333333333334,0
571.6666666666666,0
583.5833333333334,0
583.4166666666666,0
583.1666666666666,0
566.7916666666666,0
583.2083333333334,0
471.2916666666667,0
571.875,0
571.9166666666666,0
600.875,0
571.375,0
571.3333333333334,0
571.9166666666666,0
600.5,0
583.0416666666666,0
566.9583333333334,0
582.875,0
600.375,0
597.7916666666666,0
583.9583333333334,0
468.625,0
567.0416666666666,0
571.625,0
583.6666666666666,0
583.4166666666666,0
583.4166666666666,0
604.7916666666666,0
572.2083333333334,0
604.625,0
216.66666666666666,0
582.875,0
583.8333333333334,0
571.5416666666666,0
571.7083333333334,0
583.2916666666666,0
571.3333333333334,0
571.7916666666666,0
571.4166666666666,0
571.9166666666666,0
583.625,0
582.8333333333334,0
583.5,0
583.125,0
584.125,0
566.75,0
600.25,0
583.4583333333334,0
599.375,0
583.125,0
571.9583333333334,0
571.4583333333334,0
583.4583333333334,0
599.4166666666666,0
604.6666666666666,0
567.2916666666666,0
470.0833333333333,0
572.0,0
571.25,0
583.0,0
604.4583333333334,0
470.0416666666667,0
571.625,0
470.0,0
542.5416666666666,0
571.7083333333334,0
566.7083333333334,0
583.25,0
218.41666666666666,0
571.75,0
571.2916666666666,0
470.4166666666667,0
600.4583333333334,0
571.7916666666666,0
599.2083333333334,0
599.125,0
582.9583333333334,0
571.4166666666666,0
583.2083333333334,0
571.5,0
583.4583333333334,0
583.2916666666666,0
571.5,0
567.0,0
583.5833333333334,0
571.9166666666666,0
571.5416666666666,0
567.0833333333334,0
571.75,0
571.7083333333334,0
583.625,0
468.5833333333333,0
542.7083333333334,0
571.5416666666666,0
583.5416666666666,0
583.75,0
469.9166666666667,0
584.1666666666666,0
599.3333333333334,0
583.75,0
470.9583333333333,0
571.25,0
571.5833333333334,0
470.625,0
599.625,0
571.875,0
583.9166666666666,0
583.25,0
469.6666666666667,0
570.9583333333334,0
571.875,0
571.5416666666666,0
571.7916666666666,0
583.1666666666666,0
470.2083333333333,0
604.7916666666666,0
571.3333333333334,0
572.2083333333334,0
604.5416666666666,0
571.8333333333334,0
583.2916666666666,0
566.9583333333334,0
583.5,0
600.375,0
600.8333333333334,0
576.2083333333334,0
470.3333333333333,0
583.375,0
468.875,0
600.375,0
571.4583333333334,0
571.5416666666666,0
468.7083333333333,0
470.5833333333333,0
571.75,0
571.7083333333334,0
571.5833333333334,0
583.1666666666666,0
583.7083333333334,0
604.625,0
470.2083333333333,0
567.5833333333334,0
599.2083333333334,0
583.6666666666666,0
572.375,0
468.9166666666667,0
470.7083333333333,0
599.0,0
468.9166666666667,0
571.875,0
469.8333333333333,0
582.875,0
604.375,0
471.4166666666667,0
471.2916666666667,0
583.3333333333334,0
583.7083333333334,0
572.0416666666666,0
600.5416666666666,0
583.2916666666666,0
599.5416666666666,0
572.6666666666666,0
571.4583333333334,0
583.5,0
571.5833333333334,0
470.4166666666667,0
604.4166666666666,0
566.9166666666666,0
572.1666666666666,0
571.5,0
583.5833333333334,0
567.3333333333334,0
571.6666666666666,0
583.625,0
468.75,0
571.9166666666666,0
470.4583333333333,0
583.1666666666666,0
470.625,0
572.0833333333334,0
470.125,0
567.3333333333334,0
543.0416666666666,0
599.8333333333334,0
583.4583333333334,0
470.4583333333333,0
468.7083333333333,0
470.5416666666667,0
470.2916666666667,0
542.9583333333334,0
571.7083333333334,0
217.66666666666666,0
571.8333333333334,0
571.9166666666666,0
583.2083333333334,0
575.8333333333334,0
583.3333333333334,0
543.0,0
571.5833333333334,0
583.7916666666666,0
583.0,0
583.8333333333334,0
542.7083333333334,0
583.125,0
470.0,0
583.4166666666666,0
571.125,0
571.75,0
583.0416666666666,0
604.6666666666666,0
571.7083333333334,0
470.9583333333333,0
468.6666666666667,0
468.3333333333333,0
468.125,0
468.25,0
474.875,0
468.3333333333333,0
218.125,0
503.8333333333333,0
375.125,0
503.375,0
217.45833333333334,0
475.125,0
571.75,0
571.5416666666666,0
566.5833333333334,0
597.75,0
583.7083333333334,0
583.2083333333334,0
583.7083333333334,0
571.2916666666666,0
571.9166666666666,0
583.2083333333334,0
468.75,0
571.375,0
583.4166666666666,0
573.0416666666666,0
573.0833333333334,0
583.875,0
542.25,0
571.375,0
583.25,0
583.25,0
571.1666666666666,0
571.4583333333334,0
583.5,0
571.5833333333334,0
571.2916666666666,0
571.3333333333334,0
582.8333333333334,0
583.4583333333334,0
583.75,0
470.125,0
571.6666666666666,0
583.6666666666666,0
583.625,0
597.4166666666666,0
572.125,0
470.4166666666667,0
571.7083333333334,0
542.875,0
583.5,0
583.4166666666666,0
571.7083333333334,0
583.7916666666666,0
583.125,0
471.5,0
572.0416666666666,0
582.8333333333334,0
470.2083333333333,0
572.0833333333334,0
571.7083333333334,0
584.2083333333334,0
571.75,0
576.0,0
600.6666666666666,0
583.7083333333334,0
470.5416666666667,0
583.375,0
572.7916666666666,0
583.8333333333334,0
583.25,0
571.75,0
571.9166666666666,0
583.125,0
571.8333333333334,0
583.4583333333334,0
582.9583333333334,0
583.375,0
571.8333333333334,0
571.4166666666666,0
583.0833333333334,0
575.6666666666666,0
572.0833333333334,0
571.0416666666666,0
583.25,0
599.5,0
571.875,0
583.5833333333334,0
583.9166666666666,0
571.6666666666666,0
542.5416666666666,0
583.0416666666666,0
583.6666666666666,0
571.9166666666666,0
572.0833333333334,0
217.41666666666666,0
600.2916666666666,0
572.7916666666666,0
469.9583333333333,0
601.0,0
583.1666666666666,0
571.5,0
572.125,0
471.0416666666667,0
571.9583333333334,0
571.4583333333334,0
566.375,0
471.25,0
583.7083333333334,0
582.9583333333334,0
583.125,0
471.5416666666667,0
571.4583333333334,0
583.7916666666666,0
583.75,0
468.7916666666667,0
470.375,0
571.25,0
471.2083333333333,0
571.4166666666666,0
572.0,0
582.9583333333334,0
471.0833333333333,0
583.6666666666666,0
583.625,0
582.875,0
571.6666666666666,0
576.0,0
543.0833333333334,0
571.1666666666666,0
571.0833333333334,0
571.4583333333334,0
601.0,0
576.0,0
542.9583333333334,0
470.875,0
571.2916666666666,0
474.6666666666667,0
599.375,0
542.7916666666666,0
600.875,0
571.25,0
583.875,0
599.3333333333334,0
470.25,0
597.6666666666666,0
470.2083333333333,0
571.75,0
471.0833333333333,0
567.5416666666666,0
583.875,0
583.9166666666666,0
468.875,0
571.5,0
571.875,0
216.875,0
571.4166666666666,0
600.4166666666666,0
572.0833333333334,0
583.0416666666666,0
576.0,0
583.6666666666666,0
583.5833333333334,0
583.9166666666666,0
572.0416666666666,0
571.4166666666666,0
583.3333333333334,0
566.6666666666666,0
572.625,0
583.375,0
575.4166666666666,0
571.5833333333334,0
572.0416666666666,0
468.9583333333333,0
570.9166666666666,0
572.125,0
571.5833333333334,0
542.25,0
576.3333333333334,0
583.3333333333334,0
571.375,0
571.375,0
583.25,0
575.9166666666666,0
571.4166666666666,0
583.875,0
470.1666666666667,0
470.5,0
583.5,0
576.1666666666666,0
583.2083333333334,0
583.2916666666666,0
470.4583333333333,0
572.25,0
469.625,0
600.5,0
600.5416666666666,0
582.9583333333334,0
600.75,0
571.8333333333334,0
583.25,0
469.875,0
583.5833333333334,0
469.0,0
571.875,0
571.6666666666666,0
600.3333333333334,0
571.5,0
600.4583333333334,0
471.5416666666667,0
583.1666666666666,0
599.5416666666666,0
583.625,0
571.7916666666666,0
542.6666666666666,0
583.4583333333334,0
600.25,0
571.875,0
582.9583333333334,0
572.0416666666666,0
571.75,0
600.7083333333334,0
571.3333333333334,0
600.1666666666666,0
583.7916666666666,0
571.0,0
583.375,0
567.0833333333334,0
571.5,0
542.5,0
600.375,0
470.7083333333333,0
571.25,0
470.2916666666667,0
600.4166666666666,0
582.8333333333334,0
571.125,0
583.4583333333334,0
571.7916666666666,0
470.25,0
571.1666666666666,0
542.7916666666666,0
571.3333333333334,0
571.9166666666666,0
571.4583333333334,0
583.2916666666666,0
582.875,0
583.1666666666666,0
583.5416666666666,0
542.7916666666666,0
470.375,0
582.875,0
584.1666666666666,0
583.625,0
542.2083333333334,0
583.1666666666666,0
580.375,0
583.75,0
582.8333333333334,0
583.5,0
571.75,0
583.2916666666666,0
571.3333333333334,0
468.9583333333333,0
468.6666666666667,0
575.625,0
566.8333333333334,0
583.375,0
575.75,0
583.3333333333334,0
583.5416666666666,0
571.9166666666666,0
571.5833333333334,0
572.0833333333334,0
567.0,0
567.3333333333334,0
571.5,0
567.3333333333334,0
583.4583333333334,0
571.9583333333334,0
572.125,0
575.5,0
583.7083333333334,0
571.5833333333334,0
575.6666666666666,0
470.1666666666667,0
573.1666666666666,0
470.7916666666667,0
571.25,0
599.5,0
469.9583333333333,0
583.1666666666666,0
571.4583333333334,0
470.375,0
583.4583333333334,0
543.0416666666666,0
583.75,0
470.2083333333333,0
571.5833333333334,0
471.5416666666667,0
575.5416666666666,0
469.8333333333333,0
571.2916666666666,0
583.0833333333334,0
583.7083333333334,0
572.125,0
571.375,0
583.1666666666666,0
566.9583333333334,0
571.5,0
566.6666666666666,0
572.0833333333334,0
583.1666666666666,0
571.5,0
468.8333333333333,0
470.4583333333333,0
580.4166666666666,0
571.375,0
470.3333333333333,0
583.2916666666666,0
470.375,0
567.0833333333334,0
600.4583333333334,0
571.375,0
571.8333333333334,0
469.75,0
571.8333333333334,0
542.875,0
571.9583333333334,0
470.375,0
583.0416666666666,0
583.75,0
571.1666666666666,0
599.4583333333334,0
583.375,0
470.0416666666667,0
470.3333333333333,0
469.9583333333333,0
600.4166666666666,0
470.2083333333333,0
571.9583333333334,0
583.3333333333334,0
469.0,0
583.4583333333334,0
470.5,0
582.875,0
542.8333333333334,0
599.4166666666666,0
583.5,0
583.2083333333334,0
470.5,0
571.375,0
597.5416666666666,0
470.2916666666667,0
583.125,0
470.5833333333333,0
470.4583333333333,0
583.9583333333334,0
571.375,0
571.6666666666666,0
582.9166666666666,0
470.2083333333333,0
567.25,0
583.2083333333334,0
216.95833333333334,0
583.375,0
470.5,0
568.1666666666666,0
571.625,0
583.8333333333334,0
571.5416666666666,0
470.625,0
572.9166666666666,0
470.4166666666667,0
571.2083333333334,0
571.75,0
571.4166666666666,0
600.7916666666666,0
572.6666666666666,0
583.3333333333334,0
474.8333333333333,0
474.7916666666667,0
375.0416666666667,0
468.2083333333333,0
474.9166666666667,0
481.2916666666667,0
468.5,0
504.0416666666667,0
481.3333333333333,0
468.375,0
475.2916666666667,0
583.6666666666666,0
571.75,0
571.6666666666666,0
468.8333333333333,0
571.9166666666666,0
582.9166666666666,0
573.0416666666666,0
572.0833333333334,0
600.75,0
571.375,0
584.1666666666666,0
583.375,0
571.2916666666666,0
470.5833333333333,0
583.375,0
571.5416666666666,0
583.6666666666666,0
583.625,0
470.5,0
571.5,0
583.25,0
583.5,0
471.25,0
571.6666666666666,0
604.3333333333334,0
600.5833333333334,0
571.7083333333334,0
571.125,0
571.9166666666666,0
583.5416666666666,0
572.2083333333334,0
583.625,0
571.9166666666666,0
583.25,0
470.875,0
600.4583333333334,0
571.0416666666666,0
571.8333333333334,0
571.8333333333334,0
583.25,0
571.875,0
571.4583333333334,0
470.4166666666667,0
584.125,0
600.625,0
571.6666666666666,0
575.7083333333334,0
583.4583333333334,0
571.9583333333334,0
575.9166666666666,0
470.3333333333333,0
216.54166666666666,0
567.5416666666666,0
571.7083333333334,0
572.7916666666666,0
572.2916666666666,0
583.375,0
572.5,0
576.125,0
468.4583333333333,0
571.7916666666666,0
583.625,0
582.9583333333334,0
599.4166666666666,0
571.7916666666666,0
571.6666666666666,0
583.5833333333334,0
576.1666666666666,0
571.9166666666666,0
571.9583333333334,0
567.0,0
575.7083333333334,0
568.4166666666666,0
583.4583333333334,0
542.875,0
571.75,0
583.5416666666666,0
584.0833333333334,0
583.2916666666666,0
216.79166666666666,0
571.5,0
584.0,0
470.6666666666667,0
582.9166666666666,0
604.7916666666666,0
600.9583333333334,0
572.0,0
583.5833333333334,0
572.0416666666666,0
577.2083333333334,0
571.5416666666666,0
572.6666666666666,0
583.2083333333334,0
583.0833333333334,0
583.4166666666666,0
571.0833333333334,0
600.9583333333334,0
575.8333333333334,0
599.4583333333334,0
470.3333333333333,0
583.125,0
571.625,0
571.5416666666666,0
571.7083333333334,0
571.7083333333334,0
583.0,0
583.4166666666666,0
583.75,0
583.5416666666666,0
571.4583333333334,0
583.5,0
582.875,0
571.5416666666666,0
571.6666666666666,0
583.375,0
583.375,0
583.2916666666666,0
600.7916666666666,0
572.0,0
571.625,0
583.2916666666666,0
571.6666666666666,0
583.25,0
571.625,0
470.9583333333333,0
471.4583333333333,0
571.625,0
571.7083333333334,0
583.5833333333334,0
600.1666666666666,0
583.375,0
572.2916666666666,0
542.4583333333334,0
583.0833333333334,0
571.9583333333334,0
583.4166666666666,0
583.625,0
468.9166666666667,0
468.5416666666667,0
470.0833333333333,0
571.6666666666666,0
571.75,0
583.125,0
571.4166666666666,0
469.875,0
582.9166666666666,0
597.625,0
600.8333333333334,0
600.5,0
571.125,0
571.4583333333334,0
583.7916666666666,0
470.0833333333333,0
583.7083333333334,0
583.125,0
468.5416666666667,0
583.4583333333334,0
571.4583333333334,0
571.9583333333334,0
571.75,0
469.7083333333333,0
469.9166666666667,0
583.2083333333334,0
571.7916666666666,0
583.0833333333334,0
583.2916666666666,0
571.7916666666666,0
582.9583333333334,0
572.1666666666666,0
572.125,0
542.9166666666666,0
583.25,0
600.8333333333334,0
572.0833333333334,0
583.8333333333334,0
583.2083333333334,0
576.2916666666666,0
583.2916666666666,0
583.375,0
583.3333333333334,0
571.7083333333334,0
583.2916666666666,0
571.625,0
216.83333333333334,0
571.3333333333334,0
583.1666666666666,0
583.375,0
571.625,0
583.25,0
572.0,0
571.5,0
583.5,0
571.3333333333334,0
583.6666666666666,0
583.25,0
600.75,0
583.25,0
583.125,0
572.625,0
583.0833333333334,0
583.125,0
572.0416666666666,0
571.4166666666666,0
571.5,0
567.125,0
571.4166666666666,0
583.625,0
571.6666666666666,0
571.375,0
583.3333333333334,0
597.5833333333334,0
566.7083333333334,0
570.9166666666666,0
571.2916666666666,0
470.8333333333333,0
583.6666666666666,0
571.4583333333334,0
571.875,0
599.8333333333334,0
567.1666666666666,0
583.5833333333334,0
600.5416666666666,0
470.3333333333333,0
584.0416666666666,0
571.8333333333334,0
567.0,0
470.4583333333333,0
470.1666666666667,0
597.75,0
571.4583333333334,0
599.625,0
571.7916666666666,0
583.4166666666666,0
583.3333333333334,0
576.125,0
571.875,0
583.2916666666666,0
566.5833333333334,0
471.625,0
600.5416666666666,0
584.125,0
583.9583333333334,0
571.375,0
571.5,0
597.9166666666666,0
566.9583333333334,0
583.2083333333334,0
571.9166666666666,0
600.0416666666666,0
600.2916666666666,0
576.2083333333334,0
583.0416666666666,0
576.2916666666666,0
470.7083333333333,0
600.3333333333334,0
572.0416666666666,0
572.0,0
583.1666666666666,0
566.4166666666666,0
583.1666666666666,0
571.0,0
583.0833333333334,0
583.3333333333334,0
600.3333333333334,0
583.4166666666666,0
572.6666666666666,0
571.625,0
584.2083333333334,0
600.5,0
583.7083333333334,0
583.3333333333334,0
600.4583333333334,0
576.125,0
584.0833333333334,0
571.8333333333334,0
571.125,0
566.9583333333334,0
571.3333333333334,0
604.9166666666666,0
571.3333333333334,0
571.625,0
572.0,0
470.25,0
571.2916666666666,0
583.7083333333334,0
571.9583333333334,0
572.0416666666666,0
583.375,0
583.625,0
571.6666666666666,0
583.3333333333334,0
600.5416666666666,0
582.9166666666666,0
576.25,0
583.25,0
584.0416666666666,0
571.75,0
575.875,0
600.5,0
571.6666666666666,0
572.125,0
575.6666666666666,0
469.9166666666667,0
583.2916666666666,0
583.4166666666666,0
567.0416666666666,0
572.25,0
583.4166666666666,0
571.8333333333334,0
571.4583333333334,0
583.4583333333334,0
576.25,0
566.9583333333334,0
571.9166666666666,0
571.875,0
572.2083333333334,0
469.9166666666667,0
583.4583333333334,0
583.4583333333334,0
583.3333333333334,0
542.625,0
600.875,0
582.875,0
583.0416666666666,0
583.6666666666666,0
571.5416666666666,0
597.375,0
583.4583333333334,0
575.6666666666666,0
571.7083333333334,0
572.0833333333334,0
571.8333333333334,0
583.375,0
572.2916666666666,0
583.25,0
583.5416666666666,0
571.9583333333334,0
575.75,0
571.75,0
583.5,0
597.7916666666666,0
583.6666666666666,0
583.9583333333334,0
583.5416666666666,0
583.8333333333334,0
567.2916666666666,0
571.625,0
571.125,0
583.6666666666666,0
583.0,0
583.7083333333334,0
571.9166666666666,0
583.25,0
584.0,0
470.8333333333333,0
582.875,0
503.4166666666667,0
583.7083333333334,0
583.5833333333334,0
583.0833333333334,0
583.0416666666666,0
604.5833333333334,0
470.9166666666667,0
218.58333333333334,0
571.2916666666666,0
571.7916666666666,0
567.1666666666666,0
470.0833333333333,0
582.9166666666666,0
571.625,0
571.75,0
572.0,0
600.375,0
572.7916666666666,0
583.5,0
571.6666666666666,0
599.0,0
582.75,0
584.125,0
599.3333333333334,0
583.125,0
583.2083333333334,0
583.2083333333334,0
583.0416666666666,0
504.3333333333333,0
468.3333333333333,0
474.875,0
475.0,0
474.5833333333333,0
468.375,0
468.375,0
503.6666666666667,0
503.3333333333333,0
218.5,0
468.1666666666667,0
475.0,0
503.75,0
468.7916666666667,0
503.75,0
468.1666666666667,0
474.875,0
571.4583333333334,0
583.3333333333334,0
571.375,0
567.3333333333334,0
583.625,0
470.0,0
470.6666666666667,0
582.875,0
583.8333333333334,0
469.9166666666667,0
542.7916666666666,0
572.0416666666666,0
218.41666666666666,0
583.125,0
572.0416666666666,0
599.1666666666666,0
571.625,0
571.3333333333334,0
584.0833333333334,0
583.2083333333334,0
583.0416666666666,0
471.1666666666667,0
572.125,0
583.3333333333334,0
583.5416666666666,0
583.8333333333334,0
600.8333333333334,0
583.0416666666666,0
571.5833333333334,0
471.125,0
571.875,0
583.25,0
571.5,0
470.4583333333333,0
571.625,0
567.1666666666666,0
469.8333333333333,0
572.9583333333334,0
468.625,0
571.625,0
583.0833333333334,0
575.5,0
571.7083333333334,0
584.0833333333334,0
583.7083333333334,0
583.6666666666666,0
571.1666666666666,0
582.9166666666666,0
583.375,0
571.7083333333334,0
600.4583333333334,0
600.7083333333334,0
583.7083333333334,0
571.7083333333334,0
583.375,0
571.5416666666666,0
567.25,0
583.4583333333334,0
542.8333333333334,0
575.8333333333334,0
583.125,0
583.5833333333334,0
583.1666666666666,0
583.5416666666666,0
571.5833333333334,0
469.6666666666667,0
582.875,0
584.0,0
583.75,0
583.3333333333334,0
571.625,0
469.8333333333333,0
583.5833333333334,0
571.4583333333334,0
571.7083333333334,0
571.3333333333334,0
471.4166666666667,0
604.7916666666666,0
571.125,0
470.3333333333333,0
470.3333333333333,0
583.125,0
600.2083333333334,0
571.0416666666666,0
583.625,0
571.75,0
571.5,0
572.0,0
582.875,0
470.375,0
571.2916666666666,0
566.9583333333334,0
468.4583333333333,0
571.0,0
571.1666666666666,0
583.75,0
583.5833333333334,0
572.0416666666666,0
583.6666666666666,0
470.3333333333333,0
583.75,0
583.375,0
583.5416666666666,0
470.25,0
583.1666666666666,0
583.1666666666666,0
583.25,0
600.875,0
604.5833333333334,0
575.8333333333334,0
584.0416666666666,0
571.6666666666666,0
469.9166666666667,0
600.375,0
599.875,0
216.83333333333334,0
571.3333333333334,0
583.75,0
571.5833333333334,0
584.0,0
571.7916666666666,0
583.7916666666666,0
470.2083333333333,0
583.8333333333334,0
582.875,0
469.7083333333333,0
571.9166666666666,0
470.4583333333333,0
470.5833333333333,0
583.5833333333334,0
571.4166666666666,0
470.4166666666667,0
567.5,0
583.875,0
571.875,0
470.2083333333333,0
571.375,0
567.2083333333334,0
571.7916666666666,0
470.25,0
470.5833333333333,0
583.0,0
572.0,0
583.2916666666666,0
470.0416666666667,0
583.3333333333334,0
566.9583333333334,0
571.625,0
582.7916666666666,0
600.5833333333334,0
571.875,0
571.875,0
583.4166666666666,0
572.0,0
576.0416666666666,0
599.7083333333334,0
571.7083333333334,0
470.75,0
571.5416666666666,0
571.4583333333334,0
571.7083333333334,0
571.9166666666666,0
216.83333333333334,0
543.125,0
582.9583333333334,0
600.4166666666666,0
600.5,0
604.6666666666666,0
597.5,0
469.9583333333333,0
571.3333333333334,0
571.4166666666666,0
470.5833333333333,0
572.2916666666666,0
567.125,0
571.875,0
571.875,0
572.375,0
572.5,0
470.125,0
216.875,0
572.7916666666666,0
571.7083333333334,0
469.875,0
600.6666666666666,0
571.4166666666666,0
469.875,0
216.625,0
583.4166666666666,0
469.875,0
583.25,0
571.5833333333334,0
583.2916666666666,0
583.2916666666666,0
583.125,0
571.5416666666666,0
600.5833333333334,0
583.3333333333334,0
583.4583333333334,0
584.0416666666666,0
469.875,0
600.25,0
583.7083333333334,0
571.5,0
470.5416666666667,0
583.3333333333334,0
571.75,0
583.9583333333334,0
571.6666666666666,0
571.5,0
575.7083333333334,0
600.4166666666666,0
571.7916666666666,0
583.875,0
566.9166666666666,0
575.6666666666666,0
583.75,0
572.6666666666666,0
600.1666666666666,0
571.7916666666666,0
583.375,0
571.3333333333334,0
576.0,0
571.875,0
571.625,0
572.25,0
583.75,0
571.4583333333334,0
583.7916666666666,0
583.2083333333334,0
571.9583333333334,0
572.0833333333334,0
600.8333333333334,0
571.4583333333334,0
583.4583333333334,0
571.25,0
571.7083333333334,0
600.5416666666666,0
572.3333333333334,0
601.0,0
216.95833333333334,0
582.7916666666666,0
600.1666666666666,0
583.625,0
571.6666666666666,0
571.8333333333334,0
600.4166666666666,0
582.9166666666666,0
471.5416666666667,0
583.2916666666666,0
542.1666666666666,0
571.375,0
567.5833333333334,0
580.2916666666666,0
600.3333333333334,0
571.625,0
567.25,0
583.3333333333334,0
469.9166666666667,0
571.7916666666666,0
571.7083333333334,0
599.5416666666666,0
571.625,0
470.75,0
567.4166666666666,0
571.2916666666666,0
599.4583333333334,0
571.7916666666666,0
217.08333333333334,0
583.2916666666666,0
571.6666666666666,0
573.0,0
470.5833333333333,0
571.625,0
583.4583333333334,0
567.4166666666666,0
571.0,0
575.7083333333334,0
571.375,0
597.75,0
567.2916666666666,0
470.4166666666667,0
571.5416666666666,0
571.6666666666666,0
470.0416666666667,0
583.3333333333334,0
597.375,0
470.2083333333333,0
470.0833333333333,0
469.6666666666667,0
583.1666666666666,0
571.4583333333334,0
471.5833333333333,0
583.2916666666666,0
216.83333333333334,0
571.875,0
571.5,0
571.8333333333334,0
571.5416666666666,0
571.6666666666666,0
600.4583333333334,0
583.7916666666666,0
469.9166666666667,0
583.7916666666666,0
604.9166666666666,0
572.0,0
600.4166666666666,0
571.9166666666666,0
571.875,0
572.0833333333334,0
583.2083333333334,0
571.7083333333334,0
582.9166666666666,0
572.0,0
571.5,0
600.6666666666666,0
571.7916666666666,0
571.8333333333334,0
597.5,0
571.625,0
470.0,0
470.7916666666667,0
470.4583333333333,0
571.9166666666666,0
583.9583333333334,0
217.58333333333334,0
470.25,0
582.9583333333334,0
583.7083333333334,0
571.5,0
604.6666666666666,0
583.5833333333334,0
470.3333333333333,0
470.0416666666667,0
583.5833333333334,0
583.4166666666666,0
572.9583333333334,0
571.5,0
571.875,0
583.875,0
583.2083333333334,0
583.9166666666666,0
470.375,0
575.75,0
600.5,0
571.6666666666666,0
604.75,0
600.25,0
604.5416666666666,0
584.2083333333334,0
571.0,0
599.5833333333334,0
470.125,0
470.0833333333333,0
575.625,0
604.2916666666666,0
216.75,0
571.8333333333334,0
600.75,0
583.2916666666666,0
597.625,0
571.9166666666666,0
571.375,0
582.8333333333334,0
571.4583333333334,0
571.625,0
543.0,0
571.75,0
582.9166666666666,0
468.7083333333333,0
583.6666666666666,0
583.75,0
468.875,0
583.2916666666666,0
600.3333333333334,0
600.7083333333334,0
471.125,0
571.625,0
567.375,0
567.5416666666666,0
583.4166666666666,0
583.0833333333334,0
599.375,0
571.75,0
571.625,0
600.375,0
583.5,0
600.4166666666666,0
583.6666666666666,0
571.8333333333334,0
600.7083333333334,0
601.0,0
584.0416666666666,0
571.25,0
583.75,0
470.8333333333333,0
571.9583333333334,0
567.2083333333334,0
572.0833333333334,0
470.9166666666667,0
583.1666666666666,0
583.5833333333334,0
571.75,0
542.9166666666666,0
600.375,0
571.7916666666666,0
571.5833333333334,0
571.875,0
583.0,0
583.4166666666666,0
583.2916666666666,0
584.0416666666666,0
583.375,0
600.7083333333334,0
470.1666666666667,0
571.3333333333334,0
583.6666666666666,0
600.375,0
571.4583333333334,0
599.5833333333334,0
582.9166666666666,0
583.625,0
566.9166666666666,0
583.25,0
572.9166666666666,0
571.6666666666666,0
597.9583333333334,0
599.4583333333334,0
575.7083333333334,0
583.5833333333334,0
470.125,0
583.4166666666666,0
583.5833333333334,0
216.70833333333334,0
567.1666666666666,0
542.5416666666666,0
571.625,0
571.8333333333334,0
600.5,0
604.5,0
571.5833333333334,0
571.625,0
571.4583333333334,0
571.875,0
600.9166666666666,0
583.1666666666666,0
571.7083333333334,0
583.5416666666666,0
583.875,0
600.2083333333334,0
583.3333333333334,0
571.4583333333334,0
571.7083333333334,0
571.9166666666666,0
576.0416666666666,0
470.125,0
583.2083333333334,0
575.5,0
469.8333333333333,0
583.7916666666666,0
571.2083333333334,0
600.3333333333334,0
571.5,0
571.5833333333334,0
571.5833333333334,0
582.875,0
567.4583333333334,0
469.625,0
469.875,0
567.1666666666666,0
468.7916666666667,0
468.5416666666667,0
583.625,0
571.5833333333334,0
583.8333333333334,0
597.9583333333334,0
580.375,0
583.4583333333334,0
571.6666666666666,0
217.16666666666666,0
571.3333333333334,0
470.5833333333333,0
572.0,0
572.25,0
604.625,0
600.8333333333334,0
571.7083333333334,0
600.125,0
571.5,0
567.0,0
571.2916666666666,0
583.4583333333334,0
601.0,0
583.125,0
583.0,0
571.7916666666666,0
584.0833333333334,0
583.125,0
470.5833333333333,0
571.3333333333334,0
583.8333333333334,0
600.9166666666666,0
571.2083333333334,0
600.375,0
600.7916666666666,0
471.0416666666667,0
597.3333333333334,0
600.7916666666666,0
470.0833333333333,0
583.5,0
571.75,0
583.5,0
600.4583333333334,0
583.6666666666666,0
571.5,0
567.5416666666666,0
571.75,0
571.75,0
583.4166666666666,0
583.125,0
600.625,0
571.6666666666666,0
570.9583333333334,0
470.8333333333333,0
583.5416666666666,0
583.6666666666666,0
572.375,0
580.3333333333334,0
583.7083333333334,0
571.8333333333334,0
573.0416666666666,0
571.5416666666666,0
583.6666666666666,0
575.8333333333334,0
583.0416666666666,0
470.2083333333333,0
583.1666666666666,0
583.125,0
471.125,0
597.4583333333334,0
470.625,0
583.5,0
583.125,0
571.3333333333334,0
571.875,0
583.25,0
584.0416666666666,0
571.1666666666666,0
571.7083333333334,0
604.375,0
571.5416666666666,0
571.8333333333334,0
583.2083333333334,0
600.2916666666666,0
583.6666666666666,0
583.625,0
583.0833333333334,0
571.875,0
571.5416666666666,0
583.125,0
583.1666666666666,0
600.375,0
571.5416666666666,0
572.0,0
583.2083333333334,0
600.5833333333334,0
583.2083333333334,0
572.0,0
567.2083333333334,0
572.4166666666666,0
583.5,0
571.3333333333334,0
572.9583333333334,0
567.125,0
217.875,0
604.875,0
571.8333333333334,0
571.7916666666666,0
570.9583333333334,0
583.375,0
567.1666666666666,0
567.2083333333334,0
571.4583333333334,0
576.1666666666666,0
576.0416666666666,0
567.2916666666666,0
583.375,0
583.5,0
583.7083333333334,0
582.9583333333334,0
470.375,0
600.5416666666666,0
582.9583333333334,0
567.2916666666666,0
571.25,0
580.375,0
583.1666666666666,0
566.75,0
583.25,0
571.875,0
583.0416666666666,0
600.375,0
571.375,0
583.375,0
571.5416666666666,0
567.0833333333334,0
582.9166666666666,0
571.625,0
571.6666666666666,0
599.625,0
583.125,0
600.6666666666666,0
584.1666666666666,0
584.125,0
572.9166666666666,0
571.7083333333334,0
572.1666666666666,0
584.125,0
571.5833333333334,0
600.7083333333334,0
571.375,0
583.7083333333334,0
566.75,0
599.5416666666666,0
582.9166666666666,0
583.2916666666666,0
583.5416666666666,0
572.125,0
570.9166666666666,0
572.0416666666666,0
583.3333333333334,0
583.1666666666666,0
580.25,0
571.4583333333334,0
571.7916666666666,0
597.7083333333334,0
571.7916666666666,0
583.5833333333334,0
571.8333333333334,0
571.8333333333334,0
571.875,0
582.9583333333334,0
583.625,0
571.375,0
571.3333333333334,0
582.875,0
571.1666666666666,0
567.5,0
571.4583333333334,0
542.75,0
571.5416666666666,0
582.9583333333334,0
583.375,0
583.5,0
583.375,0
600.4583333333334,0
584.0416666666666,0
583.5833333333334,0
572.0416666666666,0
599.0,0
583.5416666666666,0
583.5833333333334,0
572.75,0
571.1666666666666,0
599.2916666666666,0
571.5833333333334,0
584.0416666666666,0
583.25,0
470.0833333333333,0
571.75,0
573.0833333333334,0
583.5416666666666,0
571.9166666666666,0
542.7083333333334,0
583.4166666666666,0
600.4583333333334,0
583.9583333333334,0
571.5416666666666,0
571.5833333333334,0
542.7916666666666,0
583.125,0
571.7916666666666,0
470.4583333333333,0
468.5416666666667,0
575.4583333333334,0
572.0833333333334,0
471.125,0
218.375,0
600.1666666666666,0
566.9583333333334,0
576.0833333333334,0
571.7916666666666,0
567.0416666666666,0
582.9166666666666,0
470.0416666666667,0
600.2916666666666,0
572.0833333333334,0
542.9583333333334,0
583.8333333333334,0
470.8333333333333,0
584.2083333333334,0
583.5833333333334,0
597.9583333333334,0
583.5,0
583.2916666666666,0
583.5833333333334,0
571.5,0
597.6666666666666,0
571.7083333333334,0
583.375,0
600.4583333333334,0
567.0833333333334,0
571.5833333333334,0
583.2083333333334,0
575.9583333333334,0
583.25,0
600.5416666666666,0
583.375,0
583.375,0
217.375,0
583.625,0
583.4583333333334,0
583.2083333333334,0
571.5416666666666,0
599.6666666666666,0
583.5416666666666,0
571.5833333333334,0
542.9166666666666,0
571.875,0
571.375,0
583.7083333333334,0
504.2083333333333,0
474.7083333333333,0
567.4583333333334,0
566.7916666666666,0
575.9583333333334,0
583.0416666666666,0
583.7083333333334,0
571.1666666666666,0
571.8333333333334,0
583.75,0
217.875,0
583.125,0
599.375,0
571.5,0
583.5,0
471.375,0
571.5416666666666,0
217.29166666666666,0
583.0833333333334,0
583.2083333333334,0
572.1666666666666,0
584.0833333333334,0
583.7916666666666,0
571.5,0
471.0833333333333,0
583.8333333333334,0
571.8333333333334,0
583.125,0
599.25,0
571.7083333333334,0
580.4166666666666,0
571.3333333333334,0
600.6666666666666,0
583.4583333333334,0
575.8333333333334,0
582.9583333333334,0
583.5416666666666,0
571.2916666666666,0
571.0833333333334,0
583.6666666666666,0
543.0833333333334,0
583.0833333333334,0
571.75,0
470.0833333333333,0
583.0,0
583.4166666666666,0
571.625,0
470.4166666666667,0
471.125,0
583.3333333333334,0
468.5,0
571.5416666666666,0
469.875,0
583.5833333333334,0
600.25,0
567.4166666666666,0
600.625,0
583.875,0
600.625,0
470.5,0
572.8333333333334,0
583.125,0
470.125,0
600.625,0
583.5833333333334,0
571.5833333333334,0
571.375,0
571.9166666666666,0
571.75,0
576.2916666666666,0
580.2083333333334,0
583.9166666666666,0
600.7083333333334,0
571.5,0
469.875,0
571.3333333333334,0
571.5416666666666,0
470.4166666666667,0
583.625,0
583.5416666666666,0
571.5833333333334,0
567.125,0
583.5833333333334,0
471.5833333333333,0
583.4583333333334,0
600.4166666666666,0
583.7083333333334,0
583.4583333333334,0
571.375,0
583.625,0
571.2916666666666,0
583.875,0
470.5833333333333,0
572.0416666666666,0
571.2083333333334,0
572.625,0
571.875,0
597.875,0
571.4583333333334,0
567.2916666666666,0
471.0833333333333,0
571.7916666666666,0
583.375,0
571.5,0
572.7083333333334,0
597.7916666666666,0
583.25,0
572.0416666666666,0
571.0833333333334,0
584.1666666666666,0
582.875,0
571.625,0
468.625,0
571.2916666666666,0
599.5416666666666,0
470.0416666666667,0
604.5833333333334,0
469.7083333333333,0
571.8333333333334,0
470.1666666666667,0
470.375,0
570.5416666666666,0
218.375,0
600.9583333333334,0
470.2916666666667,0
216.66666666666666,0
576.25,0
571.7916666666666,0
583.75,0
583.125,0
583.125,0
583.7083333333334,0
600.3333333333334,0
470.4166666666667,0
470.375,0
470.0,0
469.7916666666667,0
567.4583333333334,0
571.375,0
583.75,0
600.4166666666666,0
571.75,0
604.5833333333334,0
572.1666666666666,0
572.0416666666666,0
542.7916666666666,0
571.6666666666666,0
571.875,0
600.9583333333334,0
599.375,0
470.7916666666667,0
599.2916666666666,0
217.875,0
600.9166666666666,0
583.0416666666666,0
470.5833333333333,0
604.8333333333334,0
542.25,0
571.4166666666666,0
572.375,0
599.6666666666666,0
584.0,0
584.0,0
571.5,0
604.375,0
571.5,0
571.9583333333334,0
583.7916666666666,0
217.16666666666666,0
470.625,0
571.2916666666666,0
571.5833333333334,0
583.2916666666666,0
571.7083333333334,0
600.6666666666666,0
216.75,0
583.3333333333334,0
599.1666666666666,0
600.625,0
571.7916666666666,0
570.9583333333334,0
471.5833333333333,0
571.5416666666666,0
583.375,0
571.4583333333334,0
571.9166666666666,0
583.2083333333334,0
571.4583333333334,0
599.375,0
582.9166666666666,0
583.3333333333334,0
567.0833333333334,0
469.0,0
583.5833333333334,0
571.625,0
471.125,0
583.25,0
571.9583333333334,0
599.1666666666666,0
572.0,0
599.5,0
471.0833333333333,0
600.9583333333334,0
583.2916666666666,0
571.9583333333334,0
571.625,0
572.75,0
583.2083333333334,0
583.5833333333334,0
571.9583333333334,0
583.7916666666666,0
470.5,0
600.6666666666666,0
600.5833333333334,0
468.8333333333333,0
571.5416666666666,0
567.2083333333334,0
567.1666666666666,0
216.79166666666666,0
583.0416666666666,0
583.75,0
575.9583333333334,0
571.625,0
470.375,0
600.0833333333334,0
571.25,0
583.0416666666666,0
567.125,0
584.1666666666666,0
583.4583333333334,0
583.25,0
583.25,0
583.0,0
576.2916666666666,0
582.9166666666666,0
571.3333333333334,0
583.3333333333334,0
583.2916666666666,0
575.7916666666666,0
582.875,0
571.2916666666666,0
583.75,0
572.2916666666666,0
571.875,0
584.0,0
571.8333333333334,0
503.75,0
571.625,0
600.5416666666666,0
571.9583333333334,0
571.4166666666666,0
571.6666666666666,0
571.8333333333334,0
583.3333333333334,0
571.9166666666666,0
575.6666666666666,0
583.5416666666666,0
583.25,0
567.375,0
584.0,0
583.6666666666666,0
600.375,0
571.5833333333334,0
582.9583333333334,0
582.9166666666666,0
583.9166666666666,0
571.125,0
583.2916666666666,0
571.5,0
583.5416666666666,0
571.9583333333334,0
583.4166666666666,0
567.375,0
600.6666666666666,0
572.9583333333334,0
571.4583333333334,0
571.75,0
572.5,0
583.1666666666666,0
576.0416666666666,0
568.125,0
583.1666666666666,0
582.9166666666666,0
567.0833333333334,0
571.875,0
583.9583333333334,0
600.375,0
571.6666666666666,0
571.75,0
583.3333333333334,0
583.4583333333334,0
571.4583333333334,0
571.4166666666666,0
571.8333333333334,0
583.6666666666666,0
583.5,0
583.1666666666666,0
567.9166666666666,0
583.4166666666666,0
582.9583333333334,0
571.7083333333334,0
583.0416666666666,0
582.9166666666666,0
582.9166666666666,0
571.9166666666666,0
600.1666666666666,0
583.9583333333334,0
572.0833333333334,0
583.6666666666666,0
583.0,0
576.25,0
567.5,0
571.875,0
572.4583333333334,0
567.2916666666666,0
571.4166666666666,0
567.2083333333334,0
568.2916666666666,0
600.9583333333334,0
584.25,0
583.3333333333334,0
567.125,0
584.0833333333334,0
567.2083333333334,0
568.25,0
583.7083333333334,0
580.25,0
567.3333333333334,0
571.4583333333334,0
583.875,0
600.5833333333334,0
567.1666666666666,0
600.3333333333334,0
583.2916666666666,0
583.6666666666666,0
583.7916666666666,0
572.625,0
584.0416666666666,0
572.0833333333334,0
566.9166666666666,0
583.3333333333334,0
583.0833333333334,0
576.2916666666666,0
583.9166666666666,0
583.8333333333334,0
575.625,0
600.4166666666666,0
576.1666666666666,0
503.375,0
600.3333333333334,0
583.7916666666666,0
600.75,0
567.25,0
571.6666666666666,0
566.75,0
576.0416666666666,0
583.5416666666666,0
571.7083333333334,0
568.5,0
567.1666666666666,0
599.0416666666666,0
567.0833333333334,0
600.7083333333334,0
576.0833333333334,0
600.75,0
600.625,0
542.5416666666666,0
575.9583333333334,0
583.6666666666666,0
542.4166666666666,0
583.5833333333334,0
571.9583333333334,0
571.5416666666666,0
583.0,0
566.75,0
567.0416666666666,0
584.0416666666666,0
583.9583333333334,0
567.25,0
568.4166666666666,0
568.125,0
580.3333333333334,0
571.75,0
583.1666666666666,0
599.5833333333334,0
600.8333333333334,0
600.5833333333334,0
566.9583333333334,0
584.2083333333334,0
572.0833333333334,0
584.0416666666666,0
600.4583333333334,0
567.0,0
573.0833333333334,0
600.5416666666666,0
567.25,0
600.1666666666666,0
583.375,0
575.875,0
571.7083333333334,0
567.5416666666666,0
571.75,0
567.125,0
571.9583333333334,0
566.9583333333334,0
583.7083333333334,0
572.4583333333334,0
566.75,0
600.4166666666666,0
571.5416666666666,0
566.375,0
583.25,0
218.875,0
583.3333333333334,0
568.25,0
576.2083333333334,0
571.4583333333334,0
576.1666666666666,0
571.7916666666666,0
597.9166666666666,0
600.9166666666666,0
567.125,0
571.375,0
583.625,0
583.7916666666666,0
571.5416666666666,0
567.4583333333334,0
566.7083333333334,0
572.0833333333334,0
572.9166666666666,0
575.7083333333334,0
583.9583333333334,0
600.375,0
566.625,0
604.4166666666666,0
575.9583333333334,0
576.125,0
571.5,0
575.6666666666666,0
566.7916666666666,0
566.2916666666666,0
600.4166666666666,0
583.4166666666666,0
566.7916666666666,0
571.9166666666666,0
567.0833333333334,0
566.5833333333334,0
566.7916666666666,0
582.7916666666666,0
583.1666666666666,0
583.625,0
566.4166666666666,0
583.4166666666666,0
571.7916666666666,0
571.8333333333334,0
583.7916666666666,0
600.4583333333334,0
575.625,0
575.875,0
567.1666666666666,0
576.0,0
575.5833333333334,0
583.625,0
583.6666666666666,0
571.625,0
604.5,0
571.5416666666666,0
575.9583333333334,0
583.75,0
604.4583333333334,0
576.25,0
567.0416666666666,0
600.4166666666666,0
583.2083333333334,0
566.9166666666666,0
583.7083333333334,0
583.8333333333334,0
576.125,0
571.9166666666666,0
567.125,0
600.375,0
571.9583333333334,0
583.2916666666666,0
583.9583333333334,0
567.1666666666666,0
571.9583333333334,0
567.2916666666666,0
566.75,0
575.875,0
583.125,0
583.6666666666666,0
600.25,0
571.5833333333334,0
583.25,0
600.375,0
567.125,0
600.375,0
567.3333333333334,0
571.75,0
583.9166666666666,0
600.375,0
575.9166666666666,0
583.2083333333334,0
575.875,0
566.875,0
573.125,0
571.7083333333334,0
571.75,0
583.3333333333334,0
576.2916666666666,0
583.2083333333334,0
601.0,0
568.375,0
575.7083333333334,0
583.1666666666666,0
583.625,0
571.4166666666666,0
575.5416666666666,0
584.125,0
583.8333333333334,0
576.2916666666666,0
571.9166666666666,0
571.375,0
583.3333333333334,0
567.2083333333334,0
583.3333333333334,0
567.5,0
575.4583333333334,0
600.4583333333334,0
580.2083333333334,0
600.9166666666666,0
600.7916666666666,0
604.5,0
583.625,0
600.9166666666666,0
600.4166666666666,0
583.875,0
575.75,0
583.5833333333334,0
571.9583333333334,0
584.0,0
583.1666666666666,0
583.8333333333334,0
599.5833333333334,0
567.2083333333334,0
600.4583333333334,0
571.625,0
567.125,0
567.1666666666666,0
576.2083333333334,0
567.0416666666666,0
575.875,0
583.9166666666666,0
584.0,0
599.5416666666666,0
600.4583333333334,0
571.5833333333334,0
571.5416666666666,0
600.5,0
583.875,0
571.2916666666666,0
566.75,0
567.375,0
582.7916666666666,0
584.0,0
575.5416666666666,0
600.5,0
600.375,0
567.25,0
566.625,0
567.1666666666666,0
575.625,0
576.125,0
566.875,0
600.2083333333334,0
567.125,0
567.125,0
600.6666666666666,0
571.5833333333334,0
599.125,0
600.5,0
580.4166666666666,0
567.3333333333334,0
567.5,0
571.8333333333334,0
576.125,0
600.7916666666666,0
571.5833333333334,0
583.7083333333334,0
600.625,0
567.25,0
568.5,0
571.7083333333334,0
583.875,0
604.2916666666666,0
575.6666666666666,0
582.9583333333334,0
571.625,0
584.0,0
583.9166666666666,0
571.2916666666666,0
583.5,0
583.7083333333334,0
583.2083333333334,0
583.875,0
583.4166666666666,0
583.4583333333334,0
582.875,0
583.2083333333334,0
584.0833333333334,0
571.7083333333334,0
571.7083333333334,0
571.8333333333334,0
575.5,0
600.9583333333334,0
571.7916666666666,0
583.75,0
567.25,0
571.8333333333334,0
542.7083333333334,0
584.0833333333334,0
572.875,0
567.4583333333334,0
572.5833333333334,0
583.4166666666666,0
572.0833333333334,0
599.2916666666666,0
571.6666666666666,0
567.2083333333334,0
571.4166666666666,0
599.0,0
600.5833333333334,0
600.5833333333334,0
567.5416666666666,0
567.2916666666666,0
600.5,0
572.0833333333334,0
575.6666666666666,0
572.0416666666666,0
572.0416666666666,0
582.9166666666666,0
583.8333333333334,0
572.0833333333334,0
583.2916666666666,0
583.3333333333334,0
583.5,0
575.75,0
567.375,0
600.625,0
575.7916666666666,0
571.7083333333334,0
571.625,0
584.0,0
572.0,0
572.0,0
571.9583333333334,0
571.9583333333334,0
573.0833333333334,0
567.1666666666666,0
576.1666666666666,0
576.0833333333334,0
583.3333333333334,0
580.25,0
583.0833333333334,0
567.1666666666666,0
566.875,0
571.625,0
474.7916666666667,0
599.125,0
567.2083333333334,0
583.5,0
604.5,0
567.875,0
600.5416666666666,0
570.7083333333334,0
576.2083333333334,0
583.0416666666666,0
575.9583333333334,0
567.4583333333334,0
567.2083333333334,0
568.375,0
575.7916666666666,0
576.0416666666666,0
575.875,0
572.7916666666666,0
572.9166666666666,0
582.8333333333334,0
571.875,0
575.6666666666666,0
571.625,0
566.875,0
583.0833333333334,0
571.5,0
600.4166666666666,0
566.75,0
582.9583333333334,0
542.4583333333334,0
576.125,0
573.2083333333334,0
600.2916666666666,0
571.7916666666666,0
572.0416666666666,0
576.0416666666666,0
600.75,0
567.25,0
571.5416666666666,0
575.7083333333334,0
576.2083333333334,0
600.2083333333334,0
583.0833333333334,0
583.7083333333334,0
583.25,0
583.5,0
576.2083333333334,0
583.875,0
567.2916666666666,0
568.375,0
568.4166666666666,0
576.0416666666666,0
571.5,0
571.9583333333334,0
572.7083333333334,0
567.3333333333334,0
567.4166666666666,0
600.2916666666666,0
567.0416666666666,0
600.5416666666666,0
575.8333333333334,0
571.875,0
219.08333333333334,0
580.4166666666666,0
571.875,0
571.375,0
566.3333333333334,0
583.3333333333334,0
575.8333333333334,0
571.5416666666666,0
600.5,0
584.0416666666666,0
583.0416666666666,0
571.6666666666666,0
583.9166666666666,0
584.1666666666666,0
583.4166666666666,0
571.4166666666666,0
576.6666666666666,0
503.25,0
583.2083333333334,0
597.3333333333334,0
600.5,0
582.9583333333334,0
567.4583333333334,0
542.5,0
542.4166666666666,0
567.125,0
575.9583333333334,0
568.2916666666666,0
575.9583333333334,0
567.1666666666666,0
576.0833333333334,0
542.25,0
570.75,0
568.0,0
566.7916666666666,0
567.0416666666666,0
566.9583333333334,0
567.0416666666666,0
567.0,0
567.2083333333334,0
575.7916666666666,0
575.875,0
567.2083333333334,0
575.9583333333334,0
566.8333333333334,0
567.0833333333334,0
567.375,0
577.0416666666666,0
567.4166666666666,0
567.0833333333334,0
571.0416666666666,0
567.2083333333334,0
588.125,0
567.25,0
570.625,0
566.8333333333334,0
570.875,0
566.75,0
567.25,0
567.2083333333334,0
567.25,0
566.4583333333334,0
567.25,0
566.25,0
552.25,0
566.8333333333334,0
576.2916666666666,0
567.0416666666666,0
575.6666666666666,0
565.0833333333334,0
567.0416666666666,0
566.6666666666666,0
567.2916666666666,0
577.2916666666666,0
567.0,0
575.75,0
576.5416666666666,0
575.7083333333334,0
567.4583333333334,0
577.0,0
567.1666666666666,0
567.375,0
568.0416666666666,0
570.9166666666666,0
567.3333333333334,0
542.5416666666666,0
575.75,0
570.9166666666666,0
575.9583333333334,0
567.2083333333334,0
567.0,0
567.125,0
567.0416666666666,0
571.1666666666666,0
567.0416666666666,0
568.0833333333334,0
567.25,0
566.7083333333334,0
566.8333333333334,0
566.7083333333334,0
374.6666666666667,0
571.0833333333334,0
567.25,0
567.0833333333334,0
570.625,0
566.25,0
567.0,0
566.9583333333334,0
567.3333333333334,0
566.9583333333334,0
566.625,0
567.3333333333334,0
567.2083333333334,0
567.0833333333334,0
567.4583333333334,0
534.875,0
567.3333333333334,0
566.9166666666666,0
570.6666666666666,0
567.0416666666666,0
566.7083333333334,0
566.9583333333334,0
567.0416666666666,0
567.125,0
559.2916666666666,0
566.7916666666666,0
566.25,0
567.0833333333334,0
542.625,0
568.0833333333334,0
567.2083333333334,0
567.125,0
567.375,0
566.875,0
575.75,0
566.8333333333334,0
575.7916666666666,0
567.375,0
566.9166666666666,0
566.4583333333334,0
567.0,0
472.7083333333333,0
566.9166666666666,0
567.0,0
567.1666666666666,0
567.0416666666666,0
567.3333333333334,0
567.3333333333334,0
567.5,0
218.45833333333334,0
567.0,0
218.16666666666666,0
217.79166666666666,0
396.9166666666667,0
419.4583333333333,0
503.5,0
503.7083333333333,0
217.625,0
468.3333333333333,0
503.75,0
504.2083333333333,0
503.7083333333333,0
503.9166666666667,0
468.5,0
503.375,0
468.4166666666667,0
503.1666666666667,0
467.9583333333333,0
503.5416666666667,0
503.75,0
468.25,0
145.875,0
503.4583333333333,0
503.625,0
503.375,0
475.25,0
503.1666666666667,0
475.0833333333333,0
503.9166666666667,0
504.25,0
503.6666666666667,0
474.7083333333333,0
504.0416666666667,0
504.2083333333333,0
503.6666666666667,0
474.7916666666667,0
475.125,0
475.2916666666667,0
503.6666666666667,0
503.4166666666667,0
504.1666666666667,0
503.2916666666667,0
503.4583333333333,0
503.875,0
503.3333333333333,0
503.9583333333333,0
503.75,0
481.375,0
468.9166666666667,0
503.5833333333333,0
503.8333333333333,0
503.625,0
475.125,0
217.58333333333334,0
503.4583333333333,0
503.875,0
503.5833333333333,0
503.875,0
504.2916666666667,0
503.4583333333333,0
503.5416666666667,0
468.9166666666667,0
504.2083333333333,0
503.7916666666667,0
504.0416666666667,0
503.4583333333333,0
503.1666666666667,0
503.2083333333333,0
468.1666666666667,0
503.375,0
504.25,0
503.0416666666667,0
504.2083333333333,0
503.7916666666667,0
503.7916666666667,0
503.5833333333333,0
503.9583333333333,0
503.7083333333333,0
504.2916666666667,0
217.75,0
481.125,0
475.0833333333333,0
503.8333333333333,0
503.4166666666667,0
503.0833333333333,0
481.0,0
503.8333333333333,0
504.0416666666667,0
468.5416666666667,0
503.2916666666667,0
504.2916666666667,0
503.875,0
419.375,0
419.7083333333333,0
396.2916666666667,0
304.9166666666667,0
419.875,0
419.3333333333333,0
419.2916666666667,0
418.375,0
417.7916666666667,0
439.5416666666667,0
417.4583333333333,0
419.3333333333333,0
417.6666666666667,0
417.9166666666667,0
417.4583333333333,0
418.0833333333333,0
374.9166666666667,0
438.0833333333333,0
375.125,0
375.125,0
438.0,0
417.8333333333333,0
374.875,0
417.6666666666667,0
503.5833333333333,0
503.75,0
503.375,0
503.4583333333333,0
504.0416666666667,0
475.0833333333333,0
503.125,0
503.75,0
503.7083333333333,0
468.2083333333333,0
468.2083333333333,0
503.4583333333333,0
503.625,0
503.7916666666667,0
220.20833333333334,0
502.9583333333333,0
503.875,0
503.4583333333333,0
503.375,0
468.2083333333333,0
475.375,0
503.875,0
503.7916666666667,0
503.3333333333333,0
503.4166666666667,0
503.2916666666667,0
503.5833333333333,0
503.6666666666667,0
504.2083333333333,0
503.7083333333333,0
503.5,0
468.625,0
503.3333333333333,0
504.25,0
503.3333333333333,0
504.2083333333333,0
220.08333333333334,0
468.7083333333333,0
503.375,0
467.9583333333333,0
503.875,0
503.5416666666667,0
503.0,0
503.75,0
503.2083333333333,0
503.4583333333333,0
475.0416666666667,0
375.25,0
503.75,0
503.9583333333333,0
468.75,0
218.29166666666666,0
481.2083333333333,0
503.0833333333333,0
503.7083333333333,0
468.7916666666667,0
219.875,0
503.25,0
503.6666666666667,0
219.375,0
503.9166666666667,0
468.25,0
503.7916666666667,0
468.5,0
474.5416666666667,0
503.9583333333333,0
375.0,0
503.625,0
474.7916666666667,0
503.75,0
475.125,0
503.8333333333333,0
504.125,0
478.0833333333333,0
503.625,0
468.5833333333333,0
503.875,0
468.25,0
503.5,0
503.7916666666667,0
503.7083333333333,0
475.0416666666667,0
218.29166666666666,0
504.0,0
503.4166666666667,0
504.1666666666667,0
503.5833333333333,0
218.0,0
503.7916666666667,0
504.1666666666667,0
504.2916666666667,0
504.125,0
216.875,0
468.875,0
503.5416666666667,0
504.2916666666667,0
468.0,0
503.2916666666667,0
475.125,0
503.4166666666667,0
503.4166666666667,0
468.0,0
503.7083333333333,0
503.3333333333333,0
217.41666666666666,0
468.375,0
503.5833333333333,0
468.5833333333333,0
218.04166666666666,0
503.75,0
468.0416666666667,0
374.625,0
504.0416666666667,0
503.375,0
503.9583333333333,0
503.6666666666667,0
503.5,0
468.875,0
503.5833333333333,0
503.6666666666667,0
503.8333333333333,0
504.2083333333333,0
503.125,0
475.3333333333333,0
503.625,0
504.1666666666667,0
503.4166666666667,0
503.5,0
503.7083333333333,0
468.5416666666667,0
396.2916666666667,0
419.4166666666667,0
419.5833333333333,0
396.8333333333333,0
418.2916666666667,0
417.125,0
440.375,0
418.0,0
438.9166666666667,0
417.8333333333333,0
418.1666666666667,0
417.0833333333333,0
417.5833333333333,0
417.8333333333333,0
426.375,0
417.5833333333333,0
417.0833333333333,0
419.4166666666667,0
419.4166666666667,0
417.8333333333333,0
418.1666666666667,0
439.3333333333333,0
397.1666666666667,0
374.875,0
374.6666666666667,0
438.25,0
374.75,0
437.9583333333333,0
375.0,0
46.0,0
374.9583333333333,0
417.7083333333333,0
374.9166666666667,0
439.0,0
374.75,0
417.5833333333333,0
437.875,0
503.3333333333333,0
503.7083333333333,0
503.875,0
503.1666666666667,0
504.0416666666667,0
475.0416666666667,0
503.25,0
468.5,0
440.9166666666667,0
481.1666666666667,0
396.375,0
503.375,0
476.0416666666667,0
475.0416666666667,0
468.5,0
474.625,0
503.8333333333333,0
503.1666666666667,0
503.75,0
503.5416666666667,0
503.625,0
503.7916666666667,0
468.7083333333333,0
503.4583333333333,0
468.75,0
417.25,0
219.33333333333334,0
477.7916666666667,0
503.7083333333333,0
468.3333333333333,0
474.7916666666667,0
503.4583333333333,0
468.7083333333333,0
474.4583333333333,0
474.9166666666667,0
481.25,0
467.8333333333333,0
468.7083333333333,0
503.2916666666667,0
468.5416666666667,0
503.5833333333333,0
503.7083333333333,0
474.9166666666667,0
503.8333333333333,0
475.1666666666667,0
503.625,0
475.8333333333333,0
530.9166666666666,0
468.4583333333333,0
475.625,0
503.75,0
503.625,0
474.7916666666667,0
468.2916666666667,0
503.7083333333333,0
503.7916666666667,0
503.625,0
468.7916666666667,0
503.875,0
474.9166666666667,0
217.75,0
481.25,0
468.75,0
468.125,0
477.8333333333333,0
218.20833333333334,0
468.25,0
468.25,0
503.625,0
503.6666666666667,0
503.7916666666667,0
503.7083333333333,0
475.1666666666667,0
468.2083333333333,0
217.29166666666666,0
503.5,0
468.1666666666667,0
475.5416666666667,0
503.5833333333333,0
503.4583333333333,0
503.8333333333333,0
503.9166666666667,0
217.54166666666666,0
503.375,0
503.4583333333333,0
435.25,0
468.4166666666667,0
475.0,0
217.04166666666666,0
474.5,0
503.1666666666667,0
503.5833333333333,0
216.95833333333334,0
474.9166666666667,0
475.0,0
503.3333333333333,0
439.25,0
474.8333333333333,0
375.2083333333333,0
503.9166666666667,0
468.4583333333333,0
468.0416666666667,0
217.5,0
475.0416666666667,0
468.5833333333333,0
474.9583333333333,0
475.9583333333333,0
375.0833333333333,0
475.8333333333333,0
217.5,0
503.3333333333333,0
467.9583333333333,0
474.5416666666667,0
468.2916666666667,0
217.625,0
217.5,0
474.75,0
218.08333333333334,0
475.1666666666667,0
468.2916666666667,0
474.625,0
468.875,0
474.875,0
217.75,0
474.8333333333333,0
475.7916666666667,0
468.0833333333333,0
474.875,0
468.2916666666667,0
217.54166666666666,0
475.7083333333333,0
474.7083333333333,0
468.75,0
218.08333333333334,0
474.75,0
475.0,0
218.16666666666666,0
474.9583333333333,0
468.25,0
468.3333333333333,0
217.125,0
218.45833333333334,0
475.2083333333333,0
217.375,0
474.9583333333333,0
219.41666666666666,0
474.5,0
217.375,0
218.54166666666666,0
468.4166666666667,0
437.375,0
220.08333333333334,0
468.625,0
217.875,0
468.2083333333333,0
468.3333333333333,0
475.2083333333333,0
375.0416666666667,0
468.25,0
375.125,0
426.5416666666667,0
439.0833333333333,0
217.66666666666666,0
476.0833333333333,0
468.875,0
217.79166666666666,0
474.4583333333333,0
216.875,0
475.7916666666667,0
475.4166666666667,0
375.5833333333333,0
474.625,0
475.5,0
475.1666666666667,0
218.20833333333334,0
218.25,0
478.9166666666667,0
437.6666666666667,0
218.5,0
474.7916666666667,0
468.2916666666667,0
475.5833333333333,0
375.1666666666667,0
219.75,0
475.0,0
468.5416666666667,0
217.08333333333334,0
468.0,0
474.625,0
474.6666666666667,0
513.3333333333334,0
218.375,0
219.83333333333334,0
468.5,0
475.2083333333333,0
474.625,0
467.75,0
468.25,0
468.25,0
475.875,0
468.5833333333333,0
375.125,0
468.3333333333333,0
375.2083333333333,0
474.4166666666667,0
218.16666666666666,0
217.41666666666666,0
468.3333333333333,0
374.875,0
468.0833333333333,0
468.5,0
467.9583333333333,0
468.625,0
468.375,0
417.5833333333333,0
422.5,0
396.1666666666667,0
433.2083333333333,0
374.7083333333333,0
399.125,0
417.8333333333333,0
346.75,0
439.3333333333333,0
426.375,0
438.7916666666667,0
438.5,0
417.5416666666667,0
437.9166666666667,0
375.0833333333333,0
397.375,0
374.9166666666667,0
397.125,0
375.0833333333333,0
437.75,0
374.8333333333333,0
397.25,0
397.125,0
374.7916666666667,0
439.2916666666667,0
318.0,0
375.0,0
417.625,0
438.6666666666667,0
397.25,0
417.375,0
375.25,0
417.5,0
374.6666666666667,0
374.7916666666667,0
439.1666666666667,0
374.9583333333333,0
417.6666666666667,0
417.6666666666667,0
375.3333333333333,0
375.2916666666667,0
219.20833333333334,0
546.9583333333334,0
439.7916666666667,0
374.5833333333333,0
321.7916666666667,0
418.375,0
417.5416666666667,0
375.125,0
218.04166666666666,0
374.75,0
397.2083333333333,0
439.5,0
440.4166666666667,0
417.4583333333333,0
439.4583333333333,0
417.7916666666667,0
440.4166666666667,0
400.3333333333333,0
200.54166666666666,0
419.4583333333333,0
426.2916666666667,0
438.7916666666667,0
440.5,0
437.9583333333333,0
324.7083333333333,0
417.9583333333333,0
438.9166666666667,0
440.5416666666667,0
417.6666666666667,0
417.8333333333333,0
374.9583333333333,0
403.25,0
418.2916666666667,0
426.4583333333333,0
417.6666666666667,0
374.7083333333333,0
45.916666666666664,0
418.0416666666667,0
312.8333333333333,0
426.375,0
299.4166666666667,0
397.0833333333333,0
417.9583333333333,0
417.75,0
374.9583333333333,0
397.0833333333333,0
418.4166666666667,0
438.5,0
438.4583333333333,0
417.875,0
418.0416666666667,0
375.125,0
417.7916666666667,0
417.625,0
437.5833333333333,0
355.0,0
417.2916666666667,0
438.0,0
374.7916666666667,0
438.7916666666667,0
438.1666666666667,0
437.875,0
426.4166666666667,0
423.0416666666667,0
397.1666666666667,0
374.875,0
417.9583333333333,0
418.0416666666667,0
418.0,0
374.7083333333333,0
374.8333333333333,0
417.4166666666667,0
375.0416666666667,0
417.5,0
417.7916666666667,0
438.0833333333333,0
426.375,0
378.2916666666667,0
417.7916666666667,0
417.6666666666667,0
437.9166666666667,0
374.6666666666667,0
417.875,0
438.6666666666667,0
438.2083333333333,0
437.5416666666667,0
437.6666666666667,0
417.7916666666667,0
417.8333333333333,0
417.75,0
437.5833333333333,0
433.4583333333333,0
437.5833333333333,0
439.375,0
439.4583333333333,0
438.5416666666667,0
375.0,0
438.5833333333333,0
438.9583333333333,0
376.9583333333333,0
277.0416666666667,0
375.0,0
440.0,0
438.375,0
417.4166666666667,0
417.875,0
374.375,0
417.6666666666667,0
417.9583333333333,0
417.625,0
374.5833333333333,0
417.5833333333333,0
438.9583333333333,0
440.2916666666667,0
438.7083333333333,0
439.2916666666667,0
417.9166666666667,0
417.9583333333333,0
417.3333333333333,0
438.5833333333333,0
374.9583333333333,0
438.8333333333333,0
417.7916666666667,0
438.625,0
438.625,0
426.4166666666667,0
439.3333333333333,0
438.875,0
437.875,0
438.25,0
375.0416666666667,0
438.75,0
417.25,0
418.3333333333333,0
417.9166666666667,0
439.3333333333333,0
438.5416666666667,0
418.25,0
417.9166666666667,0
417.875,0
440.6666666666667,0
417.9583333333333,0
439.3333333333333,0
438.125,0
417.8333333333333,0
437.8333333333333,0
440.5416666666667,0
438.125,0
417.6666666666667,0
374.375,0
439.4583333333333,0
425.9583333333333,0
433.1666666666667,0
418.1666666666667,0
422.7916666666667,0
438.4583333333333,0
438.25,0
417.625,0
417.625,0
418.0416666666667,0
417.6666666666667,0
439.3333333333333,0
438.375,0
437.7083333333333,0
418.0,0
426.2916666666667,0
417.4583333333333,0
417.375,0
437.75,0
417.5,0
432.875,0
417.8333333333333,0
438.5,0
438.625,0
418.0,0
417.3333333333333,0
439.375,0
418.3333333333333,0
438.25,0
418.1666666666667,0
437.3333333333333,0
437.2083333333333,0
417.7083333333333,0
438.0,0
437.7916666666667,0
426.5,0
438.375,0
437.9166666666667,0
417.8333333333333,0
417.5,0
439.3333333333333,0
426.5,0
417.4166666666667,0
418.125,0
438.375,0
417.9583333333333,0
417.625,0
417.6666666666667,0
426.0,0
417.6666666666667,0
437.3333333333333,0
439.2916666666667,0
417.7083333333333,0
437.4583333333333,0
438.2916666666667,0
438.7916666666667,0
438.1666666666667,0
426.3333333333333,0
417.7083333333333,0
438.6666666666667,0
417.625,0
417.625,0
417.5416666666667,0
417.5,0
374.7083333333333,0
417.5833333333333,0
433.5,0
426.25,0
437.9166666666667,0
437.5416666666667,0
417.5833333333333,0
417.8333333333333,0
438.375,0
418.1666666666667,0
375.0416666666667,0
419.75,0
417.875,0
438.2083333333333,0
417.25,0
439.0416666666667,0
438.0833333333333,0
417.7083333333333,0
439.7083333333333,0
438.0833333333333,0
375.0,0
437.25,0
417.4166666666667,0
438.125,0
374.7083333333333,0
375.0,0
359.5833333333333,0
439.4583333333333,0
437.75,0
439.9583333333333,0
419.5416666666667,0
419.4166666666667,0
438.9583333333333,0
439.0833333333333,0
438.0416666666667,0
417.1666666666667,0
375.0416666666667,0
438.1666666666667,0
438.4583333333333,0
439.75,0
438.3333333333333,0
439.0,0
439.7916666666667,0
438.3333333333333,0
439.125,0
418.0416666666667,0
417.7083333333333,0
437.7916666666667,0
439.2083333333333,0
433.375,0
417.9583333333333,0
374.8333333333333,0
437.5416666666667,0
418.0833333333333,0
439.6666666666667,0
417.4166666666667,0
437.9583333333333,0
437.6666666666667,0
417.5416666666667,0
374.375,0
438.4166666666667,0
437.75,0
417.9166666666667,0
417.8333333333333,0
437.2916666666667,0
374.875,0
433.4166666666667,0
417.75,0
438.5833333333333,0
439.125,0
438.1666666666667,0
419.1666666666667,0
417.6666666666667,0
439.2916666666667,0
374.7916666666667,0
419.5,0
437.5,0
437.5,0
417.75,0
417.875,0
417.5,0
440.5833333333333,0
439.6666666666667,0
437.5833333333333,0
418.25,0
439.0416666666667,0
439.5833333333333,0
439.4166666666667,0
417.7916666666667,0
439.4166666666667,0
438.375,0
418.0,0
439.4166666666667,0
440.5416666666667,0
440.25,0
438.4166666666667,0
439.2916666666667,0
439.4583333333333,0
437.75,0
417.9166666666667,0
438.25,0
433.0833333333333,0
425.9583333333333,0
440.3333333333333,0
438.25,0
439.2083333333333,0
439.0833333333333,0
438.2083333333333,0
439.5416666666667,0
438.2916666666667,0
374.875,0
425.9583333333333,0
438.25,0
437.7083333333333,0
437.75,0
438.2916666666667,0
417.9166666666667,0
426.0833333333333,0
437.7916666666667,0
438.0833333333333,0
437.7083333333333,0
426.3333333333333,0
438.4166666666667,0
422.6666666666667,0
438.0,0
438.125,0
437.25,0
418.2916666666667,0
437.7916666666667,0
437.875,0
437.875,0
439.4583333333333,0
438.7916666666667,0
419.25,0
417.4166666666667,0
440.0,0
439.4166666666667,0
437.7916666666667,0
437.375,0
439.0,0
417.75,0
417.875,0
417.8333333333333,0
422.8333333333333,0
440.7083333333333,0
439.625,0
438.5416666666667,0
438.4583333333333,0
439.7083333333333,0
445.9583333333333,0
439.7916666666667,0
440.4583333333333,0
438.1666666666667,0
439.3333333333333,0
438.125,0
418.0416666666667,0
417.7916666666667,0
417.3333333333333,0
418.0833333333333,0
417.7083333333333,0
417.9583333333333,0
440.5833333333333,0
417.4583333333333,0
438.1666666666667,0
437.5833333333333,0
417.625,0
437.75,0
417.75,0
438.25,0
437.7916666666667,0
437.8333333333333,0
426.2916666666667,0
437.875,0
438.0,0
438.125,0
426.1666666666667,0
437.6666666666667,0
438.7083333333333,0
439.375,0
437.4166666666667,0
439.5,0
438.4583333333333,0
419.125,0
438.7083333333333,0
437.6666666666667,0
438.625,0
438.8333333333333,0
417.625,0
448.8333333333333,0
439.5,0
417.5833333333333,0
438.75,0
438.4166666666667,0
438.5416666666667,0
417.5,0
437.7083333333333,0
439.4583333333333,0
438.0416666666667,0
440.0833333333333,0
418.3333333333333,0
418.0833333333333,0
439.25,0
439.2916666666667,0
438.6666666666667,0
417.5833333333333,0
417.8333333333333,0
470.6666666666667,0
438.0416666666667,0
417.4583333333333,0
438.4166666666667,0
417.3333333333333,0
437.5416666666667,0
438.0,0
440.0833333333333,0
417.2083333333333,0
468.125,0
437.7916666666667,0
417.7916666666667,0
417.625,0
417.5833333333333,0
439.5833333333333,0
439.0416666666667,0
438.375,0
438.75,0
426.2083333333333,0
438.2083333333333,0
426.2083333333333,0
419.5,0
438.5416666666667,0
438.0416666666667,0
439.625,0
417.625,0
439.5,0
438.2083333333333,0
417.5833333333333,0
440.2083333333333,0
437.7083333333333,0
417.4166666666667,0
437.8333333333333,0
437.625,0
437.2083333333333,0
437.7916666666667,0
425.9583333333333,0
439.8333333333333,0
438.4583333333333,0
437.625,0
437.9583333333333,0
438.0416666666667,0
374.4583333333333,0
437.75,0
438.2083333333333,0
437.625,0
417.75,0
417.5,0
437.7916666666667,0
438.25,0
426.2916666666667,0
417.5,0
439.375,0
437.8333333333333,0
418.2083333333333,0
426.25,0
438.0833333333333,0
438.4583333333333,0
417.0833333333333,0
438.8333333333333,0
437.375,0
438.2916666666667,0
439.75,0
417.6666666666667,0
439.7083333333333,0
417.7916666666667,0
417.8333333333333,0
437.875,0
437.5,0
417.4166666666667,0
440.2916666666667,0
439.375,0
417.375,0
439.75,0
426.1666666666667,0
439.2916666666667,0
417.8333333333333,0
417.75,0
437.875,0
439.2083333333333,0
217.20833333333334,0
438.0833333333333,0
438.0,0
438.5833333333333,0
437.5416666666667,0
440.5416666666667,0
417.625,0
439.25,0
417.6666666666667,0
440.2083333333333,0
438.75,0
438.375,0
438.5833333333333,0
438.2083333333333,0
417.875,0
417.75,0
426.0,0
417.5833333333333,0
417.8333333333333,0
438.0,0
433.1666666666667,0
437.6666666666667,0
437.2916666666667,0
438.0416666666667,0
437.7916666666667,0
377.9583333333333,0
438.0833333333333,0
437.7916666666667,0
439.6666666666667,0
438.25,0
417.875,0
438.7083333333333,0
440.6666666666667,0
438.0416666666667,0
440.375,0
417.5,0
437.4583333333333,0
439.25,0
426.0833333333333,0
437.8333333333333,0
437.7916666666667,0
438.0416666666667,0
437.625,0
418.4166666666667,0
417.5833333333333,0
426.5416666666667,0
439.4583333333333,0
439.0416666666667,0
439.625,0
438.125,0
437.8333333333333,0
418.2916666666667,0
437.5416666666667,0
438.3333333333333,0
437.9166666666667,0
437.7916666666667,0
417.2916666666667,0
437.75,0
417.5833333333333,0
417.375,0
417.75,0
417.625,0
438.2083333333333,0
426.125,0
423.0416666666667,0
438.75,0
440.4166666666667,0
417.875,0
417.9166666666667,0
418.0,0
438.4583333333333,0
438.2916666666667,0
437.5833333333333,0
417.6666666666667,0
418.125,0
438.25,0
438.4166666666667,0
417.625,0
439.625,0
438.625,0
418.2916666666667,0
417.8333333333333,0
438.0833333333333,0
437.9166666666667,0
438.5833333333333,0
418.375,0
438.2083333333333,0
438.2083333333333,0
419.25,0
417.75,0
417.625,0
439.4166666666667,0
438.2916666666667,0
438.5416666666667,0
438.0833333333333,0
417.9583333333333,0
439.125,0
417.9583333333333,0
417.2083333333333,0
438.25,0
417.5833333333333,0
417.3333333333333,0
417.625,0
417.7916666666667,0
422.625,0
437.9166666666667,0
437.5833333333333,0
417.5416666666667,0
417.625,0
418.2083333333333,0
433.4166666666667,0
417.625,0
439.25,0
417.7916666666667,0
439.2916666666667,0
439.625,0
438.1666666666667,0
422.5,0
439.375,0
438.2083333333333,0
437.25,0
419.2916666666667,0
437.5833333333333,0
417.375,0
437.9166666666667,0
417.2916666666667,0
438.125,0
417.875,0
438.7083333333333,0
439.5,0
438.5,0
437.6666666666667,0
417.5416666666667,0
417.6666666666667,0
417.75,0
440.5,0
426.125,0
417.7083333333333,0
396.4583333333333,0
396.625,0
396.5833333333333,0
375.0,0
396.8333333333333,0
374.375,0
374.7916666666667,0
375.0,0
396.75,0
396.8333333333333,0
396.625,0
396.7916666666667,0
396.5416666666667,0
396.75,0
374.8333333333333,0
396.5,0
396.7916666666667,0
396.75,0
396.4583333333333,0
374.375,0
396.7916666666667,0
396.75,0
396.8333333333333,0
396.75,0
374.9583333333333,0
374.75,0
374.75,0
374.3333333333333,0
374.5416666666667,0
374.2083333333333,0
374.5833333333333,0
374.125,0
374.6666666666667,0
374.2083333333333,0
375.125,0
374.7083333333333,0
374.6666666666667,0
374.2083333333333,0
374.5416666666667,0
374.4166666666667,0
374.5833333333333,0
374.6666666666667,0
374.5833333333333,0
374.7916666666667,0
375.0,0
374.875,0
374.4583333333333,0
374.9583333333333,0
374.4583333333333,0
374.7083333333333,0
1.25,0
374.7916666666667,0
374.8333333333333,0
375.0416666666667,0
374.4583333333333,0
374.9583333333333,0
374.7916666666667,0
374.625,0
374.7083333333333,0
374.6666666666667,0
374.875,0
374.5416666666667,0
374.8333333333333,0
374.8333333333333,0
374.4583333333333,0
374.6666666666667,0
375.0416666666667,0
375.2916666666667,0
374.1666666666667,0
375.0,0
374.9583333333333,0
374.9583333333333,0
375.0833333333333,0
374.75,0
374.0416666666667,0
374.4166666666667,0
374.5416666666667,0
374.125,0
374.4166666666667,0
374.7916666666667,0
374.8333333333333,0
375.125,0
374.5833333333333,0
374.1666666666667,0
375.0416666666667,0
374.125,0
375.0,0
374.6666666666667,0
374.75,0
375.0833333333333,0
374.4166666666667,0
374.0416666666667,0
374.4583333333333,0
374.875,0
374.125,0
375.125,0
374.7916666666667,0
374.9166666666667,0
374.9166666666667,0
375.0,0
375.0,0
374.625,0
355.375,0
400.625,0
374.7083333333333,0
374.625,0
375.0,0
374.7083333333333,0
374.9583333333333,0
374.7083333333333,0
374.75,0
374.7083333333333,0
374.7916666666667,0
374.0416666666667,0
374.4166666666667,0
374.5,0
374.5833333333333,0
374.9166666666667,0
375.25,0
374.9166666666667,0
375.0416666666667,0
375.0416666666667,0
375.0416666666667,0
375.25,0
375.0833333333333,0
374.875,0
374.5416666666667,0
374.7916666666667,0
374.7916666666667,0
374.5,0
375.0,0
374.75,0
374.5833333333333,0
375.1666666666667,0
396.7083333333333,0
375.0,0
374.7083333333333,0
374.9583333333333,0
375.0833333333333,0
375.0416666666667,0
374.5833333333333,0
375.0,0
375.3333333333333,0
375.1666666666667,0
374.75,0
374.75,0
374.9583333333333,0
374.9583333333333,0
374.875,0
374.7916666666667,0
374.7083333333333,0
374.75,0
374.375,0
374.2916666666667,0
374.7083333333333,0
374.2083333333333,0
374.8333333333333,0
374.6666666666667,0
374.5,0
374.875,0
374.3333333333333,0
374.875,0
374.75,0
375.0,0
374.3333333333333,0
374.625,0
374.25,0
374.9583333333333,0
374.8333333333333,0
374.5416666666667,0
374.5416666666667,0
374.7916666666667,0
375.25,0
374.9166666666667,0
374.7083333333333,0
375.0,0
375.0416666666667,0
375.4166666666667,0
374.75,0
375.5833333333333,0
375.2916666666667,0
375.4166666666667,0
374.625,0
375.375,0
374.3333333333333,0
374.4166666666667,0
374.875,0
374.625,0
374.9583333333333,0
374.9583333333333,0
375.25,0
374.2916666666667,0
374.3333333333333,0
374.375,0
374.7916666666667,0
374.9583333333333,0
374.6666666666667,0
375.0833333333333,0
374.375,0
375.2083333333333,0
374.625,0
374.2916666666667,0
374.625,0
375.0416666666667,0
374.25,0
374.375,0
375.0416666666667,0
374.7083333333333,0
374.75,0
374.375,0
375.0833333333333,0
374.2083333333333,0
374.2916666666667,0
374.875,0
375.25,0
374.875,0
374.7916666666667,0
375.1666666666667,0
374.3333333333333,0
375.3333333333333,0
374.3333333333333,0
374.5416666666667,0
375.0833333333333,0
374.625,0
374.5,0
374.9583333333333,0
374.8333333333333,0
375.0416666666667,0
375.2916666666667,0
375.2916666666667,0
374.9583333333333,0
375.0833333333333,0
374.6666666666667,0
374.6666666666667,0
374.4166666666667,0
374.7916666666667,0
375.0833333333333,0
374.9583333333333,0
374.9583333333333,0
374.4166666666667,0
374.5416666666667,0
374.75,0
375.125,0
375.0416666666667,0
374.625,0
375.0416666666667,0
374.6666666666667,0
374.1666666666667,0
374.7083333333333,0
374.9166666666667,0
374.8333333333333,0
374.7916666666667,0
375.375,0
374.5,0
374.875,0
374.4166666666667,0
375.0416666666667,0
374.0833333333333,0
375.0833333333333,0
374.1666666666667,0
375.2916666666667,0
375.0416666666667,0
374.375,0
374.4166666666667,0
374.9583333333333,0
374.5833333333333,0
375.3333333333333,0
375.2083333333333,0
374.9583333333333,0
374.75,0
374.0833333333333,0
374.7083333333333,0
374.7083333333333,0
374.6666666666667,0
374.375,0
374.625,0
374.625,0
375.2916666666667,0
374.2916666666667,0
374.9166666666667,0
375.1666666666667,0
374.7916666666667,0
374.4583333333333,0
375.125,0
152.33333333333334,0
374.9583333333333,0
375.2916666666667,0
374.2916666666667,0
374.8333333333333,0
107.79166666666667,0
374.7083333333333,0
374.4583333333333,0
375.0416666666667,0
374.5416666666667,0
374.1666666666667,0
375.2916666666667,0
374.3333333333333,0
375.0833333333333,0
375.1666666666667,0
375.4166666666667,0
375.2916666666667,0
107.75,0
374.5833333333333,0
374.8333333333333,0
374.6666666666667,0
375.125,0
374.3333333333333,0
375.125,0
374.9166666666667,0
374.8333333333333,0
396.7916666666667,0
374.9166666666667,0
374.7916666666667,0
374.5,0
374.875,0
375.0416666666667,0
374.5416666666667,0
375.0,0
374.875,0
374.9166666666667,0
374.75,0
374.875,0
374.75,0
374.75,0
374.75,0
374.5,0
375.25,0
374.9166666666667,0
374.2916666666667,0
374.625,0
374.7083333333333,0
375.375,0
374.2083333333333,0
375.0,0
397.5833333333333,0
396.7916666666667,0
374.9583333333333,0
374.9583333333333,0
396.5,0
374.6666666666667,0
396.8333333333333,0
374.625,0
374.8333333333333,0
375.2916666666667,0
374.375,0
374.7916666666667,0
374.625,0
374.25,0
374.9166666666667,0
374.6666666666667,0
375.0,0
374.4583333333333,0
374.8333333333333,0
374.5833333333333,0
374.125,0
375.0833333333333,0
374.6666666666667,0
374.9583333333333,0
374.5,0
374.8333333333333,0
374.9166666666667,0
374.6666666666667,0
374.1666666666667,0
374.875,0
375.0,0
375.2083333333333,0
374.3333333333333,0
374.625,0
374.3333333333333,0
374.5,0
374.9583333333333,0
374.6666666666667,0
374.5,0
375.3333333333333,0
374.7916666666667,0
397.625,0
374.75,0
374.6666666666667,0
374.4583333333333,0
396.375,0
375.125,0
375.0,0
375.5833333333333,0
374.8333333333333,0
374.9583333333333,0
374.0833333333333,0
374.5,0
375.3333333333333,0
374.6666666666667,0
375.2916666666667,0
374.6666666666667,0
374.5833333333333,0
374.5416666666667,0
374.7916666666667,0
375.25,0
374.4166666666667,0
374.375,0
375.0,0
374.5416666666667,0
375.0833333333333,0
374.7916666666667,0
374.4583333333333,0
374.7916666666667,0
375.0,0
374.75,0
374.625,0
374.4166666666667,0
396.7916666666667,0
374.4166666666667,0
374.5833333333333,0
375.0,0
375.125,0
374.7916666666667,0
374.7083333333333,0
374.7916666666667,0
374.9166666666667,0
374.9166666666667,0
374.75,0
375.0416666666667,0
374.5833333333333,0
375.2916666666667,0
374.7083333333333,0
374.5833333333333,0
374.5416666666667,0
374.625,0
374.4583333333333,0
374.375,0
374.1666666666667,0
374.75,0
375.2916666666667,0
374.5833333333333,0
374.4583333333333,0
375.0416666666667,0
374.5833333333333,0
374.7916666666667,0
374.375,0
396.5,0
375.25,0
375.0,0
374.6666666666667,0
374.2916666666667,0
374.5833333333333,0
374.9583333333333,0
374.0833333333333,0
374.7916666666667,0
375.125,0
375.0416666666667,0
374.875,0
375.3333333333333,0
374.5,0
374.9166666666667,0
374.625,0
374.125,0
374.75,0
375.125,0
375.0416666666667,0
375.25,0
374.4583333333333,0
374.1666666666667,0
374.9583333333333,0
374.6666666666667,0
374.75,0
374.9583333333333,0
374.6666666666667,0
375.25,0
374.8333333333333,0
375.0833333333333,0
431.0416666666667,0
374.875,0
374.4166666666667,0
375.2083333333333,0
374.7083333333333,0
397.75,0
397.0,0
396.7083333333333,0
418.3333333333333,0
375.1666666666667,0
438.8333333333333,0
438.375,0
374.7916666666667,0
438.7916666666667,0
374.75,0
396.75,0
375.1666666666667,0
396.8333333333333,0
374.7916666666667,0
439.3333333333333,0
374.4583333333333,0
439.4583333333333,0
439.1666666666667,0
375.625,0
433.0416666666667,0
439.0,0
374.875,0
439.2083333333333,0
438.2083333333333,0
374.5416666666667,0
374.75,0
439.125,0
438.8333333333333,0
438.2916666666667,0
375.8333333333333,0
374.625,0
375.2916666666667,0
375.6666666666667,0
439.0,0
375.0833333333333,0
438.6666666666667,0
439.7916666666667,0
374.9583333333333,0
375.75,0
438.3333333333333,0
439.0,0
374.5416666666667,0
439.875,0
374.4166666666667,0
438.4583333333333,0
437.9583333333333,0
433.2083333333333,0
374.7083333333333,0
374.75,0
374.8333333333333,0
375.125,0
438.0833333333333,0
439.2916666666667,0
438.1666666666667,0
437.9583333333333,0
438.5833333333333,0
374.9166666666667,0
439.625,0
438.7083333333333,0
438.5,0
439.2083333333333,0
375.0833333333333,0
437.9583333333333,0
438.4583333333333,0
438.6666666666667,0
437.7916666666667,0
375.2083333333333,0
374.2083333333333,0
437.7916666666667,0
433.0,0
375.0833333333333,0
438.7083333333333,0
437.75,0
438.6666666666667,0
433.2916666666667,0
374.5,0
375.7916666666667,0
439.0,0
374.5833333333333,0
437.9166666666667,0
439.9166666666667,0
374.5,0
375.2916666666667,0
374.5833333333333,0
432.9166666666667,0
439.0416666666667,0
375.0833333333333,0
439.0416666666667,0
375.375,0
374.6666666666667,0
374.4583333333333,0
374.5,0
439.125,0
439.0416666666667,0
374.7083333333333,0
374.75,0
374.4166666666667,0
375.0833333333333,0
374.875,0
438.2916666666667,0
438.0833333333333,0
438.125,0
439.4583333333333,0
439.0416666666667,0
437.7916666666667,0
375.625,0
439.4583333333333,0
438.2916666666667,0
374.4583333333333,0
374.4583333333333,0
154.125,0
374.7083333333333,0
374.2916666666667,0
375.2083333333333,0
438.4166666666667,0
375.0416666666667,0
374.9166666666667,0
374.7083333333333,0
438.75,0
439.2916666666667,0
438.875,0
374.625,0
438.8333333333333,0
439.0416666666667,0
438.4166666666667,0
438.875,0
374.7083333333333,0
438.7083333333333,0
374.7916666666667,0
374.625,0
374.5,0
433.0833333333333,0
374.4583333333333,0
438.125,0
439.5416666666667,0
438.3333333333333,0
433.0,0
374.6666666666667,0
439.5416666666667,0
374.875,0
438.1666666666667,0
438.125,0
374.5416666666667,0
437.7916666666667,0
439.3333333333333,0
439.0833333333333,0
374.9166666666667,0
374.9166666666667,0
438.375,0
439.0833333333333,0
438.5,0
439.25,0
374.8333333333333,0
439.125,0
437.8333333333333,0
438.2916666666667,0
439.0,0
438.0416666666667,0
438.4583333333333,0
374.5416666666667,0
374.5416666666667,0
439.125,0
438.3333333333333,0
433.0416666666667,0
439.5833333333333,0
439.0416666666667,0
438.9166666666667,0
374.875,0
438.5,0
375.125,0
439.0833333333333,0
439.0833333333333,0
439.4583333333333,0
374.9583333333333,0
439.1666666666667,0
433.0416666666667,0
439.5833333333333,0
438.7916666666667,0
375.0416666666667,0
375.0,0
438.75,0
374.875,0
374.9583333333333,0
374.4166666666667,0
375.7916666666667,0
375.0416666666667,0
437.875,0
374.2916666666667,0
438.7083333333333,0
375.0833333333333,0
439.2916666666667,0
438.3333333333333,0
439.75,0
439.5833333333333,0
374.9583333333333,0
375.2916666666667,0
375.125,0
374.7083333333333,0
375.6666666666667,0
374.4583333333333,0
437.8333333333333,0
374.9583333333333,0
374.9166666666667,0
374.7916666666667,0
439.875,0
374.9583333333333,0
374.875,0
374.9166666666667,0
439.5,0
438.5416666666667,0
438.5833333333333,0
439.5,0
374.7916666666667,0
438.4166666666667,0
375.25,0
439.375,0
438.7083333333333,0
374.5,0
439.125,0
439.0,0
375.8333333333333,0
439.5,0
374.4583333333333,0
438.25,0
374.8333333333333,0
375.2083333333333,0
375.6666666666667,0
438.9583333333333,0
438.25,0
433.0,0
439.1666666666667,0
438.7916666666667,0
438.375,0
374.75,0
374.5416666666667,0
374.9166666666667,0
375.1666666666667,0
374.5833333333333,0
374.4166666666667,0
438.6666666666667,0
438.5,0
439.4583333333333,0
437.9166666666667,0
437.9583333333333,0
438.7083333333333,0
439.25,0
374.5833333333333,0
439.625,0
375.0,0
438.0416666666667,0
439.5,0
374.2083333333333,0
432.9166666666667,0
438.7916666666667,0
438.7083333333333,0
438.5,0
439.2083333333333,0
438.625,0
375.0,0
375.0,0
433.3333333333333,0
439.0833333333333,0
374.5416666666667,0
439.5,0
374.5416666666667,0
432.9583333333333,0
440.0416666666667,0
374.9583333333333,0
438.6666666666667,0
433.0833333333333,0
374.7916666666667,0
437.875,0
438.875,0
438.2916666666667,0
374.7083333333333,0
439.2083333333333,0
433.2083333333333,0
374.9166666666667,0
433.125,0
375.125,0
438.5,0
438.875,0
439.2916666666667,0
438.5416666666667,0
438.1666666666667,0
437.8333333333333,0
439.0,0
437.9166666666667,0
375.125,0
439.0833333333333,0
438.4583333333333,0
433.4166666666667,0
439.0416666666667,0
374.7916666666667,0
438.5416666666667,0
432.9583333333333,0
374.5,0
439.1666666666667,0
438.5416666666667,0
439.4166666666667,0
374.4583333333333,0
437.75,0
439.4166666666667,0
438.375,0
375.0,0
374.5,0
375.0416666666667,0
439.1666666666667,0
439.5833333333333,0
438.625,0
438.75,0
438.3333333333333,0
374.8333333333333,0
374.8333333333333,0
374.8333333333333,0
439.0,0
438.2916666666667,0
438.4583333333333,0
439.2083333333333,0
374.9583333333333,0
439.25,0
374.4166666666667,0
439.125,0
439.0833333333333,0
375.0,0
439.7083333333333,0
432.9166666666667,0
375.0416666666667,0
438.9583333333333,0
439.375,0
438.6666666666667,0
433.4166666666667,0
374.7916666666667,0
374.4583333333333,0
437.875,0
439.6666666666667,0
374.9166666666667,0
374.625,0
374.5833333333333,0
439.5833333333333,0
374.5416666666667,0
374.8333333333333,0
438.7083333333333,0
439.5416666666667,0
433.25,0
438.0416666666667,0
374.5,0
438.6666666666667,0
375.7916666666667,0
433.375,0
374.9583333333333,0
374.4166666666667,0
439.1666666666667,0
438.625,0
438.4583333333333,0
439.2083333333333,0
374.6666666666667,0
374.7916666666667,0
433.0416666666667,0
433.375,0
374.875,0
437.875,0
438.3333333333333,0
438.375,0
439.4166666666667,0
438.5833333333333,0
439.8333333333333,0
438.5,0
437.8333333333333,0
438.1666666666667,0
374.5,0
375.0416666666667,0
438.2916666666667,0
375.2916666666667,0
437.9166666666667,0
374.5416666666667,0
374.5833333333333,0
438.75,0
375.0833333333333,0
438.9166666666667,0
438.9166666666667,0
438.6666666666667,0
374.6666666666667,0
438.625,0
438.5416666666667,0
439.0833333333333,0
432.9166666666667,0
433.0,0
439.5,0
439.2083333333333,0
439.0416666666667,0
438.5833333333333,0
374.5833333333333,0
439.9166666666667,0
375.125,0
374.625,0
375.7083333333333,0
432.9583333333333,0
432.9583333333333,0
439.5416666666667,0
438.7916666666667,0
438.3333333333333,0
433.3333333333333,0
438.5416666666667,0
433.125,0
433.3333333333333,0
375.0,0
438.0416666666667,0
397.4166666666667,0
438.75,0
433.25,0
374.625,0
439.4166666666667,0
439.2083333333333,0
439.0416666666667,0
438.8333333333333,0
433.2916666666667,0
439.6666666666667,0
439.0416666666667,0
438.25,0
374.7916666666667,0
439.625,0
439.0833333333333,0
433.125,0
438.9583333333333,0
438.75,0
438.625,0
438.5,0
438.2083333333333,0
374.875,0
374.75,0
374.2083333333333,0
375.0833333333333,0
374.9166666666667,0
375.625,0
374.5,0
439.375,0
438.5416666666667,0
439.5,0
374.9166666666667,0
374.9583333333333,0
374.9583333333333,0
375.25,0
438.5833333333333,0
709.4166666666666,0
682.0416666666666,0
708.25,0
707.8333333333334,0
708.0833333333334,0
708.2083333333334,0
708.0416666666666,0
708.0833333333334,0
708.25,0
707.75,0
707.9583333333334,0
709.75,0
708.2083333333334,0
708.25,0
708.125,0
709.8333333333334,0
709.9583333333334,0
708.2916666666666,0
709.2916666666666,0
708.2916666666666,0
709.375,0
708.2916666666666,0
707.7083333333334,0
708.2916666666666,0
708.25,0
708.0416666666666,0
676.7916666666666,0
709.9583333333334,0
707.8333333333334,0
708.3333333333334,0
707.9166666666666,0
707.7083333333334,0
677.8333333333334,0
707.7916666666666,0
707.7916666666666,0
707.875,0
708.2916666666666,0
676.2083333333334,0
708.125,0
708.1666666666666,0
707.7083333333334,0
707.9166666666666,0
708.2083333333334,0
708.0833333333334,0
707.8333333333334,0
707.9583333333334,0
707.9583333333334,0
708.0,0
708.0,0
707.8333333333334,0
708.0833333333334,0
707.7916666666666,0
708.25,0
707.75,0
708.25,0
708.0,0
708.0,0
707.9583333333334,0
707.6666666666666,0
707.8333333333334,0
708.1666666666666,0
708.125,0
708.0833333333334,0
677.2916666666666,0
675.7083333333334,0
707.6666666666666,0
707.7083333333334,0
708.0,0
707.875,0
707.75,0
708.0,0
707.75,0
707.875,0
707.75,0
707.875,0
682.125,0
708.2916666666666,0
708.0416666666666,0
708.2083333333334,0
708.0,0
707.75,0
707.7083333333334,0
708.1666666666666,0
707.7083333333334,0
707.9583333333334,0
706.875,0
676.7916666666666,0
678.0,0
681.5,0
677.6666666666666,0
677.875,0
677.9583333333334,0
676.75,0
679.3333333333334,0
676.375,0
676.5833333333334,0
677.9166666666666,0
676.75,0
676.7916666666666,0
676.7916666666666,0
676.5,0
676.7916666666666,0
676.6666666666666,0
675.8333333333334,0
709.7083333333334,0
676.5416666666666,0
677.6666666666666,0
676.6666666666666,0
676.5,0
708.0,0
676.4166666666666,0
707.75,0
676.4583333333334,0
707.9166666666666,0
676.5,0
682.125,0
707.7916666666666,0
682.0833333333334,0
681.875,0
682.0833333333334,0
707.9583333333334,0
708.2916666666666,0
708.4166666666666,0
676.2916666666666,0
656.7916666666666,0
676.7916666666666,0
657.0416666666666,0
682.1666666666666,0
707.5833333333334,0
682.0416666666666,0
643.5,0
676.6666666666666,0
708.25,0
709.875,0
675.5833333333334,0
676.7916666666666,0
709.75,0
708.2916666666666,0
709.5,0
677.0,0
708.4166666666666,0
682.0416666666666,0
707.7083333333334,0
681.875,0
707.6666666666666,0
707.5416666666666,0
708.125,0
682.2083333333334,0
681.5833333333334,0
676.8333333333334,0
707.9166666666666,0
707.7916666666666,0
681.9583333333334,0
707.75,0
707.5416666666666,0
707.7083333333334,0
707.875,0
708.0,0
676.4583333333334,0
676.7083333333334,0
708.2916666666666,0
707.625,0
708.2083333333334,0
676.7083333333334,0
676.9166666666666,0
708.0,0
707.5416666666666,0
708.4166666666666,0
682.0,0
681.75,0
676.4583333333334,0
707.7083333333334,0
682.0833333333334,0
708.2083333333334,0
682.125,0
707.875,0
676.2916666666666,0
682.25,0
708.0833333333334,0
707.5,0
682.2083333333334,0
676.75,0
707.9583333333334,0
676.9166666666666,0
676.2916666666666,0
707.9583333333334,0
707.9166666666666,0
707.7916666666666,0
676.2916666666666,0
676.0,0
708.4166666666666,0
708.2916666666666,0
708.0416666666666,0
676.75,0
676.625,0
676.9583333333334,0
643.5,0
675.6666666666666,0
675.5,0
709.875,0
707.9166666666666,0
708.0,0
707.8333333333334,0
708.3333333333334,0
681.7083333333334,0
676.25,0
681.9583333333334,0
708.0416666666666,0
708.3333333333334,0
682.375,0
676.9583333333334,0
708.1666666666666,0
676.1666666666666,0
709.625,0
707.625,0
709.4166666666666,0
707.9166666666666,0
676.7916666666666,0
707.875,0
707.9583333333334,0
709.5416666666666,0
677.0,0
707.75,0
675.6666666666666,0
681.75,0
682.0,0
707.75,0
681.8333333333334,0
682.0,0
708.0833333333334,0
707.625,0
710.0,0
676.7916666666666,0
676.875,0
708.0,0
708.125,0
707.7916666666666,0
682.125,0
707.625,0
676.125,0
682.4583333333334,0
679.5,0
676.4583333333334,0
681.625,0
675.5416666666666,0
707.9166666666666,0
707.5,0
707.6666666666666,0
675.8333333333334,0
675.5833333333334,0
676.375,0
681.875,0
707.5833333333334,0
707.9166666666666,0
676.5416666666666,0
707.9166666666666,0
708.0833333333334,0
676.5833333333334,0
707.7916666666666,0
710.0833333333334,0
675.5,0
682.3333333333334,0
676.375,0
676.75,0
682.1666666666666,0
676.5416666666666,0
707.7916666666666,0
676.625,0
710.0,0
679.2083333333334,0
707.875,0
709.6666666666666,0
709.5,0
681.8333333333334,0
675.6666666666666,0
707.75,0
708.0416666666666,0
708.0833333333334,0
681.625,0
677.0416666666666,0
676.8333333333334,0
676.75,0
709.4583333333334,0
677.125,0
708.2083333333334,0
707.8333333333334,0
707.9583333333334,0
708.0416666666666,0
708.3333333333334,0
707.7083333333334,0
708.0,0
707.6666666666666,0
707.7083333333334,0
707.9166666666666,0
676.4166666666666,0
710.0,0
676.5416666666666,0
676.8333333333334,0
708.0416666666666,0
645.4166666666666,0
676.9166666666666,0
707.9583333333334,0
645.375,0
676.3333333333334,0
708.2083333333334,0
709.9583333333334,0
707.625,0
709.7916666666666,0
707.8333333333334,0
708.0416666666666,0
709.7916666666666,0
708.0416666666666,0
707.9166666666666,0
707.9583333333334,0
708.2083333333334,0
709.7916666666666,0
708.375,0
676.9166666666666,0
707.7083333333334,0
707.5833333333334,0
676.75,0
707.8333333333334,0
708.0,0
677.1666666666666,0
707.8333333333334,0
707.625,0
681.5833333333334,0
709.7083333333334,0
681.8333333333334,0
707.6666666666666,0
707.875,0
710.0833333333334,0
710.0416666666666,0
707.7916666666666,0
708.0833333333334,0
708.1666666666666,0
707.9166666666666,0
676.75,0
645.7083333333334,0
707.7916666666666,0
681.7916666666666,0
708.2083333333334,0
707.75,0
677.0833333333334,0
707.625,0
707.9583333333334,0
709.5833333333334,0
708.125,0
676.2916666666666,0
708.3333333333334,0
708.2916666666666,0
681.7916666666666,0
709.625,0
707.7916666666666,0
708.1666666666666,0
676.6666666666666,0
681.75,0
708.0833333333334,0
709.7916666666666,0
708.3333333333334,0
676.375,0
675.7916666666666,0
708.5,0
708.4166666666666,0
707.75,0
708.125,0
710.0416666666666,0
677.0833333333334,0
675.6666666666666,0
675.5833333333334,0
708.0416666666666,0
676.7083333333334,0
676.0,0
708.3333333333334,0
708.0,0
677.0,0
676.2916666666666,0
645.375,0
707.9166666666666,0
682.0416666666666,0
676.8333333333334,0
710.0833333333334,0
710.0416666666666,0
708.4583333333334,0
676.8333333333334,0
707.75,0
676.125,0
707.875,0
707.75,0
709.5833333333334,0
707.9166666666666,0
708.25,0
707.8333333333334,0
708.0833333333334,0
708.25,0
709.75,0
681.75,0
707.9166666666666,0
682.0416666666666,0
708.1666666666666,0
707.8333333333334,0
676.875,0
676.1666666666666,0
709.8333333333334,0
682.2083333333334,0
707.875,0
676.875,0
708.0416666666666,0
708.0,0
676.5,0
709.625,0
676.7083333333334,0
707.7083333333334,0
676.625,0
709.875,0
707.875,0
707.7083333333334,0
708.25,0
707.875,0
708.25,0
707.7083333333334,0
676.2916666666666,0
708.2083333333334,0
710.0416666666666,0
708.0,0
709.75,0
707.6666666666666,0
707.8333333333334,0
709.4583333333334,0
707.8333333333334,0
681.75,0
677.2083333333334,0
708.125,0
709.625,0
708.0833333333334,0
708.4166666666666,0
707.9583333333334,0
710.0,0
708.0416666666666,0
709.5416666666666,0
708.2083333333334,0
708.125,0
707.9583333333334,0
707.7916666666666,0
707.75,0
676.9166666666666,0
676.7083333333334,0
682.0416666666666,0
681.875,0
707.6666666666666,0
646.0,0
707.9166666666666,0
707.8333333333334,0
708.0416666666666,0
707.6666666666666,0
707.8333333333334,0
679.4583333333334,0
708.125,0
681.9166666666666,0
676.6666666666666,0
676.7916666666666,0
709.5416666666666,0
675.8333333333334,0
708.3333333333334,0
682.0833333333334,0
708.3333333333334,0
709.625,0
679.375,0
682.3333333333334,0
676.2916666666666,0
710.0833333333334,0
681.9166666666666,0
709.75,0
676.5,0
707.7083333333334,0
676.6666666666666,0
682.5,0
709.7916666666666,0
676.5833333333334,0
676.875,0
709.9583333333334,0
707.5416666666666,0
707.9166666666666,0
675.625,0
709.7083333333334,0
682.2083333333334,0
707.7083333333334,0
682.25,0
708.2083333333334,0
682.2083333333334,0
645.9166666666666,0
707.875,0
643.3333333333334,0
708.2083333333334,0
707.8333333333334,0
707.9166666666666,0
681.8333333333334,0
710.0,0
645.4166666666666,0
709.7083333333334,0
676.8333333333334,0
676.8333333333334,0
709.75,0
709.6666666666666,0
681.9166666666666,0
676.75,0
708.2083333333334,0
708.25,0
707.875,0
677.125,0
676.4583333333334,0
643.2916666666666,0
707.9166666666666,0
676.875,0
677.1666666666666,0
676.125,0
708.1666666666666,0
676.9583333333334,0
676.2916666666666,0
676.375,0
681.7916666666666,0
708.0416666666666,0
676.7083333333334,0
707.625,0
708.0833333333334,0
709.9583333333334,0
643.375,0
676.875,0
708.4166666666666,0
710.0833333333334,0
682.0416666666666,0
707.9166666666666,0
708.2083333333334,0
708.0416666666666,0
708.0833333333334,0
708.375,0
676.4166666666666,0
676.8333333333334,0
709.9166666666666,0
707.875,0
708.2083333333334,0
708.0833333333334,0
708.0833333333334,0
708.0833333333334,0
676.7916666666666,0
708.0833333333334,0
676.375,0
707.8333333333334,0
645.6666666666666,0
643.25,0
708.0,0
710.0,0
708.375,0
681.875,0
708.0833333333334,0
645.8333333333334,0
679.4583333333334,0
708.0416666666666,0
676.6666666666666,0
681.9166666666666,0
707.7916666666666,0
682.2916666666666,0
707.9583333333334,0
707.625,0
681.625,0
708.1666666666666,0
709.6666666666666,0
709.625,0
676.4583333333334,0
708.0833333333334,0
707.9166666666666,0
676.375,0
708.0,0
708.2083333333334,0
682.0833333333334,0
681.7083333333334,0
708.0416666666666,0
708.3333333333334,0
708.1666666666666,0
676.5,0
707.75,0
708.0416666666666,0
709.7083333333334,0
681.875,0
681.8333333333334,0
682.0416666666666,0
681.9583333333334,0
708.125,0
708.375,0
708.2916666666666,0
708.375,0
682.1666666666666,0
707.6666666666666,0
708.125,0
707.6666666666666,0
708.0,0
708.1666666666666,0
707.75,0
708.25,0
707.875,0
708.4166666666666,0
681.8333333333334,0
708.1666666666666,0
708.1666666666666,0
682.375,0
709.5833333333334,0
708.0,0
708.2916666666666,0
676.875,0
709.8333333333334,0
677.0416666666666,0
707.5833333333334,0
708.1666666666666,0
676.875,0
682.125,0
676.5833333333334,0
707.9166666666666,0
708.0,0
707.9583333333334,0
708.3333333333334,0
708.25,0
682.5,0
707.9166666666666,0
708.1666666666666,0
709.625,0
681.75,0
682.0416666666666,0
708.0416666666666,0
676.7083333333334,0
708.0416666666666,0
710.0,0
677.1666666666666,0
676.3333333333334,0
682.0,0
676.5416666666666,0
676.625,0
677.125,0
676.6666666666666,0
708.125,0
707.8333333333334,0
682.0833333333334,0
707.875,0
676.8333333333334,0
677.0416666666666,0
676.0416666666666,0
707.875,0
709.9583333333334,0
707.7083333333334,0
707.7916666666666,0
675.625,0
709.9166666666666,0
707.7916666666666,0
708.0833333333334,0
675.8333333333334,0
709.5,0
675.625,0
708.0833333333334,0
707.7916666666666,0
676.625,0
707.875,0
675.5,0
708.4583333333334,0
682.0,0
676.125,0
676.5416666666666,0
709.75,0
682.0416666666666,0
707.7916666666666,0
708.4583333333334,0
709.4583333333334,0
708.0833333333334,0
682.2083333333334,0
707.9583333333334,0
707.5416666666666,0
676.5833333333334,0
676.9166666666666,0
676.0416666666666,0
675.5833333333334,0
709.5416666666666,0
708.25,0
708.2916666666666,0
708.0833333333334,0
707.9583333333334,0
708.2916666666666,0
708.0,0
709.8333333333334,0
676.9583333333334,0
708.375,0
708.2916666666666,0
710.0416666666666,0
676.9583333333334,0
708.125,0
707.8333333333334,0
709.9166666666666,0
708.0416666666666,0
707.9166666666666,0
708.0,0
707.7083333333334,0
677.0,0
708.2083333333334,0
708.0416666666666,0
708.1666666666666,0
675.4583333333334,0
468.875,0
708.125,0
681.9166666666666,0
707.875,0
708.3333333333334,0
708.1666666666666,0
708.0,0
708.2916666666666,0
709.5833333333334,0
709.875,0
676.8333333333334,0
708.5,0
707.875,0
675.5416666666666,0
676.3333333333334,0
708.125,0
682.2083333333334,0
707.9583333333334,0
708.25,0
708.25,0
676.6666666666666,0
708.375,0
677.0,0
708.1666666666666,0
676.0416666666666,0
707.8333333333334,0
708.375,0
681.7083333333334,0
676.7083333333334,0
707.6666666666666,0
708.375,0
709.4583333333334,0
676.875,0
708.0833333333334,0
708.1666666666666,0
676.375,0
707.9583333333334,0
707.6666666666666,0
709.6666666666666,0
681.9166666666666,0
707.9583333333334,0
707.9583333333334,0
707.5833333333334,0
708.3333333333334,0
708.375,0
676.6666666666666,0
709.5416666666666,0
707.5,0
707.7083333333334,0
708.0833333333334,0
676.8333333333334,0
708.1666666666666,0
708.1666666666666,0
707.875,0
676.7916666666666,0
708.375,0
708.1666666666666,0
707.9166666666666,0
709.9166666666666,0
708.0416666666666,0
708.0416666666666,0
709.75,0
676.25,0
709.5416666666666,0
708.125,0
707.7916666666666,0
707.875,0
707.9166666666666,0
709.875,0
708.125,0
708.2083333333334,0
708.125,0
707.6666666666666,0
707.8333333333334,0
707.9583333333334,0
682.125,0
708.0,0
707.5416666666666,0
708.0833333333334,0
707.5833333333334,0
707.9166666666666,0
682.125,0
676.625,0
707.7083333333334,0
643.125,0
708.0,0
643.5833333333334,0
643.2083333333334,0
707.9166666666666,0
708.0416666666666,0
682.25,0
682.25,0
681.5833333333334,0
708.3333333333334,0
675.7916666666666,0
676.5416666666666,0
682.1666666666666,0
707.9166666666666,0
682.2916666666666,0
707.875,0
708.4583333333334,0
708.2083333333334,0
707.9166666666666,0
708.25,0
708.0416666666666,0
707.6666666666666,0
643.4583333333334,0
682.0833333333334,0
707.625,0
682.25,0
707.9166666666666,0
682.0833333333334,0
682.0,0
682.125,0
682.0833333333334,0
643.5416666666666,0
709.7916666666666,0
709.9166666666666,0
675.7083333333334,0
681.5833333333334,0
676.5833333333334,0
677.9166666666666,0
676.75,0
682.0416666666666,0
677.875,0
676.5833333333334,0
676.5833333333334,0
678.0,0
676.4583333333334,0
676.25,0
677.7083333333334,0
682.0833333333334,0
676.5,0
676.4583333333334,0
681.75,0
470.3333333333333,0
681.6666666666666,0
681.8333333333334,0
677.625,0
682.2916666666666,0
676.25,0
682.3333333333334,0
675.8333333333334,0
682.4166666666666,0
675.9583333333334,0
677.7083333333334,0
675.7916666666666,0
675.75,0
682.375,0
682.3333333333334,0
677.7916666666666,0
681.7916666666666,0
682.3333333333334,0
676.25,0
681.7916666666666,0
681.5833333333334,0
681.625,0
676.0833333333334,0
675.7916666666666,0
682.4583333333334,0
677.6666666666666,0
681.8333333333334,0
681.625,0
682.125,0
675.9583333333334,0
677.7083333333334,0
676.2083333333334,0
681.7083333333334,0
681.6666666666666,0
682.2916666666666,0
678.25,0
677.7916666666666,0
682.0,0
677.6666666666666,0
676.0833333333334,0
675.9583333333334,0
681.625,0
682.4166666666666,0
682.3333333333334,0
681.8333333333334,0
675.9583333333334,0
682.2083333333334,0
682.375,0
677.75,0
681.7083333333334,0
682.4166666666666,0
677.6666666666666,0
682.4583333333334,0
676.2916666666666,0
677.8333333333334,0
676.125,0
677.7916666666666,0
675.9583333333334,0
676.0833333333334,0
677.8333333333334,0
681.7916666666666,0
677.75,0
682.375,0
677.8333333333334,0
681.75,0
669.375,0
681.9166666666666,0
676.25,0
675.75,0
677.625,0
677.625,0
676.0,0
682.0833333333334,0
681.7083333333334,0
678.25,0
677.7916666666666,0
677.75,0
669.7083333333334,0
656.6666666666666,0
669.875,0
669.9166666666666,0
657.0833333333334,0
470.3333333333333,0
658.6666666666666,0
576.2916666666666,0
503.5833333333333,0
503.7916666666667,0
600.125,0
600.2916666666666,0
600.7916666666666,0
542.5,0
469.9583333333333,0
571.9583333333334,0
576.0,0
600.9583333333334,0
542.7083333333334,0
600.4166666666666,0
575.625,0
542.9166666666666,0
600.7916666666666,0
600.5833333333334,0
542.125,0
600.875,0
600.5416666666666,0
600.75,0
600.8333333333334,0
575.9583333333334,0
576.125,0
575.8333333333334,0
599.3333333333334,0
576.5416666666666,0
542.625,0
600.625,0
600.8333333333334,0
600.9583333333334,0
600.9583333333334,0
600.9166666666666,0
542.75,0
600.7916666666666,0
542.6666666666666,0
542.4583333333334,0
575.625,0
566.4583333333334,0
576.7083333333334,0
542.625,0
600.4166666666666,0
604.8333333333334,0
566.8333333333334,0
542.3333333333334,0
571.1666666666666,0
542.0833333333334,0
570.9583333333334,0
576.8333333333334,0
542.375,0
576.0416666666666,0
566.5,0
597.4583333333334,0
468.6666666666667,0
468.625,0
600.2916666666666,0
600.25,0
604.8333333333334,0
576.6666666666666,0
542.375,0
567.4166666666666,0
600.0833333333334,0
468.7083333333333,0
600.375,0
600.1666666666666,0
566.875,0
469.9166666666667,0
600.2083333333334,0
566.3333333333334,0
600.2083333333334,0
575.5,0
600.125,0
542.3333333333334,0
597.4166666666666,0
470.125,0
597.6666666666666,0
600.4166666666666,0
571.4583333333334,0
542.2916666666666,0
597.875,0
600.0833333333334,0
576.6666666666666,0
542.8333333333334,0
470.25,0
469.0416666666667,0
600.75,0
571.5,0
542.5833333333334,0
567.3333333333334,0
575.7083333333334,0
567.125,0
600.5,0
575.75,0
576.2916666666666,0
542.5,0
542.4166666666666,0
576.25,0
575.8333333333334,0
575.75,0
576.0416666666666,0
542.5,0
576.625,0
542.2916666666666,0
542.625,0
542.375,0
542.7083333333334,0
575.8333333333334,0
542.125,0
542.625,0
542.7916666666666,0
542.4583333333334,0
542.2083333333334,0
542.5,0
542.625,0
542.4583333333334,0
575.875,0
583.4166666666666,0
571.5416666666666,0
542.1666666666666,0
542.5833333333334,0
566.9166666666666,0
542.9583333333334,0
575.8333333333334,0
542.2083333333334,0
583.0416666666666,0
571.7083333333334,0
571.9583333333334,0
575.4583333333334,0
583.0416666666666,0
583.7083333333334,0
600.75,0
583.6666666666666,0
582.8333333333334,0
583.5,0
568.4583333333334,0
567.1666666666666,0
600.6666666666666,0
601.0,0
567.125,0
571.5833333333334,0
567.375,0
576.2083333333334,0
571.375,0
583.125,0
583.625,0
583.75,0
583.2916666666666,0
600.3333333333334,0
583.7916666666666,0
571.5833333333334,0
583.5833333333334,0
567.125,0
571.75,0
583.1666666666666,0
583.25,0
583.9166666666666,0
580.2916666666666,0
571.5,0
583.625,0
572.0416666666666,0
583.5833333333334,0
583.5416666666666,0
583.375,0
583.1666666666666,0
583.25,0
600.3333333333334,0
571.5416666666666,0
583.7916666666666,0
571.625,0
583.3333333333334,0
567.0833333333334,0
542.7083333333334,0
571.8333333333334,0
572.0416666666666,0
580.375,0
583.5833333333334,0
583.2916666666666,0
580.4583333333334,0
584.125,0
583.375,0
571.4583333333334,0
583.6666666666666,0
583.2916666666666,0
576.0,0
571.2916666666666,0
571.6666666666666,0
571.5833333333334,0
571.7916666666666,0
571.4166666666666,0
583.9583333333334,0
583.0833333333334,0
571.7916666666666,0
583.75,0
571.7916666666666,0
583.9583333333334,0
571.7083333333334,0
571.75,0
572.4166666666666,0
583.7916666666666,0
567.0833333333334,0
571.5,0
542.375,0
575.9166666666666,0
566.9166666666666,0
575.7083333333334,0
573.0,0
575.9583333333334,0
542.625,0
583.75,0
513.4166666666666,0
577.0,0
576.0833333333334,0
218.79166666666666,0
542.625,0
543.0416666666666,0
567.0,0
436.75,0
566.625,0
600.4166666666666,0
567.0833333333334,0
583.3333333333334,0
583.75,0
567.2083333333334,0
572.1666666666666,0
600.875,0
567.25,0
567.125,0
571.375,0
571.875,0
567.2916666666666,0
583.7916666666666,0
600.1666666666666,0
583.7083333333334,0
567.25,0
600.2916666666666,0
567.2083333333334,0
583.8333333333334,0
571.4166666666666,0
567.0833333333334,0
567.1666666666666,0
583.7083333333334,0
576.0416666666666,0
571.5416666666666,0
567.4583333333334,0
576.375,0
575.875,0
576.3333333333334,0
542.4583333333334,0
542.3333333333334,0
575.5833333333334,0
467.9583333333333,0
534.0,0
576.4583333333334,0
576.4583333333334,0
567.0416666666666,0
568.2916666666666,0
576.5416666666666,0
542.3333333333334,0
575.875,0
566.8333333333334,0
576.0416666666666,0
267.4166666666667,0
503.75,0
570.5416666666666,0
567.0416666666666,0
502.4166666666667,0
502.125,0
217.91666666666666,0
221.45833333333334,0
217.66666666666666,0
218.29166666666666,0
217.625,0
217.54166666666666,0
515.25,0
503.0833333333333,0
474.9166666666667,0
504.0833333333333,0
468.3333333333333,0
503.2916666666667,0
503.8333333333333,0
468.3333333333333,0
503.4583333333333,0
417.5833333333333,0
503.375,0
503.5,0
504.0416666666667,0
503.5416666666667,0
375.2083333333333,0
503.625,0
476.0416666666667,0
503.4166666666667,0
474.5833333333333,0
503.7916666666667,0
468.75,0
503.5416666666667,0
468.7916666666667,0
503.875,0
474.7083333333333,0
468.7083333333333,0
503.5,0
468.3333333333333,0
503.375,0
503.5833333333333,0
503.9583333333333,0
478.1666666666667,0
503.3333333333333,0
478.125,0
503.5,0
503.9583333333333,0
503.3333333333333,0
503.7083333333333,0
503.875,0
503.1666666666667,0
375.25,0
480.9166666666667,0
481.2083333333333,0
503.8333333333333,0
475.7083333333333,0
503.5833333333333,0
475.6666666666667,0
475.625,0
504.125,0
503.7916666666667,0
468.25,0
503.375,0
468.75,0
481.0416666666667,0
475.0833333333333,0
503.5833333333333,0
503.625,0
480.9583333333333,0
503.75,0
468.7916666666667,0
475.0833333333333,0
503.7083333333333,0
503.625,0
503.7916666666667,0
503.9166666666667,0
503.8333333333333,0
503.7916666666667,0
503.5,0
217.5,0
474.875,0
374.625,0
475.0,0
468.5,0
503.3333333333333,0
474.9166666666667,0
503.9583333333333,0
504.25,0
474.9583333333333,0
375.2083333333333,0
475.2083333333333,0
504.3333333333333,0
503.75,0
468.3333333333333,0
503.4166666666667,0
375.2916666666667,0
503.4166666666667,0
476.0,0
475.8333333333333,0
474.7916666666667,0
503.5,0
503.5833333333333,0
468.875,0
504.1666666666667,0
503.375,0
474.7083333333333,0
503.9583333333333,0
503.7083333333333,0
481.375,0
503.5,0
503.625,0
468.0,0
477.8333333333333,0
476.125,0
468.0833333333333,0
397.125,0
217.45833333333334,0
375.25,0
476.0833333333333,0
468.75,0
504.2916666666667,0
503.4583333333333,0
477.9166666666667,0
468.5,0
468.7916666666667,0
481.1666666666667,0
476.0,0
503.625,0
474.7916666666667,0
474.8333333333333,0
481.3333333333333,0
481.375,0
503.75,0
503.1666666666667,0
477.8333333333333,0
503.5833333333333,0
503.5833333333333,0
475.7083333333333,0
217.95833333333334,0
217.04166666666666,0
474.7916666666667,0
468.4583333333333,0
475.2083333333333,0
475.5416666666667,0
375.2083333333333,0
468.3333333333333,0
375.2083333333333,0
467.8333333333333,0
468.5,0
474.7916666666667,0
475.7916666666667,0
217.83333333333334,0
474.8333333333333,0
503.7916666666667,0
474.9166666666667,0
503.7083333333333,0
474.75,0
468.7083333333333,0
467.75,0
503.5416666666667,0
503.7916666666667,0
503.5,0
468.375,0
504.2916666666667,0
439.125,0
503.8333333333333,0
503.5,0
503.8333333333333,0
503.875,0
503.4166666666667,0
217.41666666666666,0
481.2916666666667,0
217.79166666666666,0
217.58333333333334,0
503.5833333333333,0
218.58333333333334,0
503.2083333333333,0
503.5416666666667,0
467.7916666666667,0
217.29166666666666,0
468.0833333333333,0
474.7083333333333,0
220.33333333333334,0
503.6666666666667,0
503.7083333333333,0
467.875,0
475.375,0
433.2083333333333,0
474.9166666666667,0
480.7916666666667,0
468.8333333333333,0
468.5,0
468.6666666666667,0
467.9166666666667,0
475.0833333333333,0
468.2916666666667,0
503.7916666666667,0
474.6666666666667,0
474.75,0
467.9166666666667,0
418.0416666666667,0
475.375,0
468.0416666666667,0
474.5,0
474.5,0
503.3333333333333,0
474.875,0
503.6666666666667,0
468.25,0
474.75,0
504.0,0
467.875,0
221.29166666666666,0
218.29166666666666,0
438.1666666666667,0
474.875,0
468.1666666666667,0
468.2083333333333,0
503.375,0
468.6666666666667,0
468.0,0
468.4166666666667,0
475.2916666666667,0
468.5833333333333,0
468.5,0
218.375,0
217.375,0
467.7916666666667,0
468.2916666666667,0
475.25,0
475.0416666666667,0
217.58333333333334,0
467.8333333333333,0
503.6666666666667,0
503.9583333333333,0
468.875,0
468.375,0
474.7083333333333,0
218.625,0
468.4166666666667,0
468.1666666666667,0
503.7916666666667,0
475.2083333333333,0
219.25,0
503.8333333333333,0
474.7916666666667,0
503.9166666666667,0
503.9166666666667,0
474.75,0
503.625,0
468.4166666666667,0
468.375,0
503.5416666666667,0
475.1666666666667,0
467.8333333333333,0
367.0833333333333,0
467.9583333333333,0
471.2083333333333,0
468.6666666666667,0
475.6666666666667,0
439.5833333333333,0
418.2916666666667,0
297.8333333333333,0
468.7083333333333,0
439.3333333333333,0
218.16666666666666,0
218.83333333333334,0
417.9166666666667,0
439.5416666666667,0
375.0416666666667,0
417.25,0
440.0,0
439.6666666666667,0
418.7916666666667,0
439.2916666666667,0
439.375,0
418.0833333333333,0
417.9583333333333,0
417.5833333333333,0
375.0833333333333,0
417.125,0
418.125,0
374.4583333333333,0
417.5833333333333,0
437.7916666666667,0
417.625,0
440.125,0
417.9583333333333,0
438.0,0
438.9166666666667,0
418.0416666666667,0
422.6666666666667,0
417.625,0
417.7083333333333,0
417.75,0
417.5416666666667,0
426.5416666666667,0
417.8333333333333,0
417.25,0
439.0833333333333,0
417.875,0
417.75,0
417.4583333333333,0
417.6666666666667,0
417.6666666666667,0
417.9583333333333,0
417.5,0
417.5416666666667,0
417.7916666666667,0
417.5,0
417.6666666666667,0
417.5833333333333,0
417.5833333333333,0
437.875,0
417.75,0
417.625,0
418.4583333333333,0
437.9583333333333,0
417.2083333333333,0
439.0416666666667,0
417.5416666666667,0
417.5416666666667,0
417.4583333333333,0
417.3333333333333,0
418.0,0
375.125,0
419.2083333333333,0
417.7083333333333,0
417.5416666666667,0
438.9583333333333,0
418.4583333333333,0
417.375,0
417.9583333333333,0
417.7083333333333,0
439.375,0
374.75,0
417.7083333333333,0
418.375,0
417.9166666666667,0
417.625,0
417.125,0
417.625,0
417.4166666666667,0
417.25,0
419.1666666666667,0
417.2916666666667,0
417.375,0
419.5,0
417.4166666666667,0
417.4583333333333,0
417.25,0
422.625,0
419.2083333333333,0
417.625,0
438.0,0
438.9583333333333,0
417.5833333333333,0
417.3333333333333,0
417.9583333333333,0
422.9166666666667,0
374.625,0
417.9583333333333,0
417.4166666666667,0
419.25,0
417.9166666666667,0
417.625,0
417.4583333333333,0
418.0,0
417.625,0
417.9166666666667,0
417.9166666666667,0
419.4583333333333,0
417.625,0
417.5,0
422.7916666666667,0
418.0416666666667,0
422.8333333333333,0
417.9166666666667,0
417.0416666666667,0
418.0416666666667,0
418.125,0
417.625,0
417.4583333333333,0
417.9166666666667,0
418.4583333333333,0
439.4166666666667,0
417.375,0
417.5833333333333,0
417.7083333333333,0
417.25,0
437.875,0
439.4166666666667,0
418.0,0
417.7083333333333,0
417.5416666666667,0
417.6666666666667,0
417.875,0
439.125,0
417.8333333333333,0
418.375,0
417.6666666666667,0
417.4583333333333,0
417.875,0
417.5416666666667,0
439.1666666666667,0
439.625,0
417.9583333333333,0
417.7916666666667,0
417.9166666666667,0
419.2916666666667,0
417.7916666666667,0
419.125,0
417.7083333333333,0
417.7083333333333,0
417.625,0
417.5833333333333,0
417.5833333333333,0
417.4166666666667,0
438.25,0
439.625,0
417.4583333333333,0
438.0833333333333,0
418.0416666666667,0
417.625,0
417.8333333333333,0
419.75,0
417.625,0
437.9583333333333,0
417.9166666666667,0
417.4583333333333,0
417.5,0
417.3333333333333,0
417.7916666666667,0
417.5416666666667,0
417.8333333333333,0
417.7916666666667,0
417.2916666666667,0
417.5,0
417.875,0
417.5,0
417.7916666666667,0
417.5833333333333,0
437.875,0
417.75,0
417.375,0
438.0833333333333,0
440.1666666666667,0
419.125,0
417.75,0
417.5416666666667,0
417.4583333333333,0
437.8333333333333,0
439.1666666666667,0
417.5416666666667,0
439.5416666666667,0
417.7916666666667,0
417.9166666666667,0
417.25,0
418.0833333333333,0
437.625,0
439.4166666666667,0
417.9583333333333,0
417.7916666666667,0
439.2083333333333,0
417.6666666666667,0
418.2083333333333,0
417.4583333333333,0
419.1666666666667,0
417.4583333333333,0
417.7916666666667,0
417.9583333333333,0
439.0,0
417.25,0
374.9166666666667,0
417.6666666666667,0
438.3333333333333,0
417.2083333333333,0
438.0,0
417.9166666666667,0
437.875,0
439.6666666666667,0
374.6666666666667,0
417.4166666666667,0
437.875,0
417.6666666666667,0
417.625,0
439.75,0
418.375,0
417.5833333333333,0
417.5416666666667,0
417.625,0
418.0,0
417.6666666666667,0
437.7916666666667,0
417.7916666666667,0
417.9166666666667,0
439.8333333333333,0
417.4583333333333,0
417.9166666666667,0
418.2083333333333,0
417.6666666666667,0
418.125,0
417.5833333333333,0
417.5833333333333,0
417.6666666666667,0
417.875,0
437.7916666666667,0
439.1666666666667,0
417.625,0
417.2083333333333,0
417.7916666666667,0
417.5,0
439.125,0
417.7916666666667,0
418.25,0
417.5833333333333,0
417.7916666666667,0
417.9166666666667,0
417.7083333333333,0
417.7916666666667,0
438.2083333333333,0
439.0416666666667,0
417.5833333333333,0
417.375,0
417.4583333333333,0
417.4583333333333,0
374.9166666666667,0
374.375,0
375.1666666666667,0
375.2083333333333,0
374.5416666666667,0
374.3333333333333,0
374.9166666666667,0
417.6666666666667,0
417.375,0
417.2083333333333,0
417.375,0
417.5,0
418.3333333333333,0
418.1666666666667,0
417.8333333333333,0
417.6666666666667,0
374.5833333333333,0
374.8333333333333,0
417.5,0
417.5416666666667,0
417.875,0
417.875,0
374.625,0
417.6666666666667,0
417.8333333333333,0
417.9583333333333,0
417.5,0
418.0,0
417.6666666666667,0
375.5416666666667,0
374.4166666666667,0
374.75,0
374.5,0
397.0833333333333,0
419.7083333333333,0
374.9583333333333,0
374.625,0
419.5416666666667,0
418.0833333333333,0
396.5416666666667,0
374.5416666666667,0
374.4166666666667,0
419.5833333333333,0
374.875,0
418.2916666666667,0
419.875,0
438.5416666666667,0
417.4166666666667,0
421.25,0
421.0416666666667,0
418.9583333333333,0
418.4166666666667,0
418.4583333333333,0
421.2083333333333,0
417.4583333333333,0
422.9583333333333,0
418.5416666666667,0
422.6666666666667,0
422.9166666666667,0
421.0,0
422.75,0
417.7083333333333,0
418.7916666666667,0
418.875,0
417.4166666666667,0
418.8333333333333,0
417.3333333333333,0
417.375,0
418.375,0
422.8333333333333,0
420.9583333333333,0
417.4583333333333,0
422.625,0
422.7916666666667,0
417.3333333333333,0
423.0416666666667,0
422.6666666666667,0
420.7083333333333,0
417.5,0
417.75,0
418.375,0
417.25,0
418.7083333333333,0
422.8333333333333,0
417.7083333333333,0
418.875,0
417.7083333333333,0
420.9166666666667,0
417.5,0
420.9583333333333,0
417.5416666666667,0
418.5833333333333,0
418.4166666666667,0
418.75,0
420.9583333333333,0
422.9583333333333,0
418.8333333333333,0
422.4583333333333,0
422.75,0
418.625,0
420.7083333333333,0
421.0,0
418.3333333333333,0
420.9166666666667,0
417.375,0
417.375,0
417.375,0
417.4166666666667,0
418.5,0
418.4166666666667,0
417.2916666666667,0
418.375,0
418.3333333333333,0
52.375,0
421.125,0
422.5833333333333,0
422.5833333333333,0
418.625,0
418.5,0
361.5,0
421.125,0
418.5833333333333,0
417.2916666666667,0
417.5416666666667,0
420.8333333333333,0
417.375,0
422.5833333333333,0
422.5416666666667,0
422.5,0
52.375,0
417.625,0
422.7083333333333,0
417.375,0
418.5833333333333,0
418.4583333333333,0
421.0833333333333,0
422.875,0
422.75,0
420.8333333333333,0
417.7083333333333,0
422.5,0
421.25,0
420.6666666666667,0
421.125,0
421.2916666666667,0
421.125,0
417.5416666666667,0
418.75,0
418.7083333333333,0
422.5,0
418.75,0
417.3333333333333,0
421.25,0
420.7916666666667,0
421.0,0
420.875,0
417.4166666666667,0
417.3333333333333,0
420.6666666666667,0
422.625,0
417.3333333333333,0
420.875,0
420.9166666666667,0
421.2083333333333,0
417.375,0
418.9166666666667,0
418.8333333333333,0
421.1666666666667,0
417.375,0
418.5416666666667,0
420.75,0
417.75,0
417.4166666666667,0
417.2916666666667,0
420.75,0
418.4583333333333,0
417.625,0
420.7083333333333,0
417.3333333333333,0
420.7916666666667,0
421.25,0
417.875,0
420.7083333333333,0
417.5416666666667,0
418.625,0
417.5416666666667,0
420.9583333333333,0
421.0,0
421.125,0
421.25,0
420.875,0
418.9583333333333,0
418.5416666666667,0
422.9583333333333,0
420.875,0
422.9583333333333,0
421.1666666666667,0
418.5,0
421.0416666666667,0
417.3333333333333,0
422.5416666666667,0
418.7083333333333,0
417.75,0
417.4583333333333,0
420.75,0
417.7083333333333,0
418.7083333333333,0
421.1666666666667,0
417.4166666666667,0
423.0,0
422.9583333333333,0
417.375,0
247.58333333333334,0
418.9166666666667,0
361.7916666666667,0
417.4583333333333,0
417.625,0
417.6666666666667,0
422.9166666666667,0
422.9166666666667,0
418.4166666666667,0
417.875,0
418.9166666666667,0
421.0833333333333,0
418.625,0
418.875,0
420.8333333333333,0
418.6666666666667,0
420.9583333333333,0
421.2083333333333,0
421.0416666666667,0
417.6666666666667,0
420.7916666666667,0
420.6666666666667,0
418.5416666666667,0
421.0416666666667,0
422.5833333333333,0
417.6666666666667,0
421.0833333333333,0
219.33333333333334,0
244.875,0
217.83333333333334,0
217.83333333333334,0
217.625,0
217.91666666666666,0
217.875,0
219.29166666666666,0
217.95833333333334,0
217.875,0
217.66666666666666,0
218.0,0
217.75,0
219.375,0
218.125,0
219.33333333333334,0
218.79166666666666,0
329.2083333333333,0
219.0,0
217.83333333333334,0
217.70833333333334,0
217.70833333333334,0
217.79166666666666,0
220.08333333333334,0
218.16666666666666,0
218.75,0
217.91666666666666,0
217.66666666666666,0
217.91666666666666,0
217.95833333333334,0
217.75,0
217.83333333333334,0
217.79166666666666,0
217.875,0
217.79166666666666,0
219.0,0
217.875,0
219.29166666666666,0
217.79166666666666,0
217.75,0
217.58333333333334,0
217.83333333333334,0
217.83333333333334,0
217.70833333333334,0
218.83333333333334,0
218.79166666666666,0
219.33333333333334,0
218.70833333333334,0
220.125,0
217.75,0
217.83333333333334,0
217.75,0
217.875,0
217.79166666666666,0
396.375,0
397.5416666666667,0
218.20833333333334,0
396.9166666666667,0
218.20833333333334,0
396.5,0
397.4166666666667,0
396.5,0
217.58333333333334,0
397.75,0
218.20833333333334,0
397.7083333333333,0
396.625,0
396.4166666666667,0
397.9583333333333,0
396.2083333333333,0
397.875,0
397.375,0
396.5,0
396.6666666666667,0
396.9166666666667,0
397.1666666666667,0
397.5416666666667,0
396.75,0
217.79166666666666,0
217.66666666666666,0
397.0833333333333,0
397.7083333333333,0
397.9583333333333,0
396.4166666666667,0
397.5416666666667,0
397.3333333333333,0
397.1666666666667,0
397.1666666666667,0
217.875,0
396.4166666666667,0
396.875,0
397.125,0
396.1666666666667,0
396.75,0
396.375,0
396.7083333333333,0
396.3333333333333,0
396.6666666666667,0
397.125,0
398.0,0
397.9166666666667,0
397.625,0
397.4583333333333,0
217.5,0
396.2916666666667,0
396.5,0
397.3333333333333,0
396.3333333333333,0
217.41666666666666,0
217.33333333333334,0
396.9166666666667,0
396.375,0
397.0833333333333,0
396.7083333333333,0
397.5,0
396.7083333333333,0
396.7083333333333,0
397.7083333333333,0
397.4166666666667,0
397.875,0
396.5,0
396.375,0
397.5833333333333,0
397.875,0
396.5,0
398.1666666666667,0
397.5416666666667,0
396.375,0
397.5,0
396.7916666666667,0
396.8333333333333,0
397.4166666666667,0
396.875,0
397.125,0
396.6666666666667,0
397.375,0
396.6666666666667,0
397.5416666666667,0
397.25,0
396.2916666666667,0
396.2916666666667,0
397.8333333333333,0
396.4166666666667,0
397.375,0
397.5,0
396.5,0
396.5833333333333,0
396.375,0
396.3333333333333,0
397.5,0
396.8333333333333,0
217.5,0
397.6666666666667,0
397.6666666666667,0
396.4583333333333,0
397.625,0
397.4583333333333,0
396.3333333333333,0
396.5,0
396.5416666666667,0
397.625,0
396.4583333333333,0
397.0833333333333,0
397.3333333333333,0
397.6666666666667,0
396.5833333333333,0
396.375,0
396.2916666666667,0
396.5416666666667,0
398.0416666666667,0
396.0833333333333,0
396.5,0
396.9583333333333,0
396.8333333333333,0
398.125,0
396.5833333333333,0
396.75,0
396.875,0
397.5,0
397.75,0
396.5,0
217.54166666666666,0
396.6666666666667,0
396.5,0
396.5416666666667,0
396.8333333333333,0
397.2083333333333,0
397.4583333333333,0
398.0416666666667,0
397.25,0
217.83333333333334,0
397.2083333333333,0
396.75,0
396.6666666666667,0
396.875,0
396.8333333333333,0
397.2083333333333,0
396.375,0
397.4583333333333,0
398.1666666666667,0
397.9166666666667,0
397.9166666666667,0
396.3333333333333,0
398.125,0
397.5,0
397.7916666666667,0
396.75,0
217.375,0
396.7916666666667,0
396.4166666666667,0
397.875,0
396.4583333333333,0
396.0833333333333,0
397.7083333333333,0
396.3333333333333,0
396.7083333333333,0
396.6666666666667,0
396.625,0
397.75,0
396.7083333333333,0
396.9166666666667,0
397.5416666666667,0
396.375,0
396.875,0
396.3333333333333,0
396.7083333333333,0
397.1666666666667,0
397.2083333333333,0
397.5833333333333,0
397.625,0
396.9583333333333,0
396.4166666666667,0
396.5416666666667,0
396.625,0
397.0,0
397.625,0
396.9166666666667,0
397.625,0
217.33333333333334,0
396.7083333333333,0
397.4583333333333,0
396.6666666666667,0
396.375,0
397.75,0
397.5,0
397.625,0
396.6666666666667,0
397.4583333333333,0
396.5,0
397.0416666666667,0
398.0833333333333,0
396.6666666666667,0
397.9166666666667,0
397.9166666666667,0
396.125,0
397.875,0
396.3333333333333,0
396.7916666666667,0
396.8333333333333,0
396.5,0
396.625,0
397.25,0
217.70833333333334,0
397.875,0
396.2916666666667,0
397.5833333333333,0
396.4166666666667,0
396.375,0
396.375,0
397.125,0
396.3333333333333,0
398.0833333333333,0
396.4166666666667,0
397.625,0
397.2916666666667,0
396.6666666666667,0
397.9583333333333,0
397.625,0
397.6666666666667,0
396.9166666666667,0
396.4166666666667,0
396.6666666666667,0
396.7916666666667,0
396.7083333333333,0
396.75,0
397.6666666666667,0
397.4166666666667,0
396.375,0
396.3333333333333,0
397.875,0
396.1666666666667,0
396.9583333333333,0
396.75,0
396.7083333333333,0
217.58333333333334,0
396.8333333333333,0
396.1666666666667,0
397.3333333333333,0
396.5833333333333,0
396.625,0
396.625,0
398.1666666666667,0
396.3333333333333,0
396.5416666666667,0
398.0,0
396.6666666666667,0
397.7083333333333,0
397.2916666666667,0
396.6666666666667,0
396.625,0
396.4166666666667,0
397.9166666666667,0
397.3333333333333,0
397.9583333333333,0
396.8333333333333,0
112.20833333333333,0
397.9166666666667,0
397.9166666666667,0
396.625,0
396.3333333333333,0
397.1666666666667,0
397.5833333333333,0
396.3333333333333,0
396.375,0
396.5833333333333,0
397.2916666666667,0
217.375,0
396.4166666666667,0
396.8333333333333,0
398.0,0
396.5,0
397.6666666666667,0
396.5,0
396.6666666666667,0
396.4166666666667,0
396.4583333333333,0
398.0416666666667,0
397.625,0
217.375,0
397.5,0
396.4583333333333,0
217.33333333333334,0
397.6666666666667,0
396.375,0
396.4166666666667,0
397.5416666666667,0
397.7916666666667,0
396.7083333333333,0
397.875,0
397.5833333333333,0
217.58333333333334,0
396.5,0
396.6666666666667,0
396.5833333333333,0
396.7083333333333,0
397.4166666666667,0
396.125,0
396.3333333333333,0
397.7083333333333,0
397.3333333333333,0
397.2083333333333,0
396.7916666666667,0
396.9583333333333,0
396.5416666666667,0
396.7916666666667,0
397.625,0
396.3333333333333,0
397.7083333333333,0
396.75,0
396.2916666666667,0
396.75,0
397.125,0
396.4583333333333,0
397.0833333333333,0
396.0416666666667,0
397.4583333333333,0
396.9583333333333,0
397.6666666666667,0
397.25,0
397.75,0
397.5833333333333,0
396.875,0
396.3333333333333,0
397.6666666666667,0
397.625,0
397.5416666666667,0
397.8333333333333,0
397.5833333333333,0
396.2916666666667,0
397.6666666666667,0
396.5416666666667,0
397.25,0
396.4583333333333,0
397.8333333333333,0
396.7083333333333,0
217.41666666666666,0
396.875,0
396.7916666666667,0
398.125,0
396.5416666666667,0
396.6666666666667,0
396.625,0
397.3333333333333,0
397.4166666666667,0
217.29166666666666,0
396.625,0
398.0833333333333,0
396.5416666666667,0
397.5416666666667,0
397.7916666666667,0
396.375,0
397.375,0
396.6666666666667,0
396.5,0
396.5833333333333,0
396.375,0
396.6666666666667,0
396.5833333333333,0
396.5416666666667,0
397.4166666666667,0
397.9583333333333,0
397.5416666666667,0
396.9583333333333,0
397.8333333333333,0
397.5833333333333,0
397.5833333333333,0
397.75,0
396.4166666666667,0
396.625,0
397.8333333333333,0
397.5833333333333,0
398.125,0
397.5833333333333,0
396.7916666666667,0
397.375,0
397.7083333333333,0
396.4166666666667,0
396.5833333333333,0
396.2083333333333,0
397.375,0
397.4583333333333,0
396.1666666666667,0
217.54166666666666,0
397.5416666666667,0
396.4583333333333,0
397.375,0
396.7916666666667,0
396.5416666666667,0
397.5416666666667,0
397.7916666666667,0
396.4583333333333,0
397.2916666666667,0
397.7083333333333,0
396.7916666666667,0
396.7916666666667,0
396.8333333333333,0
397.8333333333333,0
396.4583333333333,0
397.4166666666667,0
396.7916666666667,0
397.8333333333333,0
397.9583333333333,0
398.0833333333333,0
397.625,0
396.625,0
396.9166666666667,0
396.4583333333333,0
396.0833333333333,0
220.20833333333334,0
312.0416666666667,0
219.75,0
220.0,0
217.95833333333334,0
220.04166666666666,0
276.5833333333333,0
219.79166666666666,0
220.33333333333334,0
219.79166666666666,0
219.95833333333334,0
219.91666666666666,0
103.0,0
219.91666666666666,0
219.70833333333334,0
314.0,0
174.875,0
306.5833333333333,0
313.5416666666667,0
305.1666666666667,0
304.9166666666667,0
314.75,0
313.0416666666667,0
304.7916666666667,0
313.5416666666667,0
175.16666666666666,0
304.7916666666667,0
304.7916666666667,0
174.91666666666666,0
175.83333333333334,0
304.9583333333333,0
304.7916666666667,0
304.75,0
305.0833333333333,0
305.0416666666667,0
306.3333333333333,0
313.9583333333333,0
304.3333333333333,0
311.9583333333333,0
174.58333333333334,0
305.5,0
311.8333333333333,0
304.5,0
311.6666666666667,0
304.4583333333333,0
305.5833333333333,0
304.4583333333333,0
305.9166666666667,0
304.9166666666667,0
305.0,0
174.70833333333334,0
174.70833333333334,0
304.9583333333333,0
313.4166666666667,0
304.5833333333333,0
306.5416666666667,0
305.0,0
174.75,0
304.7916666666667,0
304.375,0
175.58333333333334,0
304.9166666666667,0
304.9583333333333,0
311.875,0
304.9583333333333,0
174.79166666666666,0
304.8333333333333,0
304.625,0
313.7916666666667,0
304.5,0
314.0,0
304.3333333333333,0
304.5833333333333,0
313.3333333333333,0
305.1666666666667,0
174.83333333333334,0
304.4166666666667,0
304.5416666666667,0
305.0416666666667,0
312.7083333333333,0
304.4166666666667,0
311.5,0
306.25,0
218.54166666666666,0
304.4166666666667,0
313.4583333333333,0
306.4166666666667,0
306.2916666666667,0
175.04166666666666,0
305.5833333333333,0
216.54166666666666,0
218.375,0
304.75,0
175.0,0
216.45833333333334,0
314.0,0
216.91666666666666,0
313.9583333333333,0
312.125,0
216.83333333333334,0
174.91666666666666,0
305.6666666666667,0
313.7916666666667,0
313.625,0
306.625,0
176.375,0
305.5833333333333,0
313.0,0
313.4166666666667,0
312.4166666666667,0
174.79166666666666,0
304.7916666666667,0
305.6666666666667,0
174.83333333333334,0
254.58333333333334,0
164.79166666666666,0
305.25,0
312.875,0
304.5833333333333,0
176.0,0
304.5833333333333,0
304.4166666666667,0
216.5,0
306.0833333333333,0
216.70833333333334,0
304.6666666666667,0
314.4166666666667,0
305.7083333333333,0
216.25,0
304.9166666666667,0
304.5833333333333,0
314.3333333333333,0
218.875,0
313.625,0
304.1666666666667,0
313.375,0
314.25,0
176.625,0
304.7916666666667,0
174.58333333333334,0
304.7083333333333,0
313.5,0
218.125,0
313.75,0
313.8333333333333,0
313.5,0
304.7916666666667,0
216.54166666666666,0
174.66666666666666,0
306.125,0
176.41666666666666,0
174.91666666666666,0
218.33333333333334,0
176.79166666666666,0
312.5,0
174.75,0
313.0,0
306.2083333333333,0
312.2083333333333,0
174.54166666666666,0
305.0416666666667,0
174.54166666666666,0
313.6666666666667,0
306.375,0
312.5833333333333,0
176.29166666666666,0
216.83333333333334,0
305.4583333333333,0
313.375,0
314.5416666666667,0
174.875,0
304.6666666666667,0
313.0,0
304.125,0
304.5416666666667,0
313.4166666666667,0
174.66666666666666,0
175.25,0
314.7916666666667,0
306.5416666666667,0
305.0,0
305.4166666666667,0
313.375,0
175.75,0
174.83333333333334,0
220.16666666666666,0
216.91666666666666,0
312.2916666666667,0
312.6666666666667,0
176.125,0
304.3333333333333,0
306.0833333333333,0
218.5,0
313.4583333333333,0
304.4583333333333,0
305.625,0
216.91666666666666,0
175.75,0
305.5416666666667,0
314.0,0
176.16666666666666,0
314.375,0
218.54166666666666,0
311.4583333333333,0
176.375,0
306.125,0
313.5416666666667,0
220.0,0
304.3333333333333,0
312.4166666666667,0
216.95833333333334,0
304.5416666666667,0
313.5416666666667,0
175.54166666666666,0
312.8333333333333,0
312.8333333333333,0
314.0,0
304.375,0
306.25,0
216.91666666666666,0
218.66666666666666,0
216.625,0
312.0,0
313.5,0
176.79166666666666,0
218.41666666666666,0
176.70833333333334,0
218.75,0
174.91666666666666,0
306.2083333333333,0
306.2083333333333,0
304.7083333333333,0
304.625,0
306.0,0
176.54166666666666,0
174.70833333333334,0
306.375,0
313.4583333333333,0
313.875,0
304.625,0
312.7083333333333,0
305.7083333333333,0
304.7916666666667,0
305.5,0
304.9166666666667,0
176.625,0
305.9583333333333,0
312.0,0
313.5833333333333,0
174.83333333333334,0
312.0416666666667,0
216.75,0
174.79166666666666,0
306.2916666666667,0
306.0833333333333,0
218.66666666666666,0
304.4166666666667,0
174.66666666666666,0
174.875,0
305.4166666666667,0
216.75,0
174.66666666666666,0
218.54166666666666,0
304.9583333333333,0
306.0,0
312.0,0
311.8333333333333,0
314.125,0
312.9166666666667,0
216.79166666666666,0
174.625,0
304.8333333333333,0
174.95833333333334,0
176.95833333333334,0
174.79166666666666,0
304.2083333333333,0
313.1666666666667,0
313.75,0
305.8333333333333,0
304.4583333333333,0
216.75,0
305.625,0
175.91666666666666,0
176.70833333333334,0
305.875,0
220.04166666666666,0
304.6666666666667,0
313.4166666666667,0
216.5,0
304.4583333333333,0
305.5,0
314.25,0
305.0416666666667,0
217.0,0
314.375,0
312.4583333333333,0
174.91666666666666,0
304.8333333333333,0
175.91666666666666,0
176.91666666666666,0
312.625,0
176.41666666666666,0
304.75,0
313.0833333333333,0
312.5,0
176.04166666666666,0
174.91666666666666,0
176.75,0
176.875,0
313.9166666666667,0
304.375,0
313.625,0
312.0,0
304.7916666666667,0
313.7916666666667,0
314.0833333333333,0
216.95833333333334,0
312.4583333333333,0
304.875,0
174.625,0
174.54166666666666,0
304.3333333333333,0
218.70833333333334,0
304.625,0
313.5,0
311.9583333333333,0
218.875,0
216.625,0
314.0416666666667,0
218.91666666666666,0
312.4166666666667,0
306.2916666666667,0
305.5833333333333,0
306.3333333333333,0
216.41666666666666,0
218.66666666666666,0
177.0,0
311.6666666666667,0
175.0,0
304.25,0
313.75,0
305.2916666666667,0
174.91666666666666,0
313.875,0
176.375,0
306.2083333333333,0
174.95833333333334,0
312.3333333333333,0
304.7083333333333,0
305.7083333333333,0
314.7083333333333,0
304.7083333333333,0
175.20833333333334,0
306.3333333333333,0
176.875,0
313.7916666666667,0
312.2916666666667,0
313.875,0
313.625,0
176.54166666666666,0
314.5833333333333,0
305.4166666666667,0
175.125,0
314.5,0
304.5416666666667,0
306.4583333333333,0
311.7083333333333,0
304.375,0
305.875,0
216.41666666666666,0
306.125,0
313.0,0
304.4583333333333,0
313.6666666666667,0
216.83333333333334,0
216.33333333333334,0
313.0,0
176.45833333333334,0
176.54166666666666,0
175.83333333333334,0
306.2083333333333,0
216.66666666666666,0
174.375,0
305.5416666666667,0
304.9166666666667,0
216.45833333333334,0
311.9166666666667,0
176.5,0
304.7083333333333,0
314.0416666666667,0
312.5833333333333,0
218.625,0
314.2916666666667,0
313.75,0
216.45833333333334,0
312.5833333333333,0
306.0416666666667,0
312.0,0
312.6666666666667,0
305.625,0
305.0833333333333,0
304.3333333333333,0
313.1666666666667,0
306.25,0
304.125,0
304.7083333333333,0
305.5833333333333,0
306.0833333333333,0
312.2916666666667,0
314.4583333333333,0
305.75,0
306.0,0
304.5416666666667,0
174.79166666666666,0
176.5,0
175.83333333333334,0
304.9166666666667,0
313.625,0
312.0833333333333,0
216.5,0
216.45833333333334,0
217.04166666666666,0
176.75,0
175.08333333333334,0
305.2083333333333,0
313.7916666666667,0
312.5416666666667,0
304.75,0
306.0416666666667,0
304.5,0
305.0833333333333,0
218.54166666666666,0
216.66666666666666,0
304.5416666666667,0
312.5,0
314.6666666666667,0
314.5416666666667,0
304.8333333333333,0
218.375,0
306.2916666666667,0
313.375,0
306.0833333333333,0
175.20833333333334,0
304.125,0
313.7083333333333,0
228.58333333333334,0
305.75,0
314.2916666666667,0
174.625,0
176.41666666666666,0
306.5,0
305.2083333333333,0
313.625,0
311.5416666666667,0
305.6666666666667,0
305.0416666666667,0
306.0,0
312.9583333333333,0
304.8333333333333,0
314.3333333333333,0
305.7916666666667,0
306.125,0
305.1666666666667,0
175.66666666666666,0
313.75,0
304.6666666666667,0
306.4583333333333,0
313.5833333333333,0
176.66666666666666,0
304.6666666666667,0
174.58333333333334,0
176.41666666666666,0
216.79166666666666,0
312.0416666666667,0
313.125,0
304.9166666666667,0
306.0416666666667,0
218.5,0
175.83333333333334,0
305.8333333333333,0
311.5,0
314.75,0
176.33333333333334,0
311.7916666666667,0
304.625,0
304.9583333333333,0
175.16666666666666,0
218.5,0
313.4166666666667,0
304.8333333333333,0
313.0,0
313.9583333333333,0
313.5416666666667,0
313.875,0
313.4583333333333,0
216.91666666666666,0
311.8333333333333,0
174.5,0
304.5,0
304.1666666666667,0
176.08333333333334,0
305.5416666666667,0
305.7083333333333,0
312.25,0
176.33333333333334,0
217.125,0
304.125,0
313.0416666666667,0
174.70833333333334,0
216.375,0
305.875,0
174.83333333333334,0
314.125,0
305.875,0
305.5833333333333,0
311.5416666666667,0
306.5,0
305.0416666666667,0
312.7083333333333,0
304.9583333333333,0
176.33333333333334,0
304.0833333333333,0
306.625,0
313.8333333333333,0
306.5833333333333,0
216.33333333333334,0
306.375,0
175.75,0
174.79166666666666,0
174.375,0
312.2083333333333,0
312.0,0
313.0833333333333,0
312.7916666666667,0
305.5,0
311.6666666666667,0
306.0,0
304.5,0
312.4166666666667,0
314.625,0
174.75,0
174.83333333333334,0
304.9583333333333,0
306.5833333333333,0
175.83333333333334,0
305.125,0
313.6666666666667,0
175.08333333333334,0
304.4583333333333,0
314.4166666666667,0
313.4166666666667,0
216.79166666666666,0
176.29166666666666,0
314.2916666666667,0
174.79166666666666,0
313.7916666666667,0
305.6666666666667,0
313.7916666666667,0
305.0416666666667,0
313.75,0
313.9166666666667,0
176.375,0
174.70833333333334,0
312.4583333333333,0
305.0416666666667,0
313.6666666666667,0
311.5416666666667,0
311.9166666666667,0
175.20833333333334,0
216.375,0
304.875,0
314.125,0
313.2916666666667,0
176.20833333333334,0
312.2083333333333,0
174.83333333333334,0
304.5833333333333,0
314.375,0
312.0833333333333,0
174.375,0
306.125,0
313.4583333333333,0
219.83333333333334,0
174.70833333333334,0
216.5,0
314.6666666666667,0
175.0,0
304.6666666666667,0
175.0,0
305.5,0
218.5,0
305.7083333333333,0
174.75,0
304.875,0
305.7083333333333,0
216.54166666666666,0
313.7083333333333,0
174.79166666666666,0
176.79166666666666,0
174.54166666666666,0
174.625,0
304.4583333333333,0
305.4583333333333,0
312.9166666666667,0
174.41666666666666,0
311.5416666666667,0
176.125,0
174.66666666666666,0
304.8333333333333,0
312.25,0
304.6666666666667,0
176.70833333333334,0
305.9583333333333,0
218.41666666666666,0
314.0,0
312.4166666666667,0
305.5,0
219.75,0
306.5,0
305.375,0
313.5416666666667,0
305.75,0
176.125,0
304.5,0
175.20833333333334,0
313.5833333333333,0
218.33333333333334,0
174.58333333333334,0
216.75,0
312.1666666666667,0
306.0833333333333,0
313.5833333333333,0
304.7083333333333,0
174.91666666666666,0
306.5,0
217.0,0
174.79166666666666,0
312.0833333333333,0
176.125,0
306.5,0
304.9166666666667,0
175.04166666666666,0
306.0416666666667,0
305.7916666666667,0
313.625,0
304.875,0
175.16666666666666,0
216.79166666666666,0
305.125,0
304.4583333333333,0
175.04166666666666,0
176.5,0
175.95833333333334,0
313.1666666666667,0
313.7916666666667,0
176.70833333333334,0
312.75,0
174.70833333333334,0
175.20833333333334,0
304.0833333333333,0
311.8333333333333,0
305.0833333333333,0
304.625,0
306.0833333333333,0
176.04166666666666,0
174.66666666666666,0
175.25,0
304.9583333333333,0
313.875,0
304.5833333333333,0
313.625,0
305.2916666666667,0
216.83333333333334,0
313.7083333333333,0
176.95833333333334,0
313.75,0
305.0,0
313.0416666666667,0
174.41666666666666,0
304.1666666666667,0
304.875,0
304.9583333333333,0
305.875,0
304.9583333333333,0
216.70833333333334,0
313.4583333333333,0
220.75,0
224.04166666666666,0
305.5,0
314.2916666666667,0
305.8333333333333,0
304.875,0
305.125,0
314.0,0
304.4166666666667,0
305.9583333333333,0
218.95833333333334,0
304.75,0
305.5833333333333,0
304.2083333333333,0
304.5,0
218.70833333333334,0
312.8333333333333,0
313.625,0
218.58333333333334,0
313.5416666666667,0
304.4166666666667,0
311.4166666666667,0
174.875,0
312.9583333333333,0
313.0416666666667,0
216.5,0
311.7083333333333,0
175.875,0
313.875,0
176.79166666666666,0
305.0416666666667,0
305.625,0
216.79166666666666,0
306.25,0
176.91666666666666,0
304.625,0
306.0416666666667,0
314.2916666666667,0
306.125,0
306.375,0
218.625,0
175.04166666666666,0
305.875,0
305.4166666666667,0
313.0833333333333,0
306.0,0
174.875,0
304.5,0
175.70833333333334,0
314.3333333333333,0
313.125,0
311.5416666666667,0
174.75,0
218.83333333333334,0
312.875,0
305.875,0
306.0,0
174.45833333333334,0
304.625,0
313.75,0
304.1666666666667,0
312.5833333333333,0
304.7083333333333,0
304.8333333333333,0
107.75,0
314.25,0
304.9583333333333,0
174.95833333333334,0
313.1666666666667,0
174.91666666666666,0
312.7916666666667,0
176.5,0
313.7083333333333,0
174.66666666666666,0
216.41666666666666,0
313.375,0
175.0,0
304.6666666666667,0
176.41666666666666,0
217.04166666666666,0
176.41666666666666,0
174.75,0
313.8333333333333,0
314.2916666666667,0
218.41666666666666,0
217.91666666666666,0
312.75,0
218.625,0
313.2916666666667,0
306.25,0
313.0833333333333,0
311.7916666666667,0
313.6666666666667,0
313.125,0
313.9166666666667,0
304.7083333333333,0
312.7916666666667,0
305.5416666666667,0
176.58333333333334,0
304.375,0
312.8333333333333,0
175.375,0
305.625,0
304.3333333333333,0
218.91666666666666,0
176.75,0
313.625,0
314.5,0
305.75,0
306.4166666666667,0
305.5416666666667,0
306.0,0
313.5,0
306.0416666666667,0
174.83333333333334,0
312.75,0
312.875,0
304.9166666666667,0
304.5416666666667,0
306.0,0
311.6666666666667,0
216.66666666666666,0
174.83333333333334,0
174.66666666666666,0
305.5,0
314.125,0
174.66666666666666,0
216.41666666666666,0
305.2083333333333,0
305.0,0
304.4583333333333,0
313.2083333333333,0
305.0,0
175.16666666666666,0
305.625,0
175.04166666666666,0
305.625,0
305.9583333333333,0
216.875,0
313.7083333333333,0
313.7083333333333,0
216.625,0
306.1666666666667,0
306.4166666666667,0
306.3333333333333,0
313.6666666666667,0
306.0416666666667,0
313.625,0
312.9583333333333,0
218.79166666666666,0
218.33333333333334,0
216.66666666666666,0
306.3333333333333,0
305.6666666666667,0
174.5,0
176.45833333333334,0
314.0,0
304.875,0
175.125,0
174.5,0
313.7083333333333,0
313.6666666666667,0
305.5,0
216.375,0
313.8333333333333,0
305.0416666666667,0
305.875,0
312.625,0
306.0,0
313.5416666666667,0
304.1666666666667,0
198.95833333333334,0
175.04166666666666,0
312.8333333333333,0
305.3333333333333,0
313.2083333333333,0
313.5833333333333,0
218.41666666666666,0
304.6666666666667,0
176.04166666666666,0
218.33333333333334,0
304.5,0
305.9166666666667,0
175.04166666666666,0
313.75,0
174.95833333333334,0
175.125,0
304.2916666666667,0
305.9583333333333,0
305.0416666666667,0
217.125,0
305.9583333333333,0
313.5416666666667,0
313.7916666666667,0
174.54166666666666,0
313.8333333333333,0
313.2083333333333,0
306.0833333333333,0
174.54166666666666,0
176.83333333333334,0
175.125,0
218.70833333333334,0
175.0,0
176.70833333333334,0
313.2083333333333,0
313.5833333333333,0
312.75,0
218.91666666666666,0
176.16666666666666,0
312.625,0
304.6666666666667,0
174.66666666666666,0
311.5,0
218.45833333333334,0
313.625,0
304.9166666666667,0
176.33333333333334,0
175.20833333333334,0
218.83333333333334,0
218.875,0
175.70833333333334,0
312.75,0
216.625,0
176.08333333333334,0
305.1666666666667,0
306.0416666666667,0
306.5416666666667,0
314.25,0
176.625,0
175.16666666666666,0
305.2916666666667,0
174.45833333333334,0
304.2916666666667,0
313.4166666666667,0
216.29166666666666,0
218.375,0
174.79166666666666,0
174.875,0
311.875,0
176.625,0
313.5416666666667,0
313.8333333333333,0
305.9166666666667,0
311.6666666666667,0
305.875,0
304.5833333333333,0
313.7916666666667,0
313.5833333333333,0
304.9583333333333,0
304.625,0
305.25,0
311.5,0
306.0416666666667,0
305.7083333333333,0
304.5833333333333,0
218.5,0
218.83333333333334,0
220.25,0
304.625,0
174.66666666666666,0
313.9166666666667,0
175.83333333333334,0
218.70833333333334,0
176.58333333333334,0
216.33333333333334,0
176.0,0
174.95833333333334,0
174.54166666666666,0
313.5416666666667,0
314.125,0
304.5,0
312.9583333333333,0
218.70833333333334,0
304.875,0
216.5,0
305.625,0
313.9583333333333,0
175.16666666666666,0
311.9583333333333,0
312.0,0
305.5416666666667,0
176.58333333333334,0
304.5416666666667,0
312.75,0
174.75,0
313.7083333333333,0
313.2916666666667,0
174.75,0
313.4583333333333,0
314.5416666666667,0
305.75,0
313.25,0
311.9166666666667,0
313.25,0
304.6666666666667,0
304.5833333333333,0
312.0833333333333,0
175.75,0
305.7083333333333,0
247.125,0
313.7916666666667,0
174.41666666666666,0
304.0833333333333,0
175.0,0
174.54166666666666,0
175.0,0
306.5,0
175.0,0
314.4583333333333,0
313.6666666666667,0
313.5,0
305.0,0
314.0,0
176.83333333333334,0
175.125,0
220.125,0
313.1666666666667,0
304.9166666666667,0
174.75,0
304.7916666666667,0
304.625,0
306.1666666666667,0
314.0833333333333,0
306.0416666666667,0
306.0833333333333,0
312.75,0
174.5,0
218.79166666666666,0
305.125,0
174.83333333333334,0
176.08333333333334,0
174.58333333333334,0
174.95833333333334,0
305.1666666666667,0
216.33333333333334,0
312.9583333333333,0
175.08333333333334,0
313.125,0
174.83333333333334,0
312.5416666666667,0
305.8333333333333,0
216.83333333333334,0
305.6666666666667,0
311.375,0
174.83333333333334,0
313.6666666666667,0
174.875,0
314.375,0
312.4166666666667,0
312.125,0
174.75,0
216.66666666666666,0
216.58333333333334,0
304.875,0
312.9583333333333,0
313.0833333333333,0
305.875,0
174.75,0
313.9166666666667,0
314.5833333333333,0
312.75,0
305.0,0
314.25,0
216.625,0
218.66666666666666,0
175.125,0
314.0833333333333,0
312.3333333333333,0
174.70833333333334,0
175.04166666666666,0
304.625,0
304.5833333333333,0
305.0416666666667,0
313.9583333333333,0
304.625,0
311.4166666666667,0
217.95833333333334,0
304.8333333333333,0
313.9166666666667,0
312.4583333333333,0
313.5416666666667,0
304.625,0
313.4583333333333,0
305.0,0
313.4166666666667,0
304.625,0
305.9583333333333,0
306.4166666666667,0
306.5416666666667,0
174.75,0
304.0833333333333,0
313.9166666666667,0
305.0,0
175.0,0
174.79166666666666,0
175.875,0
312.5833333333333,0
304.6666666666667,0
304.4583333333333,0
306.5833333333333,0
176.875,0
313.1666666666667,0
305.5,0
314.0,0
313.3333333333333,0
174.41666666666666,0
304.5416666666667,0
313.625,0
314.4583333333333,0
175.875,0
304.5833333333333,0
304.5,0
311.4166666666667,0
176.75,0
306.2083333333333,0
305.5416666666667,0
174.70833333333334,0
304.5416666666667,0
311.9583333333333,0
305.9583333333333,0
313.75,0
313.4583333333333,0
176.375,0
313.4583333333333,0
313.4166666666667,0
306.0416666666667,0
218.91666666666666,0
312.7083333333333,0
216.875,0
305.75,0
174.875,0
216.58333333333334,0
304.7916666666667,0
216.625,0
313.625,0
306.0,0
216.75,0
313.2916666666667,0
176.79166666666666,0
306.5416666666667,0
174.91666666666666,0
304.6666666666667,0
175.16666666666666,0
304.6666666666667,0
305.5833333333333,0
176.91666666666666,0
304.2916666666667,0
176.33333333333334,0
216.75,0
174.58333333333334,0
312.4583333333333,0
216.66666666666666,0
216.83333333333334,0
174.875,0
312.3333333333333,0
313.375,0
304.7916666666667,0
174.58333333333334,0
306.375,0
174.70833333333334,0
313.5833333333333,0
313.125,0
305.75,0
174.625,0
304.5833333333333,0
174.91666666666666,0
174.79166666666666,0
305.125,0
174.625,0
311.9583333333333,0
313.3333333333333,0
175.625,0
175.91666666666666,0
175.04166666666666,0
216.45833333333334,0
174.625,0
174.54166666666666,0
311.9583333333333,0
174.625,0
218.625,0
176.375,0
311.4166666666667,0
313.625,0
174.83333333333334,0
304.625,0
306.2083333333333,0
313.6666666666667,0
175.08333333333334,0
304.6666666666667,0
313.2916666666667,0
312.375,0
174.375,0
304.375,0
304.5,0
312.625,0
304.5416666666667,0
313.7083333333333,0
306.5416666666667,0
306.0,0
313.4166666666667,0
306.0833333333333,0
176.83333333333334,0
176.75,0
304.4166666666667,0
311.7916666666667,0
174.95833333333334,0
314.0,0
304.9166666666667,0
313.9166666666667,0
313.2916666666667,0
313.875,0
306.125,0
306.2916666666667,0
313.5833333333333,0
304.75,0
174.625,0
304.875,0
312.5416666666667,0
314.5416666666667,0
305.7083333333333,0
216.58333333333334,0
314.0416666666667,0
174.91666666666666,0
306.6666666666667,0
174.79166666666666,0
175.79166666666666,0
313.6666666666667,0
176.33333333333334,0
174.70833333333334,0
216.58333333333334,0
218.33333333333334,0
312.8333333333333,0
216.45833333333334,0
311.4583333333333,0
313.875,0
313.25,0
304.8333333333333,0
314.4166666666667,0
312.875,0
174.79166666666666,0
305.375,0
216.58333333333334,0
305.2916666666667,0
174.95833333333334,0
176.79166666666666,0
175.95833333333334,0
305.9166666666667,0
218.66666666666666,0
176.75,0
314.5833333333333,0
313.5,0
305.9166666666667,0
174.75,0
311.4583333333333,0
304.875,0
216.5,0
304.75,0
313.125,0
312.5833333333333,0
175.08333333333334,0
216.375,0
313.1666666666667,0
175.5,0
304.9166666666667,0
176.5,0
313.25,0
304.6666666666667,0
313.7916666666667,0
175.0,0
312.0416666666667,0
176.875,0
312.0,0
174.91666666666666,0
174.70833333333334,0
311.9583333333333,0
312.2083333333333,0
175.95833333333334,0
313.4166666666667,0
216.91666666666666,0
311.625,0
313.9166666666667,0
314.0416666666667,0
313.8333333333333,0
174.875,0
313.9583333333333,0
314.4583333333333,0
306.5416666666667,0
314.0416666666667,0
175.0,0
304.8333333333333,0
305.875,0
216.91666666666666,0
304.6666666666667,0
314.0416666666667,0
305.5416666666667,0
306.0833333333333,0
311.7916666666667,0
305.7083333333333,0
306.5833333333333,0
304.4166666666667,0
314.125,0
174.58333333333334,0
174.58333333333334,0
304.9583333333333,0
313.5,0
313.0416666666667,0
312.9166666666667,0
304.2916666666667,0
313.875,0
305.5416666666667,0
216.70833333333334,0
216.66666666666666,0
176.375,0
313.25,0
216.58333333333334,0
174.875,0
306.375,0
216.58333333333334,0
174.79166666666666,0
313.375,0
313.2083333333333,0
175.0,0
174.33333333333334,0
312.1666666666667,0
306.375,0
313.25,0
312.875,0
313.1666666666667,0
218.58333333333334,0
312.9583333333333,0
174.54166666666666,0
176.58333333333334,0
313.875,0
306.0416666666667,0
176.16666666666666,0
176.70833333333334,0
311.9583333333333,0
306.1666666666667,0
174.83333333333334,0
313.625,0
175.16666666666666,0
305.7916666666667,0
176.41666666666666,0
313.7083333333333,0
218.33333333333334,0
311.7083333333333,0
305.75,0
312.7083333333333,0
174.79166666666666,0
305.125,0
312.25,0
174.58333333333334,0
313.0,0
311.875,0
216.58333333333334,0
313.0,0
304.625,0
216.58333333333334,0
314.1666666666667,0
313.625,0
305.8333333333333,0
313.5,0
174.625,0
174.70833333333334,0
313.3333333333333,0
304.5416666666667,0
304.6666666666667,0
174.66666666666666,0
305.0833333333333,0
313.9166666666667,0
175.125,0
312.7916666666667,0
312.9166666666667,0
306.5416666666667,0
306.3333333333333,0
304.75,0
313.5416666666667,0
311.7083333333333,0
313.3333333333333,0
305.875,0
174.66666666666666,0
306.5416666666667,0
312.75,0
312.25,0
311.75,0
175.0,0
306.0416666666667,0
304.6666666666667,0
312.625,0
313.5,0
305.625,0
216.75,0
175.0,0
313.75,0
304.4583333333333,0
304.0416666666667,0
306.6666666666667,0
313.9583333333333,0
306.5416666666667,0
312.5,0
174.70833333333334,0
216.625,0
176.625,0
174.41666666666666,0
174.70833333333334,0
306.25,0
314.4166666666667,0
306.0,0
311.75,0
305.75,0
304.5,0
313.0416666666667,0
305.5833333333333,0
216.875,0
216.875,0
311.7083333333333,0
314.5,0
312.125,0
313.6666666666667,0
175.20833333333334,0
313.6666666666667,0
304.7916666666667,0
305.625,0
174.45833333333334,0
216.66666666666666,0
218.41666666666666,0
174.83333333333334,0
174.95833333333334,0
176.75,0
218.875,0
312.875,0
312.7083333333333,0
313.75,0
176.25,0
176.83333333333334,0
218.375,0
176.625,0
313.4166666666667,0
312.3333333333333,0
175.125,0
174.5,0
175.625,0
313.5,0
314.6666666666667,0
311.7083333333333,0
312.4166666666667,0
304.75,0
176.70833333333334,0
313.4166666666667,0
304.7083333333333,0
313.4583333333333,0
313.3333333333333,0
304.625,0
304.3333333333333,0
216.75,0
176.25,0
175.04166666666666,0
304.9166666666667,0
313.2083333333333,0
174.5,0
218.83333333333334,0
306.2916666666667,0
314.375,0
311.4166666666667,0
305.9583333333333,0
313.75,0
304.3333333333333,0
176.875,0
306.0416666666667,0
175.58333333333334,0
174.41666666666666,0
313.625,0
305.9583333333333,0
313.7916666666667,0
304.8333333333333,0
304.375,0
175.66666666666666,0
304.8333333333333,0
311.7916666666667,0
175.04166666666666,0
304.75,0
175.08333333333334,0
313.4166666666667,0
176.04166666666666,0
314.5833333333333,0
304.25,0
313.9166666666667,0
312.5416666666667,0
311.875,0
304.6666666666667,0
311.875,0
312.7083333333333,0
175.875,0
304.4166666666667,0
174.83333333333334,0
175.75,0
174.75,0
313.5,0
314.2083333333333,0
304.4583333333333,0
312.3333333333333,0
305.75,0
304.4166666666667,0
304.2916666666667,0
314.6666666666667,0
304.875,0
314.1666666666667,0
175.25,0
311.5416666666667,0
313.2083333333333,0
313.7916666666667,0
313.9583333333333,0
174.70833333333334,0
175.08333333333334,0
312.8333333333333,0
311.4583333333333,0
174.75,0
176.0,0
218.75,0
314.1666666666667,0
312.7083333333333,0
313.125,0
304.1666666666667,0
220.25,0
174.91666666666666,0
313.5,0
304.75,0
313.4166666666667,0
304.75,0
304.2916666666667,0
175.04166666666666,0
175.16666666666666,0
218.625,0
311.9166666666667,0
304.5,0
314.625,0
304.5833333333333,0
313.9166666666667,0
313.5,0
304.9166666666667,0
306.2083333333333,0
311.7916666666667,0
174.875,0
304.7083333333333,0
304.375,0
313.8333333333333,0
313.8333333333333,0
312.875,0
305.7916666666667,0
304.7083333333333,0
311.75,0
218.54166666666666,0
176.0,0
312.1666666666667,0
216.33333333333334,0
306.1666666666667,0
304.7083333333333,0
305.875,0
313.5,0
176.625,0
304.5,0
314.0,0
306.5833333333333,0
313.4166666666667,0
305.9166666666667,0
305.2083333333333,0
176.41666666666666,0
304.75,0
304.5833333333333,0
314.1666666666667,0
176.66666666666666,0
305.4583333333333,0
305.0833333333333,0
312.75,0
216.5,0
312.5833333333333,0
216.33333333333334,0
306.2916666666667,0
312.5833333333333,0
304.5833333333333,0
304.9583333333333,0
305.625,0
312.9583333333333,0
305.2083333333333,0
312.875,0
174.79166666666666,0
311.75,0
304.5833333333333,0
1e-06,0
304.4583333333333,0
176.41666666666666,0
312.4166666666667,0
306.0416666666667,0
304.7916666666667,0
312.0833333333333,0
305.0,0
176.58333333333334,0
174.83333333333334,0
304.8333333333333,0
305.1666666666667,0
216.625,0
313.9583333333333,0
305.7916666666667,0
174.66666666666666,0
304.5416666666667,0
216.83333333333334,0
313.8333333333333,0
305.9583333333333,0
306.5,0
306.25,0
304.7916666666667,0
314.2916666666667,0
314.4166666666667,0
304.5,0
305.4583333333333,0
304.125,0
306.5,0
176.08333333333334,0
306.0833333333333,0
304.8333333333333,0
218.83333333333334,0
306.25,0
313.625,0
216.25,0
312.4166666666667,0
311.625,0
312.6666666666667,0
312.625,0
313.7083333333333,0
305.0,0
305.0833333333333,0
304.375,0
313.875,0
175.04166666666666,0
306.25,0
174.70833333333334,0
313.5,0
313.7083333333333,0
311.5833333333333,0
174.875,0
312.6666666666667,0
304.4166666666667,0
305.7083333333333,0
304.5833333333333,0
216.375,0
305.7916666666667,0
314.3333333333333,0
305.5416666666667,0
218.75,0
311.8333333333333,0
314.6666666666667,0
311.625,0
306.1666666666667,0
314.375,0
218.75,0
306.125,0
174.75,0
304.7916666666667,0
305.9166666666667,0
176.45833333333334,0
313.7083333333333,0
313.375,0
306.0833333333333,0
174.95833333333334,0
174.54166666666666,0
174.375,0
176.125,0
175.95833333333334,0
313.0416666666667,0
305.5833333333333,0
174.91666666666666,0
312.8333333333333,0
313.75,0
174.70833333333334,0
174.58333333333334,0
311.8333333333333,0
305.75,0
313.6666666666667,0
174.66666666666666,0
174.66666666666666,0
304.5,0
311.625,0
174.83333333333334,0
306.1666666666667,0
176.79166666666666,0
311.9166666666667,0
216.41666666666666,0
175.125,0
218.45833333333334,0
311.4583333333333,0
304.9583333333333,0
305.6666666666667,0
305.0833333333333,0
313.5833333333333,0
216.66666666666666,0
311.8333333333333,0
216.75,0
304.875,0
305.0,0
304.125,0
174.95833333333334,0
304.3333333333333,0
174.45833333333334,0
312.4583333333333,0
176.58333333333334,0
175.79166666666666,0
175.0,0
312.125,0
218.79166666666666,0
304.875,0
174.66666666666666,0
175.08333333333334,0
313.0,0
311.7083333333333,0
312.5,0
311.5416666666667,0
313.875,0
312.7916666666667,0
304.875,0
306.2916666666667,0
175.79166666666666,0
174.66666666666666,0
218.625,0
313.5,0
305.7083333333333,0
176.95833333333334,0
313.4583333333333,0
304.4583333333333,0
312.625,0
174.33333333333334,0
305.8333333333333,0
175.125,0
312.8333333333333,0
216.25,0
313.7916666666667,0
314.625,0
220.29166666666666,0
305.5416666666667,0
304.75,0
304.5833333333333,0
306.3333333333333,0
306.4166666666667,0
216.54166666666666,0
175.08333333333334,0
313.25,0
305.0416666666667,0
313.2083333333333,0
304.9166666666667,0
175.04166666666666,0
305.8333333333333,0
175.875,0
312.9583333333333,0
304.7083333333333,0
311.7083333333333,0
305.7916666666667,0
313.875,0
313.0416666666667,0
216.70833333333334,0
306.5833333333333,0
313.625,0
305.6666666666667,0
304.75,0
313.875,0
219.95833333333334,0
175.08333333333334,0
313.0416666666667,0
304.125,0
174.66666666666666,0
314.3333333333333,0
312.75,0
312.25,0
313.625,0
174.66666666666666,0
306.0833333333333,0
175.0,0
305.6666666666667,0
305.7083333333333,0
304.8333333333333,0
304.7916666666667,0
304.5416666666667,0
313.0,0
304.8333333333333,0
174.79166666666666,0
312.6666666666667,0
216.91666666666666,0
311.7916666666667,0
305.125,0
176.83333333333334,0
305.0,0
306.0,0
176.54166666666666,0
218.58333333333334,0
312.25,0
312.625,0
306.25,0
313.1666666666667,0
312.7916666666667,0
304.6666666666667,0
306.2083333333333,0
312.75,0
305.1666666666667,0
216.375,0
304.5833333333333,0
305.5,0
214.125,0
216.83333333333334,0
218.79166666666666,0
305.9583333333333,0
312.25,0
312.3333333333333,0
304.5,0
304.2916666666667,0
304.25,0
304.875,0
304.5833333333333,0
176.5,0
174.95833333333334,0
176.58333333333334,0
176.75,0
304.7916666666667,0
304.7916666666667,0
216.66666666666666,0
313.3333333333333,0
306.0833333333333,0
313.2083333333333,0
306.4583333333333,0
218.41666666666666,0
311.875,0
306.4583333333333,0
216.70833333333334,0
216.125,0
314.7916666666667,0
311.8333333333333,0
312.375,0
311.5,0
216.66666666666666,0
305.4166666666667,0
305.0416666666667,0
174.70833333333334,0
312.0,0
312.25,0
304.5416666666667,0
174.75,0
304.7083333333333,0
313.0833333333333,0
304.2083333333333,0
313.75,0
314.5416666666667,0
306.125,0
305.9166666666667,0
216.33333333333334,0
306.5416666666667,0
314.625,0
174.54166666666666,0
175.04166666666666,0
256.0416666666667,0
313.3333333333333,0
217.0,0
305.9583333333333,0
256.5,0
304.5416666666667,0
174.70833333333334,0
174.91666666666666,0
305.5416666666667,0
306.2916666666667,0
164.58333333333334,0
175.08333333333334,0
313.25,0
174.45833333333334,0
312.9166666666667,0
174.75,0
164.5,0
175.16666666666666,0
164.83333333333334,0
174.95833333333334,0
313.7083333333333,0
174.95833333333334,0
254.45833333333334,0
254.54166666666666,0
175.125,0
216.79166666666666,0
174.70833333333334,0
174.70833333333334,0
174.79166666666666,0
216.41666666666666,0
305.3333333333333,0
304.3333333333333,0
305.5,0
305.5416666666667,0
176.16666666666666,0
175.04166666666666,0
304.875,0
304.4583333333333,0
216.625,0
305.5,0
175.16666666666666,0
216.58333333333334,0
314.0,0
311.8333333333333,0
311.7916666666667,0
216.29166666666666,0
216.25,0
176.125,0
174.83333333333334,0
305.9583333333333,0
305.25,0
306.5,0
305.2083333333333,0
305.0833333333333,0
305.9583333333333,0
312.9583333333333,0
314.2916666666667,0
218.58333333333334,0
176.375,0
304.25,0
313.5833333333333,0
313.9583333333333,0
218.91666666666666,0
175.54166666666666,0
217.08333333333334,0
305.8333333333333,0
174.70833333333334,0
305.7083333333333,0
304.5833333333333,0
312.3333333333333,0
306.4583333333333,0
174.95833333333334,0
305.7916666666667,0
177.0,0
305.25,0
216.29166666666666,0
304.7916666666667,0
174.83333333333334,0
313.8333333333333,0
304.4166666666667,0
304.75,0
174.625,0
305.375,0
313.75,0
306.0416666666667,0
216.54166666666666,0
312.7916666666667,0
216.79166666666666,0
304.75,0
220.0,0
59.583333333333336,0
174.91666666666666,0
176.66666666666666,0
175.125,0
175.91666666666666,0
314.75,0
305.75,0
174.625,0
304.375,0
218.29166666666666,0
306.0833333333333,0
305.875,0
312.3333333333333,0
312.2083333333333,0
314.0,0
304.3333333333333,0
305.75,0
176.58333333333334,0
174.91666666666666,0
313.25,0
216.58333333333334,0
314.5833333333333,0
304.7083333333333,0
174.75,0
311.875,0
216.54166666666666,0
304.5,0
304.5416666666667,0
305.4166666666667,0
217.875,0
313.4583333333333,0
311.9583333333333,0
313.6666666666667,0
304.625,0
312.5,0
313.9166666666667,0
304.9583333333333,0
216.75,0
218.54166666666666,0
306.25,0
176.58333333333334,0
175.04166666666666,0
306.0833333333333,0
313.3333333333333,0
313.8333333333333,0
312.0833333333333,0
312.1666666666667,0
175.0,0
174.66666666666666,0
305.7916666666667,0
306.0,0
314.375,0
306.3333333333333,0
304.5833333333333,0
306.0833333333333,0
313.4583333333333,0
304.5416666666667,0
305.8333333333333,0
314.2916666666667,0
313.5416666666667,0
314.4583333333333,0
306.0,0
305.8333333333333,0
216.70833333333334,0
304.5416666666667,0
219.91666666666666,0
312.4166666666667,0
313.0833333333333,0
313.7083333333333,0
311.8333333333333,0
218.45833333333334,0
314.4166666666667,0
304.5416666666667,0
314.625,0
304.625,0
289.7916666666667,0
304.625,0
176.91666666666666,0
174.95833333333334,0
314.5,0
306.0833333333333,0
218.54166666666666,0
312.2916666666667,0
174.91666666666666,0
174.5,0
305.7083333333333,0
304.75,0
220.33333333333334,0
306.0,0
174.58333333333334,0
174.79166666666666,0
221.375,0
305.8333333333333,0
216.625,0
313.75,0
216.70833333333334,0
174.875,0
304.375,0
305.6666666666667,0
305.7916666666667,0
305.5833333333333,0
312.2916666666667,0
313.4166666666667,0
314.4583333333333,0
305.9166666666667,0
174.91666666666666,0
305.0,0
314.3333333333333,0
176.54166666666666,0
176.5,0
216.45833333333334,0
305.0,0
312.9166666666667,0
176.83333333333334,0
306.1666666666667,0
312.6666666666667,0
304.5,0
311.7916666666667,0
313.0,0
176.45833333333334,0
313.5833333333333,0
175.625,0
216.70833333333334,0
306.5833333333333,0
304.5833333333333,0
175.79166666666666,0
220.0,0
305.25,0
312.2083333333333,0
313.5416666666667,0
304.75,0
312.6666666666667,0
175.08333333333334,0
176.91666666666666,0
207.75,0
312.4583333333333,0
312.4583333333333,0
304.625,0
218.45833333333334,0
176.83333333333334,0
313.375,0
313.5416666666667,0
305.3333333333333,0
218.875,0
313.3333333333333,0
304.375,0
311.75,0
305.0416666666667,0
174.58333333333334,0
312.625,0
313.1666666666667,0
305.6666666666667,0
306.5833333333333,0
176.66666666666666,0
174.95833333333334,0
175.20833333333334,0
175.79166666666666,0
174.625,0
314.0833333333333,0
305.6666666666667,0
305.5416666666667,0
216.70833333333334,0
174.91666666666666,0
313.4583333333333,0
312.875,0
36.333333333333336,0
304.5416666666667,0
314.625,0
174.5,0
216.625,0
312.9166666666667,0
216.95833333333334,0
216.54166666666666,0
304.9166666666667,0
311.75,0
312.4583333333333,0
314.5416666666667,0
304.6666666666667,0
216.58333333333334,0
306.0416666666667,0
216.20833333333334,0
304.2083333333333,0
306.0,0
216.83333333333334,0
313.7916666666667,0
304.5,0
174.75,0
175.08333333333334,0
304.5833333333333,0
216.875,0
306.4583333333333,0
311.9583333333333,0
305.0416666666667,0
216.875,0
176.875,0
216.33333333333334,0
314.0,0
304.5833333333333,0
313.4166666666667,0
304.9583333333333,0
304.875,0
216.58333333333334,0
306.1666666666667,0
313.9583333333333,0
305.9583333333333,0
176.79166666666666,0
176.625,0
174.75,0
305.9166666666667,0
304.3333333333333,0
175.04166666666666,0
176.16666666666666,0
304.9166666666667,0
174.875,0
312.5,0
305.7916666666667,0
305.75,0
306.125,0
306.5833333333333,0
304.7916666666667,0
216.5,0
313.9166666666667,0
313.5416666666667,0
305.125,0
312.1666666666667,0
218.91666666666666,0
306.1666666666667,0
312.25,0
305.2916666666667,0
174.79166666666666,0
313.5833333333333,0
313.3333333333333,0
305.0833333333333,0
216.79166666666666,0
305.5416666666667,0
174.70833333333334,0
304.5833333333333,0
305.6666666666667,0
313.5833333333333,0
305.9166666666667,0
314.2083333333333,0
313.0,0
304.4583333333333,0
305.875,0
312.5416666666667,0
176.54166666666666,0
313.125,0
176.25,0
218.5,0
174.79166666666666,0
174.66666666666666,0
304.6666666666667,0
305.7916666666667,0
216.45833333333334,0
216.375,0
313.9166666666667,0
313.5,0
306.25,0
304.625,0
174.875,0
313.75,0
304.75,0
305.8333333333333,0
304.4583333333333,0
314.75,0
174.75,0
305.9583333333333,0
176.91666666666666,0
304.5416666666667,0
216.79166666666666,0
312.125,0
312.7916666666667,0
313.5416666666667,0
312.375,0
312.0833333333333,0
176.04166666666666,0
305.0416666666667,0
174.75,0
175.08333333333334,0
304.7083333333333,0
174.66666666666666,0
312.1666666666667,0
304.625,0
304.6666666666667,0
304.75,0
314.0833333333333,0
175.04166666666666,0
311.625,0
313.6666666666667,0
311.875,0
174.625,0
304.5833333333333,0
176.83333333333334,0
312.9166666666667,0
311.6666666666667,0
312.625,0
313.6666666666667,0
304.4583333333333,0
313.0416666666667,0
312.7083333333333,0
176.79166666666666,0
174.91666666666666,0
305.1666666666667,0
305.875,0
305.8333333333333,0
174.70833333333334,0
313.3333333333333,0
313.0,0
216.66666666666666,0
217.08333333333334,0
312.5416666666667,0
311.7916666666667,0
311.5416666666667,0
313.9583333333333,0
218.58333333333334,0
304.7083333333333,0
176.66666666666666,0
305.875,0
312.5416666666667,0
304.75,0
312.9583333333333,0
304.5,0
304.7916666666667,0
313.2916666666667,0
304.4583333333333,0
313.375,0
311.7083333333333,0
176.45833333333334,0
219.79166666666666,0
314.75,0
313.5833333333333,0
176.875,0
176.375,0
306.0,0
312.7083333333333,0
216.45833333333334,0
306.0833333333333,0
174.75,0
313.875,0
305.0,0
313.4583333333333,0
306.4583333333333,0
311.6666666666667,0
174.875,0
305.9583333333333,0
306.625,0
314.75,0
174.5,0
218.70833333333334,0
313.625,0
174.79166666666666,0
304.9166666666667,0
174.625,0
313.9166666666667,0
218.75,0
175.16666666666666,0
175.04166666666666,0
216.625,0
304.5416666666667,0
175.125,0
216.95833333333334,0
306.4583333333333,0
313.1666666666667,0
314.1666666666667,0
313.7083333333333,0
311.875,0
216.95833333333334,0
174.625,0
304.125,0
176.83333333333334,0
218.66666666666666,0
174.58333333333334,0
314.7083333333333,0
304.6666666666667,0
306.2916666666667,0
174.91666666666666,0
175.0,0
174.58333333333334,0
218.875,0
304.7083333333333,0
314.75,0
305.5,0
174.70833333333334,0
305.0,0
175.125,0
304.5416666666667,0
305.1666666666667,0
174.625,0
304.5833333333333,0
176.45833333333334,0
314.4166666666667,0
175.41666666666666,0
304.8333333333333,0
305.0833333333333,0
304.6666666666667,0
166.25,0
305.5833333333333,0
305.625,0
314.7916666666667,0
313.2916666666667,0
216.95833333333334,0
313.4583333333333,0
305.1666666666667,0
313.6666666666667,0
314.375,0
176.83333333333334,0
304.2916666666667,0
174.29166666666666,0
174.58333333333334,0
218.375,0
304.5833333333333,0
311.875,0
313.4583333333333,0
306.0833333333333,0
304.4166666666667,0
176.5,0
176.79166666666666,0
304.7083333333333,0
176.41666666666666,0
304.3333333333333,0
312.25,0
216.66666666666666,0
176.54166666666666,0
217.04166666666666,0
218.29166666666666,0
312.5833333333333,0
174.58333333333334,0
313.7083333333333,0
174.875,0
311.5,0
175.79166666666666,0
174.625,0
314.2083333333333,0
305.0833333333333,0
174.375,0
305.2083333333333,0
304.5833333333333,0
305.5833333333333,0
306.1666666666667,0
313.1666666666667,0
176.75,0
256.125,0
174.625,0
175.91666666666666,0
176.16666666666666,0
313.5,0
174.83333333333334,0
304.7083333333333,0
175.08333333333334,0
174.5,0
306.3333333333333,0
313.9583333333333,0
218.91666666666666,0
306.0,0
314.4166666666667,0
304.625,0
313.6666666666667,0
305.4583333333333,0
311.4166666666667,0
314.375,0
313.8333333333333,0
176.66666666666666,0
174.95833333333334,0
176.91666666666666,0
218.5,0
313.9166666666667,0
175.58333333333334,0
305.7083333333333,0
313.6666666666667,0
313.4166666666667,0
304.875,0
174.79166666666666,0
174.83333333333334,0
313.5,0
218.375,0
174.91666666666666,0
304.625,0
306.25,0
314.5,0
304.2083333333333,0
218.91666666666666,0
304.4166666666667,0
305.0,0
174.83333333333334,0
311.9166666666667,0
305.7916666666667,0
305.625,0
312.875,0
305.7083333333333,0
305.25,0
216.54166666666666,0
216.83333333333334,0
311.875,0
218.29166666666666,0
174.75,0
175.08333333333334,0
305.875,0
304.7083333333333,0
313.875,0
313.7916666666667,0
305.5,0
174.45833333333334,0
313.6666666666667,0
174.79166666666666,0
314.0,0
305.9583333333333,0
176.08333333333334,0
176.33333333333334,0
304.4583333333333,0
304.2916666666667,0
305.9166666666667,0
313.25,0
175.625,0
312.125,0
176.45833333333334,0
313.0833333333333,0
304.7916666666667,0
174.45833333333334,0
304.6666666666667,0
313.4583333333333,0
176.75,0
306.375,0
216.75,0
174.91666666666666,0
311.875,0
305.8333333333333,0
312.5,0
176.66666666666666,0
304.9166666666667,0
311.7083333333333,0
313.9583333333333,0
305.0833333333333,0
306.125,0
311.9166666666667,0
312.1666666666667,0
305.2916666666667,0
306.0416666666667,0
174.875,0
305.625,0
312.0,0
312.5,0
311.4166666666667,0
313.3333333333333,0
175.04166666666666,0
306.25,0
305.0,0
174.70833333333334,0
176.875,0
174.58333333333334,0
305.25,0
313.625,0
313.625,0
313.6666666666667,0
312.5416666666667,0
306.4583333333333,0
174.875,0
312.7083333333333,0
174.41666666666666,0
174.625,0
176.04166666666666,0
312.8333333333333,0
304.75,0
313.5416666666667,0
313.75,0
174.75,0
312.6666666666667,0
218.70833333333334,0
313.5,0
174.625,0
175.08333333333334,0
174.91666666666666,0
175.0,0
313.2083333333333,0
305.5416666666667,0
174.625,0
314.4166666666667,0
304.7083333333333,0
312.7916666666667,0
304.625,0
305.3333333333333,0
311.5833333333333,0
304.375,0
313.5,0
174.625,0
312.8333333333333,0
313.7916666666667,0
220.25,0
313.75,0
176.04166666666666,0
313.2083333333333,0
216.625,0
304.25,0
312.9583333333333,0
313.875,0
313.375,0
304.5833333333333,0
313.2916666666667,0
304.7083333333333,0
176.95833333333334,0
218.54166666666666,0
304.75,0
174.91666666666666,0
174.54166666666666,0
174.66666666666666,0
176.70833333333334,0
305.9166666666667,0
218.79166666666666,0
174.625,0
175.95833333333334,0
305.75,0
175.58333333333334,0
313.75,0
314.6666666666667,0
305.4166666666667,0
305.2916666666667,0
312.2916666666667,0
305.1666666666667,0
312.0,0
312.375,0
216.91666666666666,0
305.0416666666667,0
304.7916666666667,0
311.6666666666667,0
304.5,0
312.5833333333333,0
176.29166666666666,0
174.54166666666666,0
313.9166666666667,0
218.66666666666666,0
174.625,0
216.70833333333334,0
305.7916666666667,0
313.1666666666667,0
304.0833333333333,0
174.66666666666666,0
314.625,0
216.75,0
218.58333333333334,0
218.625,0
175.75,0
311.7916666666667,0
174.83333333333334,0
216.5,0
304.625,0
312.1666666666667,0
216.375,0
311.75,0
313.6666666666667,0
174.95833333333334,0
313.9166666666667,0
174.5,0
174.95833333333334,0
174.41666666666666,0
313.4583333333333,0
174.70833333333334,0
305.0,0
174.33333333333334,0
314.75,0
218.33333333333334,0
176.0,0
176.0,0
313.3333333333333,0
313.5833333333333,0
305.3333333333333,0
176.66666666666666,0
313.0833333333333,0
314.3333333333333,0
313.5833333333333,0
313.0833333333333,0
313.4583333333333,0
313.2916666666667,0
313.9583333333333,0
216.41666666666666,0
311.7083333333333,0
218.625,0
313.5833333333333,0
174.45833333333334,0
313.3333333333333,0
313.6666666666667,0
313.25,0
174.66666666666666,0
305.0833333333333,0
304.6666666666667,0
216.79166666666666,0
176.125,0
304.5,0
313.8333333333333,0
314.1666666666667,0
218.41666666666666,0
305.75,0
216.54166666666666,0
313.875,0
314.625,0
174.58333333333334,0
305.8333333333333,0
306.0,0
305.5833333333333,0
311.4583333333333,0
174.95833333333334,0
314.1666666666667,0
175.66666666666666,0
312.25,0
176.45833333333334,0
304.375,0
311.5833333333333,0
313.125,0
175.875,0
304.8333333333333,0
311.75,0
174.75,0
218.75,0
313.25,0
313.4583333333333,0
305.0833333333333,0
174.70833333333334,0
176.33333333333334,0
216.875,0
313.7916666666667,0
219.83333333333334,0
175.04166666666666,0
174.58333333333334,0
306.2083333333333,0
306.1666666666667,0
174.41666666666666,0
313.8333333333333,0
218.79166666666666,0
174.66666666666666,0
305.9583333333333,0
314.0416666666667,0
304.9166666666667,0
175.125,0
304.2083333333333,0
313.25,0
216.45833333333334,0
174.70833333333334,0
305.9166666666667,0
216.375,0
174.875,0
313.5416666666667,0
175.04166666666666,0
174.875,0
304.5833333333333,0
313.75,0
312.0833333333333,0
174.875,0
311.7916666666667,0
313.375,0
174.83333333333334,0
304.8333333333333,0
304.8333333333333,0
218.66666666666666,0
313.75,0
305.875,0
305.8333333333333,0
312.0416666666667,0
306.125,0
175.91666666666666,0
306.4166666666667,0
313.1666666666667,0
305.0833333333333,0
313.4166666666667,0
304.9583333333333,0
305.9166666666667,0
176.75,0
313.5416666666667,0
304.625,0
306.125,0
304.375,0
311.6666666666667,0
174.66666666666666,0
314.0,0
313.9583333333333,0
174.875,0
311.6666666666667,0
313.4166666666667,0
304.625,0
313.625,0
314.375,0
305.5833333333333,0
306.0833333333333,0
314.25,0
311.8333333333333,0
304.5416666666667,0
313.5,0
176.54166666666666,0
176.04166666666666,0
314.4166666666667,0
312.4583333333333,0
311.7083333333333,0
175.875,0
305.0,0
311.8333333333333,0
176.625,0
304.6666666666667,0
312.7083333333333,0
313.4583333333333,0
175.58333333333334,0
313.875,0
304.375,0
306.25,0
174.70833333333334,0
175.0,0
174.70833333333334,0
311.625,0
313.2916666666667,0
313.1666666666667,0
304.2083333333333,0
174.95833333333334,0
311.875,0
174.58333333333334,0
305.4583333333333,0
311.9583333333333,0
175.75,0
313.7916666666667,0
304.4583333333333,0
304.7916666666667,0
305.9583333333333,0
174.5,0
174.83333333333334,0
305.6666666666667,0
305.375,0
174.45833333333334,0
216.70833333333334,0
174.95833333333334,0
218.79166666666666,0
305.3333333333333,0
176.625,0
313.5416666666667,0
305.4583333333333,0
305.125,0
312.875,0
216.70833333333334,0
176.33333333333334,0
248.16666666666666,0
176.33333333333334,0
312.625,0
314.0,0
305.125,0
305.9166666666667,0
306.0833333333333,0
304.3333333333333,0
313.8333333333333,0
306.0416666666667,0
313.5833333333333,0
312.0833333333333,0
305.5,0
313.2083333333333,0
313.125,0
174.41666666666666,0
305.0,0
306.2083333333333,0
311.9583333333333,0
304.9583333333333,0
311.5833333333333,0
313.5416666666667,0
306.375,0
174.45833333333334,0
311.7083333333333,0
304.5416666666667,0
312.5416666666667,0
305.5833333333333,0
216.79166666666666,0
313.25,0
312.625,0
311.75,0
306.0,0
304.9583333333333,0
176.5,0
313.5416666666667,0
175.91666666666666,0
218.41666666666666,0
314.0416666666667,0
174.95833333333334,0
174.79166666666666,0
304.8333333333333,0
312.4583333333333,0
314.7083333333333,0
176.54166666666666,0
305.9166666666667,0
304.7916666666667,0
313.6666666666667,0
175.16666666666666,0
202.83333333333334,0
311.875,0
174.5,0
176.0,0
311.75,0
176.08333333333334,0
314.1666666666667,0
314.2083333333333,0
313.25,0
313.5,0
305.5833333333333,0
305.75,0
311.9166666666667,0
311.7916666666667,0
312.0416666666667,0
306.0,0
313.7916666666667,0
304.625,0
305.0833333333333,0
313.9583333333333,0
306.5,0
314.0833333333333,0
313.5833333333333,0
220.25,0
314.2916666666667,0
313.25,0
304.8333333333333,0
313.875,0
176.91666666666666,0
220.08333333333334,0
220.16666666666666,0
304.2083333333333,0
313.4583333333333,0
313.9166666666667,0
314.2083333333333,0
304.875,0
313.9583333333333,0
314.1666666666667,0
216.75,0
312.375,0
304.375,0
314.2083333333333,0
304.9583333333333,0
176.5,0
304.5416666666667,0
218.45833333333334,0
216.75,0
313.75,0
313.5416666666667,0
314.2916666666667,0
216.41666666666666,0
313.7083333333333,0
175.0,0
312.375,0
174.83333333333334,0
306.1666666666667,0
216.33333333333334,0
305.5416666666667,0
176.45833333333334,0
314.7083333333333,0
305.9166666666667,0
216.29166666666666,0
304.5833333333333,0
311.75,0
313.5833333333333,0
313.4166666666667,0
217.0,0
175.79166666666666,0
313.4166666666667,0
218.83333333333334,0
305.0416666666667,0
314.4583333333333,0
313.0416666666667,0
304.625,0
174.75,0
305.375,0
304.4583333333333,0
175.875,0
313.5833333333333,0
174.70833333333334,0
176.54166666666666,0
217.04166666666666,0
313.9583333333333,0
313.8333333333333,0
304.7083333333333,0
313.4166666666667,0
305.4166666666667,0
304.9166666666667,0
304.4583333333333,0
304.8333333333333,0
305.75,0
312.875,0
304.5833333333333,0
216.95833333333334,0
312.125,0
175.08333333333334,0
313.9583333333333,0
175.79166666666666,0
304.7083333333333,0
216.91666666666666,0
305.9166666666667,0
313.4583333333333,0
216.66666666666666,0
306.0,0
174.5,0
306.375,0
311.7083333333333,0
174.75,0
313.2083333333333,0
306.0416666666667,0
312.9583333333333,0
216.375,0
176.875,0
313.3333333333333,0
311.625,0
314.0,0
311.75,0
311.6666666666667,0
306.4166666666667,0
174.33333333333334,0
218.58333333333334,0
174.95833333333334,0
218.29166666666666,0
216.375,0
174.875,0
176.41666666666666,0
311.625,0
174.5,0
304.9583333333333,0
313.375,0
314.5,0
312.9583333333333,0
304.6666666666667,0
312.9166666666667,0
313.8333333333333,0
305.7916666666667,0
175.58333333333334,0
174.41666666666666,0
306.0833333333333,0
311.5416666666667,0
313.4166666666667,0
306.4166666666667,0
304.875,0
304.8333333333333,0
217.95833333333334,0
312.8333333333333,0
174.54166666666666,0
314.5,0
314.6666666666667,0
174.66666666666666,0
314.7916666666667,0
305.5,0
175.125,0
176.91666666666666,0
313.0833333333333,0
312.0416666666667,0
312.4166666666667,0
313.5,0
175.16666666666666,0
313.7083333333333,0
312.0833333333333,0
304.4166666666667,0
313.0,0
313.375,0
176.875,0
305.5,0
176.08333333333334,0
306.0833333333333,0
313.9166666666667,0
312.4166666666667,0
174.45833333333334,0
306.0,0
314.5,0
314.2083333333333,0
312.7083333333333,0
216.41666666666666,0
313.7083333333333,0
306.2083333333333,0
304.8333333333333,0
312.9166666666667,0
306.1666666666667,0
220.04166666666666,0
305.5833333333333,0
304.875,0
304.4166666666667,0
216.70833333333334,0
304.7083333333333,0
304.6666666666667,0
304.5,0
304.625,0
304.9166666666667,0
304.4166666666667,0
312.4166666666667,0
313.9583333333333,0
312.7916666666667,0
175.70833333333334,0
216.29166666666666,0
306.0833333333333,0
176.54166666666666,0
305.7916666666667,0
174.66666666666666,0
306.125,0
305.8333333333333,0
312.9166666666667,0
174.83333333333334,0
312.0,0
306.0416666666667,0
216.54166666666666,0
174.79166666666666,0
312.8333333333333,0
311.75,0
305.375,0
312.7083333333333,0
306.4583333333333,0
314.5416666666667,0
175.16666666666666,0
305.7916666666667,0
311.8333333333333,0
311.6666666666667,0
313.7916666666667,0
174.375,0
174.45833333333334,0
216.45833333333334,0
311.9166666666667,0
313.9583333333333,0
216.79166666666666,0
304.5416666666667,0
174.91666666666666,0
304.625,0
312.125,0
175.91666666666666,0
174.58333333333334,0
304.6666666666667,0
175.08333333333334,0
311.4583333333333,0
216.45833333333334,0
174.79166666666666,0
216.375,0
314.5,0
305.8333333333333,0
175.0,0
174.625,0
176.58333333333334,0
314.4583333333333,0
311.75,0
174.70833333333334,0
174.5,0
218.75,0
304.9166666666667,0
305.6666666666667,0
313.5833333333333,0
174.79166666666666,0
218.83333333333334,0
312.0,0
314.4583333333333,0
216.83333333333334,0
174.625,0
312.5416666666667,0
304.5,0
304.625,0
174.58333333333334,0
313.4583333333333,0
313.625,0
216.79166666666666,0
216.75,0
305.9583333333333,0
312.2083333333333,0
304.7083333333333,0
311.5,0
314.3333333333333,0
305.625,0
306.625,0
304.5,0
314.5833333333333,0
174.75,0
304.8333333333333,0
314.8333333333333,0
176.375,0
174.95833333333334,0
313.9166666666667,0
176.20833333333334,0
314.7083333333333,0
306.1666666666667,0
312.5833333333333,0
218.75,0
306.375,0
313.2916666666667,0
313.375,0
312.8333333333333,0
174.625,0
176.70833333333334,0
304.4583333333333,0
313.3333333333333,0
313.75,0
314.2083333333333,0
174.375,0
174.58333333333334,0
304.75,0
305.0833333333333,0
305.4583333333333,0
304.9583333333333,0
176.20833333333334,0
314.4166666666667,0
218.875,0
314.75,0
304.25,0
176.91666666666666,0
218.875,0
216.83333333333334,0
304.6666666666667,0
294.5416666666667,0
313.7083333333333,0
306.2083333333333,0
304.5833333333333,0
312.0416666666667,0
304.8333333333333,0
216.58333333333334,0
312.125,0
304.5416666666667,0
313.7083333333333,0
306.2083333333333,0
314.5416666666667,0
175.125,0
304.875,0
314.7083333333333,0
314.0416666666667,0
311.9166666666667,0
312.5833333333333,0
305.875,0
313.7083333333333,0
305.5,0
313.5833333333333,0
304.4166666666667,0
304.25,0
306.625,0
175.83333333333334,0
175.83333333333334,0
304.375,0
311.9166666666667,0
313.7916666666667,0
313.625,0
312.1666666666667,0
305.2083333333333,0
305.625,0
174.33333333333334,0
313.8333333333333,0
314.25,0
175.95833333333334,0
311.625,0
312.7083333333333,0
314.6666666666667,0
306.0833333333333,0
311.75,0
176.25,0
305.5,0
306.4583333333333,0
313.5416666666667,0
312.125,0
218.45833333333334,0
304.5416666666667,0
313.5833333333333,0
313.9166666666667,0
314.5,0
312.7083333333333,0
249.54166666666666,0
313.875,0
304.9166666666667,0
313.7083333333333,0
305.6666666666667,0
313.4583333333333,0
305.7916666666667,0
216.5,0
312.375,0
311.5833333333333,0
305.4583333333333,0
216.54166666666666,0
306.4166666666667,0
304.25,0
174.54166666666666,0
304.4166666666667,0
176.95833333333334,0
216.91666666666666,0
312.0,0
314.1666666666667,0
174.58333333333334,0
216.625,0
306.0,0
304.5416666666667,0
304.7083333333333,0
313.4166666666667,0
312.0416666666667,0
216.95833333333334,0
306.0416666666667,0
304.1666666666667,0
174.83333333333334,0
304.9583333333333,0
176.95833333333334,0
305.2916666666667,0
176.33333333333334,0
312.1666666666667,0
313.5,0
304.2916666666667,0
174.29166666666666,0
304.4583333333333,0
311.7916666666667,0
304.75,0
314.8333333333333,0
312.9583333333333,0
176.5,0
313.8333333333333,0
313.7083333333333,0
313.2083333333333,0
313.8333333333333,0
218.95833333333334,0
216.79166666666666,0
174.875,0
174.45833333333334,0
312.125,0
311.75,0
313.8333333333333,0
306.0833333333333,0
311.8333333333333,0
313.7083333333333,0
304.8333333333333,0
216.75,0
176.66666666666666,0
314.3333333333333,0
313.125,0
174.79166666666666,0
175.66666666666666,0
313.5833333333333,0
174.75,0
304.3333333333333,0
306.125,0
304.75,0
305.375,0
312.875,0
304.625,0
249.66666666666666,0
176.79166666666666,0
304.8333333333333,0
313.875,0
216.83333333333334,0
304.5,0
304.4583333333333,0
305.0833333333333,0
304.875,0
216.70833333333334,0
174.91666666666666,0
176.70833333333334,0
305.8333333333333,0
312.8333333333333,0
305.5833333333333,0
314.0,0
305.5,0
218.83333333333334,0
314.0833333333333,0
218.75,0
304.4166666666667,0
175.16666666666666,0
304.5833333333333,0
312.6666666666667,0
175.04166666666666,0
174.79166666666666,0
314.0416666666667,0
311.8333333333333,0
311.9166666666667,0
176.70833333333334,0
311.9166666666667,0
304.8333333333333,0
305.125,0
314.4583333333333,0
314.0,0
311.9166666666667,0
216.66666666666666,0
304.5416666666667,0
312.0416666666667,0
304.7083333333333,0
304.1666666666667,0
305.7083333333333,0
304.8333333333333,0
176.83333333333334,0
311.9166666666667,0
216.58333333333334,0
306.125,0
174.5,0
216.41666666666666,0
306.0,0
306.0416666666667,0
312.5,0
312.875,0
176.79166666666666,0
314.7083333333333,0
247.79166666666666,0
175.08333333333334,0
313.5833333333333,0
216.79166666666666,0
304.5416666666667,0
314.4583333333333,0
220.16666666666666,0
312.4583333333333,0
313.0,0
176.375,0
313.9583333333333,0
174.79166666666666,0
176.70833333333334,0
174.875,0
305.75,0
306.0416666666667,0
313.75,0
304.7083333333333,0
311.4583333333333,0
216.91666666666666,0
313.5,0
304.5833333333333,0
304.6666666666667,0
216.83333333333334,0
216.58333333333334,0
306.0416666666667,0
313.6666666666667,0
305.9166666666667,0
174.58333333333334,0
311.7916666666667,0
306.2083333333333,0
175.0,0
175.20833333333334,0
175.95833333333334,0
305.1666666666667,0
313.3333333333333,0
312.875,0
312.0416666666667,0
176.41666666666666,0
313.5416666666667,0
175.0,0
304.875,0
304.4583333333333,0
311.625,0
305.625,0
314.1666666666667,0
313.5416666666667,0
312.2083333333333,0
176.58333333333334,0
311.7083333333333,0
174.75,0
313.4583333333333,0
176.75,0
312.875,0
304.9166666666667,0
313.4166666666667,0
305.6666666666667,0
176.91666666666666,0
174.70833333333334,0
314.25,0
312.7916666666667,0
313.4166666666667,0
306.0416666666667,0
216.41666666666666,0
314.25,0
312.1666666666667,0
216.70833333333334,0
314.3333333333333,0
304.2916666666667,0
174.875,0
305.8333333333333,0
218.45833333333334,0
314.25,0
216.875,0
175.08333333333334,0
176.66666666666666,0
175.04166666666666,0
306.0416666666667,0
313.5833333333333,0
304.75,0
306.375,0
304.9166666666667,0
306.5,0
314.4166666666667,0
176.45833333333334,0
216.5,0
314.4583333333333,0
174.66666666666666,0
313.7916666666667,0
304.4166666666667,0
311.9166666666667,0
306.1666666666667,0
175.0,0
304.5833333333333,0
304.7916666666667,0
312.375,0
304.875,0
304.8333333333333,0
305.9583333333333,0
174.70833333333334,0
305.7083333333333,0
304.375,0
312.9166666666667,0
314.25,0
305.0833333333333,0
311.4166666666667,0
174.83333333333334,0
176.375,0
305.5,0
175.08333333333334,0
304.5416666666667,0
313.6666666666667,0
174.625,0
313.9166666666667,0
311.875,0
313.5416666666667,0
174.625,0
312.6666666666667,0
313.4166666666667,0
313.4583333333333,0
218.5,0
306.0,0
311.7083333333333,0
175.20833333333334,0
174.83333333333334,0
176.375,0
311.9166666666667,0
175.0,0
175.54166666666666,0
174.95833333333334,0
313.3333333333333,0
306.0416666666667,0
216.70833333333334,0
313.7916666666667,0
304.9166666666667,0
174.375,0
304.5416666666667,0
314.0833333333333,0
304.375,0
312.2083333333333,0
312.9166666666667,0
313.9166666666667,0
311.6666666666667,0
314.3333333333333,0
176.66666666666666,0
218.375,0
314.2083333333333,0
174.29166666666666,0
216.54166666666666,0
312.0,0
312.5,0
306.125,0
312.1666666666667,0
313.8333333333333,0
218.58333333333334,0
313.2083333333333,0
314.5833333333333,0
174.70833333333334,0
313.2916666666667,0
174.5,0
306.5,0
175.04166666666666,0
174.54166666666666,0
314.2916666666667,0
312.8333333333333,0
312.9166666666667,0
176.08333333333334,0
216.625,0
306.4583333333333,0
176.0,0
305.6666666666667,0
216.5,0
176.5,0
313.875,0
305.3333333333333,0
174.875,0
312.2083333333333,0
313.625,0
217.08333333333334,0
176.91666666666666,0
304.4583333333333,0
176.29166666666666,0
217.125,0
314.5,0
176.875,0
304.5,0
304.5833333333333,0
175.0,0
304.625,0
313.0833333333333,0
176.45833333333334,0
306.2916666666667,0
313.375,0
304.6666666666667,0
174.91666666666666,0
219.75,0
216.625,0
305.5,0
312.2083333333333,0
174.54166666666666,0
313.2916666666667,0
175.16666666666666,0
305.375,0
312.2083333333333,0
304.7083333333333,0
304.6666666666667,0
216.66666666666666,0
304.5,0
174.75,0
304.0416666666667,0
174.54166666666666,0
313.5416666666667,0
304.875,0
216.95833333333334,0
304.9166666666667,0
218.75,0
304.4166666666667,0
311.9583333333333,0
174.625,0
174.83333333333334,0
304.9583333333333,0
175.41666666666666,0
313.4166666666667,0
218.79166666666666,0
174.66666666666666,0
176.375,0
306.0416666666667,0
305.5,0
313.8333333333333,0
312.9583333333333,0
312.6666666666667,0
313.375,0
304.7916666666667,0
312.375,0
304.6666666666667,0
176.125,0
305.2083333333333,0
305.75,0
216.54166666666666,0
312.375,0
314.0,0
305.125,0
312.6666666666667,0
304.75,0
314.125,0
313.75,0
311.8333333333333,0
313.9583333333333,0
216.45833333333334,0
176.66666666666666,0
174.875,0
312.9583333333333,0
314.125,0
311.9583333333333,0
314.3333333333333,0
314.375,0
306.625,0
313.5833333333333,0
313.7083333333333,0
174.95833333333334,0
176.20833333333334,0
313.9166666666667,0
305.0416666666667,0
304.0416666666667,0
174.625,0
314.375,0
219.79166666666666,0
311.6666666666667,0
305.625,0
306.0416666666667,0
174.79166666666666,0
314.2083333333333,0
218.45833333333334,0
313.9583333333333,0
313.2916666666667,0
216.54166666666666,0
311.7916666666667,0
311.5833333333333,0
304.7083333333333,0
216.75,0
305.5416666666667,0
313.9583333333333,0
216.79166666666666,0
176.875,0
312.9166666666667,0
313.375,0
306.4166666666667,0
174.83333333333334,0
305.5416666666667,0
174.83333333333334,0
314.5416666666667,0
306.0833333333333,0
305.6666666666667,0
304.625,0
254.83333333333334,0
175.29166666666666,0
175.04166666666666,0
174.75,0
175.16666666666666,0
174.79166666666666,0
175.20833333333334,0
174.70833333333334,0
175.0,0
175.08333333333334,0
174.75,0
175.0,0
175.04166666666666,0
175.33333333333334,0
174.75,0
174.79166666666666,0
175.125,0
174.91666666666666,0
175.375,0
175.29166666666666,0
174.95833333333334,0
175.125,0
175.04166666666666,0
175.29166666666666,0
175.08333333333334,0
175.0,0
174.91666666666666,0
174.95833333333334,0
175.54166666666666,0
174.95833333333334,0
175.29166666666666,0
175.04166666666666,0
174.79166666666666,0
175.125,0
175.33333333333334,0
175.125,0
174.70833333333334,0
174.75,0
175.20833333333334,0
174.79166666666666,0
175.16666666666666,0
174.75,0
175.25,0
175.33333333333334,0
175.04166666666666,0
174.95833333333334,0
174.70833333333334,0
174.79166666666666,0
174.875,0
175.5,0
175.0,0
175.08333333333334,0
174.95833333333334,0
174.70833333333334,0
175.08333333333334,0
174.95833333333334,0
175.45833333333334,0
175.0,0
175.04166666666666,0
175.125,0
175.125,0
175.375,0
175.33333333333334,0
175.375,0
175.29166666666666,0
175.29166666666666,0
175.25,0
175.08333333333334,0
175.45833333333334,0
174.83333333333334,0
174.79166666666666,0
175.0,0
175.0,0
175.16666666666666,0
175.20833333333334,0
175.25,0
175.25,0
174.875,0
175.0,0
175.16666666666666,0
174.95833333333334,0
175.45833333333334,0
174.875,0
175.33333333333334,0
175.54166666666666,0
175.25,0
175.04166666666666,0
175.29166666666666,0
175.08333333333334,0
175.45833333333334,0
175.29166666666666,0
175.0,0
175.33333333333334,0
174.875,0
174.79166666666666,0
175.04166666666666,0
175.5,0
175.08333333333334,0
175.54166666666666,0
175.04166666666666,0
174.70833333333334,0
174.70833333333334,0
175.08333333333334,0
175.33333333333334,0
175.29166666666666,0
175.04166666666666,0
175.5,0
174.83333333333334,0
175.04166666666666,0
175.08333333333334,0
175.29166666666666,0
175.125,0
174.95833333333334,0
175.20833333333334,0
175.08333333333334,0
175.20833333333334,0
175.54166666666666,0
175.375,0
175.20833333333334,0
174.83333333333334,0
175.25,0
175.04166666666666,0
174.66666666666666,0
175.20833333333334,0
174.75,0
175.125,0
174.91666666666666,0
175.08333333333334,0
175.33333333333334,0
175.16666666666666,0
174.75,0
174.75,0
174.79166666666666,0
175.375,0
174.91666666666666,0
175.41666666666666,0
175.375,0
175.41666666666666,0
175.08333333333334,0
254.79166666666666,0
255.66666666666666,0
175.125,0
175.29166666666666,0
174.75,0
255.95833333333334,0
164.91666666666666,0
164.875,0
178.20833333333334,0
174.875,0
164.95833333333334,0
174.54166666666666,0
177.79166666666666,0
178.375,0
175.29166666666666,0
174.58333333333334,0
175.20833333333334,0
164.875,0
254.58333333333334,0
175.125,0
255.45833333333334,0
175.25,0
175.20833333333334,0
174.91666666666666,0
255.95833333333334,0
178.29166666666666,0
164.58333333333334,0
254.70833333333334,0
175.16666666666666,0
164.58333333333334,0
175.08333333333334,0
174.875,0
165.125,0
174.66666666666666,0
175.04166666666666,0
164.66666666666666,0
175.08333333333334,0
165.5,0
175.0,0
178.08333333333334,0
174.95833333333334,0
174.75,0
175.16666666666666,0
174.875,0
175.16666666666666,0
174.66666666666666,0
177.79166666666666,0
256.0833333333333,0
255.625,0
174.83333333333334,0
254.83333333333334,0
174.875,0
164.25,0
178.0,0
175.08333333333334,0
175.0,0
164.66666666666666,0
175.25,0
255.91666666666666,0
164.54166666666666,0
174.95833333333334,0
174.91666666666666,0
165.25,0
178.29166666666666,0
175.0,0
164.91666666666666,0
174.95833333333334,0
175.0,0
174.70833333333334,0
194.375,0
175.08333333333334,0
164.625,0
175.16666666666666,0
174.625,0
174.91666666666666,0
178.41666666666666,0
174.91666666666666,0
165.04166666666666,0
174.91666666666666,0
177.875,0
174.75,0
177.91666666666666,0
164.83333333333334,0
254.58333333333334,0
174.91666666666666,0
174.91666666666666,0
175.25,0
178.16666666666666,0
177.95833333333334,0
165.29166666666666,0
177.79166666666666,0
165.04166666666666,0
164.54166666666666,0
178.20833333333334,0
175.125,0
255.83333333333334,0
177.91666666666666,0
175.33333333333334,0
256.25,0
164.83333333333334,0
164.29166666666666,0
175.25,0
174.70833333333334,0
164.95833333333334,0
255.45833333333334,0
166.58333333333334,0
175.125,0
175.04166666666666,0
178.04166666666666,0
254.875,0
175.25,0
175.20833333333334,0
174.875,0
175.08333333333334,0
178.16666666666666,0
255.66666666666666,0
175.125,0
175.125,0
256.125,0
164.70833333333334,0
174.95833333333334,0
254.70833333333334,0
164.625,0
175.25,0
254.625,0
256.125,0
164.66666666666666,0
254.625,0
164.83333333333334,0
174.70833333333334,0
164.375,0
254.75,0
166.58333333333334,0
174.58333333333334,0
175.0,0
166.66666666666666,0
175.29166666666666,0
255.08333333333334,0
254.70833333333334,0
175.25,0
166.29166666666666,0
254.75,0
255.91666666666666,0
175.20833333333334,0
164.5,0
254.45833333333334,0
193.58333333333334,0
164.75,0
174.83333333333334,0
166.58333333333334,0
164.83333333333334,0
166.66666666666666,0
164.45833333333334,0
174.91666666666666,0
174.79166666666666,0
254.625,0
165.08333333333334,0
175.04166666666666,0
254.70833333333334,0
175.125,0
164.625,0
174.75,0
174.83333333333334,0
166.25,0
166.25,0
174.95833333333334,0
178.33333333333334,0
164.95833333333334,0
166.33333333333334,0
165.0,0
255.625,0
165.16666666666666,0
164.5,0
254.58333333333334,0
174.58333333333334,0
166.20833333333334,0
166.33333333333334,0
177.95833333333334,0
254.79166666666666,0
175.25,0
165.33333333333334,0
174.875,0
256.0,0
164.79166666666666,0
254.58333333333334,0
164.45833333333334,0
174.95833333333334,0
178.08333333333334,0
255.625,0
164.58333333333334,0
174.83333333333334,0
175.16666666666666,0
165.33333333333334,0
164.70833333333334,0
178.16666666666666,0
175.16666666666666,0
254.54166666666666,0
164.45833333333334,0
165.08333333333334,0
174.75,0
164.95833333333334,0
165.125,0
165.29166666666666,0
175.08333333333334,0
174.79166666666666,0
175.08333333333334,0
164.875,0
174.95833333333334,0
175.0,0
174.625,0
174.66666666666666,0
175.16666666666666,0
178.20833333333334,0
174.58333333333334,0
164.66666666666666,0
255.70833333333334,0
174.79166666666666,0
178.375,0
178.25,0
255.08333333333334,0
256.4583333333333,0
175.16666666666666,0
174.83333333333334,0
174.83333333333334,0
174.875,0
175.33333333333334,0
175.20833333333334,0
175.08333333333334,0
174.875,0
175.125,0
255.70833333333334,0
165.33333333333334,0
164.375,0
174.95833333333334,0
164.83333333333334,0
175.20833333333334,0
175.29166666666666,0
165.25,0
178.20833333333334,0
174.75,0
175.0,0
254.5,0
178.375,0
175.0,0
175.25,0
178.125,0
166.66666666666666,0
164.5,0
165.08333333333334,0
178.04166666666666,0
175.125,0
164.33333333333334,0
177.83333333333334,0
174.79166666666666,0
254.70833333333334,0
174.625,0
174.75,0
166.625,0
174.95833333333334,0
165.54166666666666,0
165.41666666666666,0
178.25,0
165.45833333333334,0
254.45833333333334,0
174.66666666666666,0
255.875,0
178.125,0
178.375,0
178.0,0
164.58333333333334,0
174.83333333333334,0
174.91666666666666,0
254.58333333333334,0
174.875,0
164.29166666666666,0
255.375,0
175.08333333333334,0
175.125,0
178.25,0
174.83333333333334,0
177.95833333333334,0
174.95833333333334,0
174.83333333333334,0
175.08333333333334,0
164.625,0
177.83333333333334,0
255.70833333333334,0
174.91666666666666,0
256.0,0
193.75,0
164.79166666666666,0
165.54166666666666,0
178.33333333333334,0
177.91666666666666,0
254.75,0
174.66666666666666,0
174.83333333333334,0
174.83333333333334,0
174.83333333333334,0
174.54166666666666,0
175.20833333333334,0
175.25,0
166.29166666666666,0
174.875,0
164.875,0
174.70833333333334,0
165.54166666666666,0
255.66666666666666,0
178.125,0
164.75,0
166.33333333333334,0
175.0,0
174.91666666666666,0
165.04166666666666,0
174.875,0
174.875,0
164.79166666666666,0
174.83333333333334,0
174.875,0
165.33333333333334,0
164.70833333333334,0
175.125,0
256.0,0
178.41666666666666,0
175.0,0
175.29166666666666,0
174.79166666666666,0
174.91666666666666,0
177.875,0
174.95833333333334,0
174.875,0
164.75,0
175.33333333333334,0
177.83333333333334,0
175.0,0
164.375,0
174.95833333333334,0
166.66666666666666,0
175.29166666666666,0
164.70833333333334,0
165.375,0
164.33333333333334,0
164.25,0
175.04166666666666,0
164.66666666666666,0
178.04166666666666,0
174.95833333333334,0
256.375,0
175.20833333333334,0
178.0,0
174.75,0
175.20833333333334,0
177.83333333333334,0
164.45833333333334,0
178.125,0
174.875,0
174.83333333333334,0
177.875,0
164.70833333333334,0
174.79166666666666,0
164.625,0
164.95833333333334,0
175.04166666666666,0
177.875,0
165.29166666666666,0
174.79166666666666,0
254.54166666666666,0
254.625,0
178.25,0
174.79166666666666,0
174.83333333333334,0
177.91666666666666,0
164.33333333333334,0
178.08333333333334,0
178.04166666666666,0
174.91666666666666,0
178.08333333333334,0
174.75,0
166.625,0
175.125,0
178.33333333333334,0
178.29166666666666,0
164.625,0
254.75,0
166.29166666666666,0
178.0,0
255.625,0
164.79166666666666,0
175.04166666666666,0
174.54166666666666,0
174.875,0
175.16666666666666,0
174.91666666666666,0
175.125,0
174.54166666666666,0
174.95833333333334,0
175.04166666666666,0
255.95833333333334,0
164.66666666666666,0
164.83333333333334,0
256.4583333333333,0
164.54166666666666,0
164.95833333333334,0
174.79166666666666,0
175.20833333333334,0
254.5,0
165.04166666666666,0
175.25,0
166.25,0
165.16666666666666,0
166.20833333333334,0
193.70833333333334,0
193.75,0
165.33333333333334,0
164.70833333333334,0
254.70833333333334,0
256.3333333333333,0
165.41666666666666,0
254.29166666666666,0
166.45833333333334,0
165.45833333333334,0
165.75,0
256.1666666666667,0
164.875,0
255.83333333333334,0
194.0,0
256.4583333333333,0
165.75,0
174.33333333333334,0
255.375,0
193.83333333333334,0
254.58333333333334,0
164.41666666666666,0
256.0,0
256.2083333333333,0
255.41666666666666,0
193.79166666666666,0
255.875,0
254.75,0
254.70833333333334,0
255.08333333333334,0
256.2916666666667,0
254.75,0
254.45833333333334,0
254.91666666666666,0
164.58333333333334,0
165.04166666666666,0
193.33333333333334,0
193.625,0
164.95833333333334,0
254.95833333333334,0
256.3333333333333,0
254.83333333333334,0
254.58333333333334,0
254.25,0
193.33333333333334,0
164.95833333333334,0
256.5416666666667,0
254.79166666666666,0
194.0,0
193.625,0
165.20833333333334,0
254.66666666666666,0
165.08333333333334,0
254.625,0
193.75,0
193.79166666666666,0
254.29166666666666,0
194.125,0
254.875,0
257.0833333333333,0
165.04166666666666,0
256.4166666666667,0
254.66666666666666,0
254.91666666666666,0
254.70833333333334,0
256.5833333333333,0
254.95833333333334,0
193.41666666666666,0
255.83333333333334,0
254.5,0
256.6666666666667,0
193.125,0
193.125,0
193.875,0
193.625,0
254.375,0
193.58333333333334,0
254.75,0
255.95833333333334,0
254.33333333333334,0
255.875,0
254.375,0
254.375,0
165.20833333333334,0
164.625,0
193.70833333333334,0
256.5,0
255.54166666666666,0
193.70833333333334,0
256.0,0
193.41666666666666,0
165.29166666666666,0
256.0416666666667,0
165.41666666666666,0
254.41666666666666,0
165.54166666666666,0
193.58333333333334,0
254.41666666666666,0
193.79166666666666,0
254.75,0
254.25,0
255.5,0
193.66666666666666,0
255.91666666666666,0
182.29166666666666,0
254.33333333333334,0
193.58333333333334,0
254.70833333333334,0
257.3333333333333,0
165.0,0
194.16666666666666,0
194.04166666666666,0
255.66666666666666,0
193.75,0
193.75,0
165.41666666666666,0
193.58333333333334,0
193.54166666666666,0
193.5,0
255.04166666666666,0
254.66666666666666,0
254.58333333333334,0
255.83333333333334,0
164.66666666666666,0
164.875,0
164.41666666666666,0
254.70833333333334,0
255.66666666666666,0
164.875,0
165.04166666666666,0
165.54166666666666,0
255.95833333333334,0
256.2916666666667,0
193.66666666666666,0
255.04166666666666,0
254.75,0
255.33333333333334,0
254.79166666666666,0
255.54166666666666,0
256.0416666666667,0
164.41666666666666,0
256.2916666666667,0
254.45833333333334,0
255.375,0
256.4166666666667,0
254.66666666666666,0
254.70833333333334,0
165.04166666666666,0
254.375,0
256.0,0
164.70833333333334,0
255.875,0
164.25,0
255.0,0
255.875,0
164.20833333333334,0
254.375,0
254.45833333333334,0
164.66666666666666,0
255.91666666666666,0
165.25,0
255.70833333333334,0
255.75,0
255.83333333333334,0
254.45833333333334,0
256.2916666666667,0
164.625,0
164.58333333333334,0
164.25,0
165.29166666666666,0
194.0,0
254.54166666666666,0
254.16666666666666,0
193.16666666666666,0
255.95833333333334,0
164.91666666666666,0
193.79166666666666,0
255.875,0
255.91666666666666,0
165.29166666666666,0
255.04166666666666,0
164.75,0
193.91666666666666,0
255.625,0
256.0,0
254.66666666666666,0
254.66666666666666,0
256.2083333333333,0
254.79166666666666,0
164.83333333333334,0
165.25,0
164.91666666666666,0
254.375,0
193.45833333333334,0
254.125,0
193.83333333333334,0
254.125,0
254.625,0
254.29166666666666,0
164.875,0
254.875,0
165.04166666666666,0
194.08333333333334,0
193.83333333333334,0
194.08333333333334,0
255.625,0
256.375,0
255.875,0
254.5,0
193.25,0
256.2916666666667,0
164.70833333333334,0
193.875,0
193.875,0
194.125,0
254.83333333333334,0
254.54166666666666,0
256.2083333333333,0
254.75,0
255.95833333333334,0
255.95833333333334,0
193.66666666666666,0
193.70833333333334,0
193.95833333333334,0
256.6666666666667,0
254.95833333333334,0
164.5,0
254.70833333333334,0
255.95833333333334,0
254.75,0
193.41666666666666,0
193.16666666666666,0
255.79166666666666,0
254.04166666666666,0
193.54166666666666,0
254.91666666666666,0
254.41666666666666,0
164.91666666666666,0
255.58333333333334,0
165.20833333333334,0
164.25,0
165.125,0
4.583333333333333,0
136.5,0
193.83333333333334,0
136.5,0
846.3333333333334,0
781.75,0
844.1666666666666,0
781.7916666666666,0
764.0,0
846.5416666666666,0
781.375,0
846.0416666666666,0
781.875,0
781.75,0
781.625,0
781.75,0
724.125,0
781.4166666666666,0
780.9166666666666,0
724.4166666666666,0
724.0833333333334,0
724.0833333333334,0
724.25,0
723.875,0
723.8333333333334,0
724.25,0
724.125,0
722.375,0
916.4583333333334,0
846.4166666666666,0
846.7083333333334,0
917.75,0
750.3333333333334,0
781.4166666666666,0
780.7916666666666,0
781.3333333333334,0
781.4166666666666,0
781.625,0
780.9583333333334,0
781.125,0
780.9166666666666,0
780.875,0
781.3333333333334,0
782.0,0
781.375,0
781.625,0
781.2083333333334,0
782.375,0
781.4166666666666,0
781.2083333333334,0
782.875,0
781.8333333333334,0
780.75,0
781.7083333333334,0
781.125,0
843.875,0
780.7916666666666,0
764.0416666666666,0
780.9166666666666,0
781.2083333333334,0
782.7916666666666,0
780.875,0
763.9583333333334,0
781.5,0
675.75,0
781.3333333333334,0
781.7083333333334,0
781.25,0
780.6666666666666,0
782.9166666666666,0
781.25,0
764.25,0
763.875,0
781.5833333333334,0
782.6666666666666,0
781.2916666666666,0
782.3333333333334,0
781.4166666666666,0
781.2083333333334,0
782.375,0
723.8333333333334,0
781.7916666666666,0
782.7916666666666,0
781.75,0
780.8333333333334,0
781.0,0
781.8333333333334,0
676.1666666666666,0
916.7916666666666,0
781.7083333333334,0
780.75,0
780.7916666666666,0
781.375,0
764.25,0
781.2083333333334,0
764.0416666666666,0
780.8333333333334,0
763.75,0
781.0833333333334,0
781.1666666666666,0
781.0,0
781.7916666666666,0
781.5416666666666,0
781.0833333333334,0
781.3333333333334,0
781.1666666666666,0
781.5833333333334,0
781.0,0
781.625,0
781.75,0
781.6666666666666,0
780.7083333333334,0
764.125,0
782.7083333333334,0
781.5833333333334,0
781.2083333333334,0
782.5833333333334,0
781.5833333333334,0
843.7916666666666,0
763.7916666666666,0
780.7083333333334,0
780.875,0
780.9583333333334,0
781.0833333333334,0
781.7916666666666,0
781.7916666666666,0
781.0416666666666,0
781.25,0
781.3333333333334,0
846.25,0
781.7083333333334,0
781.125,0
675.9166666666666,0
782.4166666666666,0
782.5833333333334,0
781.4166666666666,0
763.8333333333334,0
781.5416666666666,0
781.25,0
781.5416666666666,0
782.0,0
675.75,0
780.875,0
781.5416666666666,0
781.0416666666666,0
781.8333333333334,0
764.0833333333334,0
782.2916666666666,0
781.7916666666666,0
781.5833333333334,0
781.5,0
781.1666666666666,0
781.4583333333334,0
780.9583333333334,0
780.9583333333334,0
781.0833333333334,0
781.6666666666666,0
675.7083333333334,0
780.75,0
782.6666666666666,0
781.5,0
782.5,0
781.125,0
781.375,0
781.0,0
676.2083333333334,0
780.875,0
781.625,0
781.625,0
781.5416666666666,0
916.7083333333334,0
781.5833333333334,0
781.625,0
782.8333333333334,0
781.5,0
781.375,0
763.6666666666666,0
782.5,0
781.3333333333334,0
763.8333333333334,0
781.375,0
782.3333333333334,0
763.7916666666666,0
781.1666666666666,0
781.4583333333334,0
764.1666666666666,0
781.5833333333334,0
782.0416666666666,0
764.1666666666666,0
676.3333333333334,0
781.6666666666666,0
781.25,0
781.2083333333334,0
781.7916666666666,0
780.8333333333334,0
781.2916666666666,0
780.9166666666666,0
781.375,0
781.3333333333334,0
781.3333333333334,0
781.1666666666666,0
781.25,0
846.6666666666666,0
781.25,0
781.7916666666666,0
781.375,0
846.1666666666666,0
916.2916666666666,0
917.5833333333334,0
916.25,0
763.75,0
916.3333333333334,0
916.625,0
916.375,0
916.1666666666666,0
916.625,0
916.4166666666666,0
781.1666666666666,0
844.0833333333334,0
916.625,0
917.4583333333334,0
844.0,0
916.7916666666666,0
916.7083333333334,0
784.625,0
764.25,0
916.125,0
916.1666666666666,0
917.2916666666666,0
917.625,0
916.4583333333334,0
916.7916666666666,0
916.2916666666666,0
917.375,0
916.5,0
787.9583333333334,0
916.5416666666666,0
916.625,0
780.8333333333334,0
916.625,0
916.25,0
917.25,0
916.625,0
965.25,0
375.1666666666667,0
916.9166666666666,0
916.875,0
875.5,0
881.5416666666666,0
916.7083333333334,0
917.6666666666666,0
917.75,0
916.5,0
916.75,0
781.4583333333334,0
916.5,0
916.4166666666666,0
915.9583333333334,0
917.2083333333334,0
917.875,0
781.0833333333334,0
917.5416666666666,0
722.4583333333334,0
916.5,0
917.5833333333334,0
917.6666666666666,0
916.8333333333334,0
916.2916666666666,0
916.7083333333334,0
916.8333333333334,0
738.5833333333334,0
916.3333333333334,0
916.7083333333334,0
917.375,0
917.25,0
916.5,0
917.5416666666666,0
916.5416666666666,0
783.8333333333334,0
965.4166666666666,0
844.2083333333334,0
723.875,0
781.3333333333334,0
916.875,0
916.6666666666666,0
916.3333333333334,0
916.8333333333334,0
916.8333333333334,0
800.0833333333334,0
916.2916666666666,0
722.375,0
722.0,0
917.4166666666666,0
916.875,0
916.25,0
916.875,0
781.4583333333334,0
916.625,0
916.75,0
917.5,0
916.7916666666666,0
916.875,0
917.375,0
917.9583333333334,0
781.0833333333334,0
917.2916666666666,0
721.4166666666666,0
965.2916666666666,0
916.7083333333334,0
918.4166666666666,0
917.75,0
917.375,0
782.5,0
916.4583333333334,0
917.4583333333334,0
923.6666666666666,0
917.2916666666666,0
917.7083333333334,0
916.375,0
916.75,0
917.375,0
917.5416666666666,0
781.3333333333334,0
965.2916666666666,0
916.7916666666666,0
918.2083333333334,0
916.25,0
781.25,0
844.25,0
844.25,0
843.9166666666666,0
844.0416666666666,0
917.4166666666666,0
916.5416666666666,0
917.0416666666666,0
916.875,0
916.625,0
724.5416666666666,0
916.5416666666666,0
916.25,0
916.4166666666666,0
916.0416666666666,0
916.4583333333334,0
916.7916666666666,0
916.2916666666666,0
916.6666666666666,0
916.875,0
917.4583333333334,0
916.4166666666666,0
780.9583333333334,0
781.0,0
916.4166666666666,0
917.4166666666666,0
747.125,0
918.375,0
735.9583333333334,0
918.0416666666666,0
918.125,0
917.5416666666666,0
916.8333333333334,0
837.7916666666666,0
917.375,0
916.5,0
916.5833333333334,0
916.75,0
916.4166666666666,0
917.6666666666666,0
916.375,0
918.375,0
916.3333333333334,0
1071.1666666666667,0
918.0416666666666,0
918.0833333333334,0
739.8333333333334,0
801.0416666666666,0
916.3333333333334,0
1025.2916666666667,0
916.7916666666666,0
918.25,0
916.3333333333334,0
918.0833333333334,0
773.7083333333334,0
918.4166666666666,0
613.125,0
916.5416666666666,0
918.0416666666666,0
917.8333333333334,0
916.5,0
916.5416666666666,0
917.7083333333334,0
916.75,0
965.75,0
916.625,0
923.8333333333334,0
917.5,0
916.375,0
965.4583333333334,0
915.75,0
916.625,0
917.6666666666666,0
781.2916666666666,0
916.4583333333334,0
916.6666666666666,0
916.375,0
916.8333333333334,0
917.5,0
916.4166666666666,0
916.75,0
916.375,0
916.75,0
916.7916666666666,0
916.375,0
804.5833333333334,0
917.7916666666666,0
916.75,0
808.6666666666666,0
775.7916666666666,0
862.0416666666666,0
916.75,0
916.3333333333334,0
918.2083333333334,0
669.5416666666666,0
762.0833333333334,0
916.7083333333334,0
917.4583333333334,0
916.7916666666666,0
916.2916666666666,0
916.625,0
918.25,0
916.4583333333334,0
916.5833333333334,0
917.5,0
917.625,0
916.625,0
916.5,0
916.75,0
916.4583333333334,0
916.7916666666666,0
748.875,0
916.5416666666666,0
917.3333333333334,0
806.125,0
916.875,0
918.3333333333334,0
918.25,0
731.1666666666666,0
916.7916666666666,0
916.7083333333334,0
916.9583333333334,0
1081.2916666666667,0
916.3333333333334,0
916.75,0
792.125,0
916.75,0
916.3333333333334,0
916.7083333333334,0
916.4166666666666,0
918.125,0
916.7083333333334,0
917.7083333333334,0
793.5833333333334,0
801.7083333333334,0
916.5416666666666,0
977.7916666666666,0
916.4166666666666,0
917.3333333333334,0
917.4583333333334,0
916.3333333333334,0
916.8333333333334,0
918.0833333333334,0
917.5833333333334,0
917.375,0
917.7083333333334,0
917.2916666666666,0
975.1666666666666,0
916.375,0
916.875,0
916.4583333333334,0
802.7916666666666,0
918.2916666666666,0
917.4166666666666,0
916.4583333333334,0
917.6666666666666,0
917.2916666666666,0
916.7916666666666,0
916.375,0
916.375,0
917.8333333333334,0
918.2083333333334,0
917.25,0
623.625,0
917.625,0
916.7916666666666,0
916.875,0
916.75,0
918.2916666666666,0
916.5833333333334,0
754.8333333333334,0
916.625,0
917.4166666666666,0
916.75,0
916.875,0
916.2083333333334,0
916.7916666666666,0
916.2916666666666,0
917.2083333333334,0
1107.625,0
918.375,0
833.375,0
916.8333333333334,0
916.4166666666666,0
917.5833333333334,0
917.5833333333334,0
916.5416666666666,0
917.5833333333334,0
917.3333333333334,0
917.2083333333334,0
917.625,0
916.7083333333334,0
917.7916666666666,0
917.5,0
917.625,0
917.5833333333334,0
917.5833333333334,0
916.2916666666666,0
916.9166666666666,0
916.4166666666666,0
917.2916666666666,0
917.8333333333334,0
917.4583333333334,0
917.7916666666666,0
917.7916666666666,0
917.2916666666666,0
916.3333333333334,0
916.7916666666666,0
917.2916666666666,0
917.4166666666666,0
917.75,0
917.75,0
916.375,0
916.3333333333334,0
916.375,0
917.4166666666666,0
917.7916666666666,0
923.375,0
917.8333333333334,0
923.375,0
916.6666666666666,0
916.5416666666666,0
916.875,0
917.4166666666666,0
917.4583333333334,0
917.2916666666666,0
917.5416666666666,0
916.6666666666666,0
917.4166666666666,0
916.125,0
916.2916666666666,0
917.375,0
916.5,0
916.7916666666666,0
917.4583333333334,0
916.7916666666666,0
917.5416666666666,0
917.25,0
916.8333333333334,0
916.2916666666666,0
917.25,0
916.5833333333334,0
916.3333333333334,0
918.25,0
917.75,0
916.7916666666666,0
916.625,0
917.875,0
917.375,0
916.9166666666666,0
916.4166666666666,0
917.9583333333334,0
916.9583333333334,0
916.875,0
916.7916666666666,0
781.0833333333334,0
781.2916666666666,0
781.125,0
916.7916666666666,0
781.0416666666666,0
781.125,0
916.8333333333334,0
918.1666666666666,0
781.3333333333334,0
780.8333333333334,0
918.2083333333334,0
916.625,0
781.375,0
916.625,0
781.375,0
780.875,0
781.3333333333334,0
781.1666666666666,0
781.375,0
781.125,0
781.125,0
781.2916666666666,0
916.25,0
780.9166666666666,0
781.2916666666666,0
917.3333333333334,0
917.4166666666666,0
923.7916666666666,0
915.9583333333334,0
916.4166666666666,0
923.5833333333334,0
965.375,0
923.7083333333334,0
917.3333333333334,0
916.5416666666666,0
923.625,0
917.9166666666666,0
916.8333333333334,0
780.7916666666666,0
965.5833333333334,0
781.0833333333334,0
916.7083333333334,0
917.5,0
780.875,0
923.5,0
781.4583333333334,0
918.4583333333334,0
916.4166666666666,0
917.7083333333334,0
780.9583333333334,0
965.5833333333334,0
918.4166666666666,0
781.125,0
923.4166666666666,0
923.5833333333334,0
916.625,0
917.5,0
917.2083333333334,0
918.0,0
917.3333333333334,0
923.375,0
721.5416666666666,0
965.75,0
916.7916666666666,0
918.2083333333334,0
916.5416666666666,0
916.8333333333334,0
916.8333333333334,0
917.0,0
916.25,0
916.3333333333334,0
917.8333333333334,0
917.0833333333334,0
923.875,0
781.4166666666666,0
917.9583333333334,0
846.375,0
917.7083333333334,0
780.8333333333334,0
965.5,0
917.5833333333334,0
917.875,0
917.4166666666666,0
724.0416666666666,0
916.875,0
781.2916666666666,0
781.2083333333334,0
781.2083333333334,0
722.4166666666666,0
916.5833333333334,0
917.75,0
846.5833333333334,0
965.6666666666666,0
917.3333333333334,0
923.5416666666666,0
916.5833333333334,0
918.125,0
724.2916666666666,0
721.9166666666666,0
917.6666666666666,0
781.0416666666666,0
708.0,0
723.875,0
719.2083333333334,0
916.3333333333334,0
724.2083333333334,0
738.375,0
724.3333333333334,0
719.2083333333334,0
781.3333333333334,0
781.0416666666666,0
780.9166666666666,0
781.25,0
780.875,0
781.0,0
781.3333333333334,0
780.9166666666666,0
780.875,0
781.2083333333334,0
780.9583333333334,0
781.0416666666666,0
723.9583333333334,0
780.8333333333334,0
781.75,0
781.4166666666666,0
675.875,0
781.375,0
782.875,0
781.7083333333334,0
723.75,0
781.25,0
781.5833333333334,0
781.125,0
781.2916666666666,0
781.375,0
781.625,0
781.625,0
782.75,0
782.7916666666666,0
764.2083333333334,0
781.5833333333334,0
781.125,0
781.1666666666666,0
780.7083333333334,0
780.625,0
781.2916666666666,0
781.0833333333334,0
781.5,0
781.6666666666666,0
781.7083333333334,0
781.625,0
780.9583333333334,0
781.1666666666666,0
724.125,0
916.875,0
917.2083333333334,0
965.2916666666666,0
923.3333333333334,0
916.5,0
917.0833333333334,0
916.5416666666666,0
965.5416666666666,0
916.5833333333334,0
923.8333333333334,0
965.625,0
916.875,0
916.2916666666666,0
918.0,0
916.75,0
917.875,0
916.5,0
917.0,0
917.3333333333334,0
917.9166666666666,0
916.4583333333334,0
917.5,0
965.625,0
917.9583333333334,0
917.1666666666666,0
917.0833333333334,0
917.75,0
965.125,0
965.4166666666666,0
916.75,0
923.6666666666666,0
923.375,0
917.4166666666666,0
917.7916666666666,0
917.5,0
918.125,0
780.875,0
781.0,0
780.9166666666666,0
780.875,0
780.8333333333334,0
781.25,0
780.9583333333334,0
781.0,0
781.3333333333334,0
724.0,0
724.125,0
923.75,0
916.2916666666666,0
917.2916666666666,0
917.5416666666666,0
923.75,0
917.625,0
916.25,0
923.875,0
923.6666666666666,0
916.9166666666666,0
917.4166666666666,0
917.8333333333334,0
916.625,0
923.25,0
923.5833333333334,0
724.4166666666666,0
723.9166666666666,0
707.75,0
676.9166666666666,0
676.8333333333334,0
916.7916666666666,0
917.75,0
723.7083333333334,0
722.5,0
965.1666666666666,0
916.6666666666666,0
917.7083333333334,0
781.2916666666666,0
917.875,0
916.75,0
917.7083333333334,0
917.5,0
917.375,0
916.4166666666666,0
917.125,0
917.625,0
916.3333333333334,0
916.375,0
917.25,0
965.4166666666666,0
917.75,0
965.7083333333334,0
916.75,0
965.4583333333334,0
781.6666666666666,0
918.2916666666666,0
916.3333333333334,0
916.9583333333334,0
916.4166666666666,0
965.5833333333334,0
917.5416666666666,0
916.5416666666666,0
917.0416666666666,0
916.8333333333334,0
917.5,0
916.9583333333334,0
916.75,0
918.3333333333334,0
916.3333333333334,0
916.2916666666666,0
916.5416666666666,0
916.6666666666666,0
923.75,0
917.4166666666666,0
916.7916666666666,0
917.25,0
916.25,0
916.25,0
923.25,0
917.75,0
965.375,0
918.1666666666666,0
923.5416666666666,0
916.4583333333334,0
916.5,0
916.5833333333334,0
965.1666666666666,0
916.875,0
965.4583333333334,0
916.625,0
917.8333333333334,0
916.8333333333334,0
916.25,0
917.4166666666666,0
916.0833333333334,0
916.625,0
918.1666666666666,0
917.9583333333334,0
917.75,0
917.9166666666666,0
917.7083333333334,0
918.4166666666666,0
916.5416666666666,0
916.4166666666666,0
965.1666666666666,0
916.9583333333334,0
917.6666666666666,0
917.7916666666666,0
923.4583333333334,0
916.5416666666666,0
917.9583333333334,0
917.7083333333334,0
917.8333333333334,0
917.7916666666666,0
917.3333333333334,0
916.8333333333334,0
918.4583333333334,0
923.5416666666666,0
916.7916666666666,0
916.25,0
917.5833333333334,0
916.4583333333334,0
917.9166666666666,0
917.5416666666666,0
965.7083333333334,0
917.5,0
917.2916666666666,0
916.4583333333334,0
917.4166666666666,0
917.75,0
923.7916666666666,0
917.375,0
917.875,0
916.5833333333334,0
916.3333333333334,0
916.5,0
917.7916666666666,0
917.7916666666666,0
915.7916666666666,0
916.7083333333334,0
917.0416666666666,0
917.9583333333334,0
917.2916666666666,0
917.625,0
917.875,0
916.4166666666666,0
917.4583333333334,0
916.5,0
917.375,0
917.5833333333334,0
917.75,0
916.7083333333334,0
916.75,0
916.7083333333334,0
917.5416666666666,0
917.7916666666666,0
917.75,0
917.625,0
917.25,0
917.5833333333334,0
917.2083333333334,0
923.5,0
918.0,0
918.0,0
923.4166666666666,0
917.375,0
917.5,0
965.375,0
917.4583333333334,0
917.6666666666666,0
916.4166666666666,0
917.1666666666666,0
918.4583333333334,0
917.4166666666666,0
916.5833333333334,0
916.4583333333334,0
917.75,0
917.3333333333334,0
917.75,0
916.5,0
923.7916666666666,0
916.7083333333334,0
916.7083333333334,0
916.5416666666666,0
917.5416666666666,0
915.9583333333334,0
916.5833333333334,0
917.7083333333334,0
780.8333333333334,0
916.4583333333334,0
917.5416666666666,0
916.4166666666666,0
923.8333333333334,0
917.25,0
916.9166666666666,0
916.375,0
916.5833333333334,0
916.6666666666666,0
916.5416666666666,0
916.5416666666666,0
916.3333333333334,0
916.3333333333334,0
917.5416666666666,0
916.625,0
965.2083333333334,0
916.7083333333334,0
916.75,0
916.625,0
917.4166666666666,0
916.5,0
917.875,0
917.4583333333334,0
916.875,0
915.875,0
917.75,0
917.25,0
916.3333333333334,0
916.6666666666666,0
916.5833333333334,0
916.8333333333334,0
917.7916666666666,0
916.0,0
916.6666666666666,0
923.3333333333334,0
916.6666666666666,0
917.6666666666666,0
916.4583333333334,0
916.2916666666666,0
916.2916666666666,0
916.5416666666666,0
917.5416666666666,0
916.4583333333334,0
965.4166666666666,0
917.2916666666666,0
916.3333333333334,0
965.5833333333334,0
916.25,0
917.125,0
916.875,0
917.375,0
923.2916666666666,0
916.625,0
916.7916666666666,0
916.6666666666666,0
916.625,0
916.7083333333334,0
916.2916666666666,0
916.8333333333334,0
916.7916666666666,0
917.7083333333334,0
923.3333333333334,0
917.625,0
916.5833333333334,0
916.375,0
923.6666666666666,0
923.5,0
916.9166666666666,0
916.7916666666666,0
916.5416666666666,0
916.5,0
916.375,0
916.375,0
965.25,0
916.875,0
916.5,0
916.0833333333334,0
916.6666666666666,0
916.625,0
916.7916666666666,0
916.1666666666666,0
916.8333333333334,0
916.6666666666666,0
916.2916666666666,0
916.5,0
917.3333333333334,0
916.875,0
916.25,0
917.5,0
916.7916666666666,0
916.4583333333334,0
916.7083333333334,0
917.4583333333334,0
917.875,0
916.4166666666666,0
917.5,0
916.5833333333334,0
916.6666666666666,0
916.75,0
915.8333333333334,0
916.5,0
916.8333333333334,0
916.5833333333334,0
916.4583333333334,0
916.5833333333334,0
917.25,0
965.2083333333334,0
917.3333333333334,0
916.4166666666666,0
965.6666666666666,0
916.625,0
918.4166666666666,0
916.25,0
917.2916666666666,0
916.5416666666666,0
917.0416666666666,0
916.7916666666666,0
965.5416666666666,0
916.5,0
916.5833333333334,0
916.4166666666666,0
916.75,0
917.375,0
916.3333333333334,0
781.2916666666666,0
780.9166666666666,0
916.5,0
722.4166666666666,0
722.625,0
916.8333333333334,0
722.6666666666666,0
965.625,0
917.9166666666666,0
965.125,0
965.25,0
916.5416666666666,0
916.2916666666666,0
923.625,0
923.4583333333334,0
916.5,0
916.9166666666666,0
916.8333333333334,0
916.4166666666666,0
781.0833333333334,0
722.4166666666666,0
724.25,0
917.5416666666666,0
965.25,0
923.625,0
917.375,0
923.2916666666666,0
916.7083333333334,0
916.7083333333334,0
917.1666666666666,0
917.25,0
917.5416666666666,0
917.3333333333334,0
917.3333333333334,0
917.2916666666666,0
916.2916666666666,0
916.7083333333334,0
917.6666666666666,0
916.5416666666666,0
916.5,0
917.4166666666666,0
724.5,0
916.9166666666666,0
709.7916666666666,0
965.1666666666666,0
923.625,0
917.4583333333334,0
916.625,0
917.4166666666666,0
917.6666666666666,0
916.75,0
917.9583333333334,0
917.6666666666666,0
916.3333333333334,0
916.25,0
916.4166666666666,0
923.375,0
965.3333333333334,0
917.3333333333334,0
965.5416666666666,0
916.5833333333334,0
917.4583333333334,0
965.375,0
917.375,0
965.625,0
916.25,0
965.4166666666666,0
917.5416666666666,0
916.5,0
916.375,0
916.4583333333334,0
965.1666666666666,0
965.125,0
916.5,0
917.6666666666666,0
965.4583333333334,0
917.7083333333334,0
917.1666666666666,0
916.875,0
917.7083333333334,0
916.4166666666666,0
916.8333333333334,0
916.7083333333334,0
916.75,0
916.4166666666666,0
917.0,0
923.4583333333334,0
917.4166666666666,0
916.75,0
916.4166666666666,0
916.7916666666666,0
916.625,0
917.7083333333334,0
916.3333333333334,0
916.7916666666666,0
917.5416666666666,0
916.5833333333334,0
916.4583333333334,0
916.25,0
917.0833333333334,0
781.125,0
724.375,0
781.625,0
781.3333333333334,0
781.375,0
844.5,0
781.5416666666666,0
782.7916666666666,0
917.5833333333334,0
781.8333333333334,0
916.5833333333334,0
781.5416666666666,0
780.9166666666666,0
917.875,0
918.0,0
916.2916666666666,0
781.2083333333334,0
764.1666666666666,0
780.875,0
780.875,0
781.375,0
844.125,0
916.5,0
843.875,0
844.125,0
844.0416666666666,0
918.0416666666666,0
923.2916666666666,0
918.0416666666666,0
917.3333333333334,0
917.9166666666666,0
916.6666666666666,0
844.1666666666666,0
781.5416666666666,0
916.75,0
917.0416666666666,0
722.6666666666666,0
917.8333333333334,0
774.3333333333334,0
844.25,0
723.8333333333334,0
724.0,0
923.7916666666666,0
916.375,0
917.7916666666666,0
917.0,0
917.5833333333334,0
923.5416666666666,0
916.4166666666666,0
916.8333333333334,0
916.8333333333334,0
917.5833333333334,0
916.4166666666666,0
781.5833333333334,0
724.125,0
843.9583333333334,0
843.7916666666666,0
844.375,0
916.375,0
917.6666666666666,0
844.375,0
844.2083333333334,0
843.8333333333334,0
916.3333333333334,0
844.25,0
844.4166666666666,0
845.9166666666666,0
709.7083333333334,0
780.875,0
781.7916666666666,0
781.0416666666666,0
917.2916666666666,0
917.25,0
781.5833333333334,0
781.7083333333334,0
780.9583333333334,0
781.4583333333334,0
781.5833333333334,0
916.5416666666666,0
916.75,0
916.4583333333334,0
724.0833333333334,0
916.25,0
917.125,0
916.9166666666666,0
916.4583333333334,0
916.0833333333334,0
916.8333333333334,0
781.75,0
780.9583333333334,0
916.2916666666666,0
781.4166666666666,0
846.0,0
773.875,0
916.5416666666666,0
917.8333333333334,0
843.8333333333334,0
916.5833333333334,0
916.6666666666666,0
965.7083333333334,0
916.7083333333334,0
917.6666666666666,0
724.375,0
916.9166666666666,0
915.8333333333334,0
780.7916666666666,0
780.9583333333334,0
917.4583333333334,0
916.7083333333334,0
917.7083333333334,0
916.2916666666666,0
917.375,0
916.75,0
916.25,0
916.75,0
916.5416666666666,0
916.5416666666666,0
723.4166666666666,0
916.9583333333334,0
916.25,0
916.7916666666666,0
916.2916666666666,0
923.5,0
917.5416666666666,0
916.5833333333334,0
781.25,0
781.1666666666666,0
780.875,0
844.0416666666666,0
844.0416666666666,0
916.0,0
916.5416666666666,0
916.375,0
916.4583333333334,0
916.7083333333334,0
917.5833333333334,0
917.2083333333334,0
916.8333333333334,0
916.875,0
916.4166666666666,0
916.4166666666666,0
916.5833333333334,0
916.5416666666666,0
916.2916666666666,0
916.5833333333334,0
844.125,0
844.1666666666666,0
844.3333333333334,0
723.6666666666666,0
723.75,0
844.2083333333334,0
844.0,0
724.2916666666666,0
844.25,0
843.9166666666666,0
843.9583333333334,0
723.9583333333334,0
724.625,0
843.8333333333334,0
723.9166666666666,0
844.0416666666666,0
724.1666666666666,0
844.0416666666666,0
844.0833333333334,0
723.9166666666666,0
724.4166666666666,0
843.9166666666666,0
724.25,0
844.5,0
724.4166666666666,0
722.4583333333334,0
843.6666666666666,0
844.25,0
722.4166666666666,0
845.875,0
844.0833333333334,0
844.25,0
844.0,0
723.9166666666666,0
724.375,0
846.375,0
724.625,0
844.1666666666666,0
723.8333333333334,0
846.0833333333334,0
724.0,0
844.2083333333334,0
844.4583333333334,0
724.0833333333334,0
724.1666666666666,0
844.0,0
724.25,0
844.4583333333334,0
723.6666666666666,0
724.2083333333334,0
723.625,0
722.0,0
844.2916666666666,0
724.125,0
844.2916666666666,0
724.375,0
844.2916666666666,0
844.0833333333334,0
846.2916666666666,0
722.25,0
723.6666666666666,0
724.0416666666666,0
722.125,0
844.4583333333334,0
724.3333333333334,0
723.9583333333334,0
844.1666666666666,0
723.9166666666666,0
844.5833333333334,0
723.9166666666666,0
843.7916666666666,0
844.4166666666666,0
843.6666666666666,0
844.125,0
846.4583333333334,0
843.8333333333334,0
724.125,0
844.5,0
846.2916666666666,0
722.4583333333334,0
844.3333333333334,0
724.5416666666666,0
844.2916666666666,0
846.0,0
724.2916666666666,0
844.3333333333334,0
845.9166666666666,0
844.125,0
723.6666666666666,0
844.125,0
724.2083333333334,0
844.0416666666666,0
846.1666666666666,0
846.1666666666666,0
845.75,0
844.25,0
722.5833333333334,0
844.0416666666666,0
846.375,0
844.0833333333334,0
843.9166666666666,0
843.9583333333334,0
846.75,0
843.9166666666666,0
724.4166666666666,0
844.0833333333334,0
846.625,0
723.875,0
846.125,0
724.0416666666666,0
724.0,0
724.125,0
724.3333333333334,0
724.125,0
843.9166666666666,0
844.5416666666666,0
844.1666666666666,0
844.2083333333334,0
724.625,0
844.3333333333334,0
916.7083333333334,0
916.375,0
916.7083333333334,0
916.2083333333334,0
917.2083333333334,0
916.4583333333334,0
916.5833333333334,0
917.375,0
916.6666666666666,0
916.4583333333334,0
917.4583333333334,0
916.375,0
916.2916666666666,0
916.625,0
917.4583333333334,0
917.4166666666666,0
916.5833333333334,0
916.6666666666666,0
916.6666666666666,0
916.5416666666666,0
917.4166666666666,0
916.4583333333334,0
917.2916666666666,0
917.3333333333334,0
916.3333333333334,0
917.4583333333334,0
916.5416666666666,0
916.3333333333334,0
723.9166666666666,0
724.125,0
723.9166666666666,0
916.625,0
916.6666666666666,0
915.8333333333334,0
916.125,0
916.375,0
917.7083333333334,0
917.0416666666666,0
916.625,0
916.0833333333334,0
916.4166666666666,0
916.2916666666666,0
916.6666666666666,0
917.5416666666666,0
915.9583333333334,0
917.625,0
916.375,0
916.5833333333334,0
915.8333333333334,0
916.7083333333334,0
916.2916666666666,0
916.3333333333334,0
916.9166666666666,0
916.2916666666666,0
916.8333333333334,0
916.9583333333334,0
916.5,0
916.2916666666666,0
916.75,0
916.4166666666666,0
916.4583333333334,0
915.875,0
781.5833333333334,0
773.8333333333334,0
773.5416666666666,0
773.4583333333334,0
773.5,0
773.4166666666666,0
773.7083333333334,0
773.5416666666666,0
723.5833333333334,0
723.875,0
721.8333333333334,0
724.0,0
724.0833333333334,0
722.1666666666666,0
724.0416666666666,0
722.7083333333334,0
722.3333333333334,0
721.8333333333334,0
781.4166666666666,0
781.25,0
843.7916666666666,0
843.7916666666666,0
780.8333333333334,0
781.125,0
724.1666666666666,0
844.125,0
781.2083333333334,0
676.7916666666666,0
781.1666666666666,0
397.0,0
844.0,0
844.1666666666666,0
724.4166666666666,0
844.4166666666666,0
844.125,0
844.0833333333334,0
844.0416666666666,0
844.125,0
724.2916666666666,0
724.5,0
843.9166666666666,0
844.375,0
724.4583333333334,0
844.0416666666666,0
724.2083333333334,0
844.4166666666666,0
773.9583333333334,0
844.1666666666666,0
846.0,0
844.3333333333334,0
723.9583333333334,0
722.0416666666666,0
843.8333333333334,0
844.0,0
845.9583333333334,0
844.2083333333334,0
773.0833333333334,0
724.5833333333334,0
846.4583333333334,0
724.1666666666666,0
846.75,0
723.6666666666666,0
846.7083333333334,0
724.0,0
722.2083333333334,0
844.125,0
724.4166666666666,0
724.0,0
844.2083333333334,0
843.9166666666666,0
780.75,0
844.1666666666666,0
844.0416666666666,0
724.125,0
844.1666666666666,0
844.375,0
843.9166666666666,0
844.0,0
844.0,0
724.3333333333334,0
846.3333333333334,0
844.0,0
844.2916666666666,0
845.8333333333334,0
724.4166666666666,0
843.875,0
844.1666666666666,0
724.625,0
844.0416666666666,0
844.3333333333334,0
844.3333333333334,0
844.4583333333334,0
844.2083333333334,0
845.9166666666666,0
844.0,0
843.8333333333334,0
844.4583333333334,0
844.0833333333334,0
844.1666666666666,0
846.3333333333334,0
724.4166666666666,0
844.2916666666666,0
844.3333333333334,0
846.1666666666666,0
846.3333333333334,0
723.9583333333334,0
844.25,0
843.7083333333334,0
844.0416666666666,0
724.375,0
843.8333333333334,0
846.125,0
843.8333333333334,0
845.7916666666666,0
845.875,0
844.4166666666666,0
846.1666666666666,0
844.0833333333334,0
724.375,0
844.125,0
846.125,0
843.9583333333334,0
782.2916666666666,0
782.7083333333334,0
782.0,0
782.625,0
843.9166666666666,0
781.0416666666666,0
843.9166666666666,0
782.75,0
781.375,0
846.2083333333334,0
843.9583333333334,0
781.7083333333334,0
844.4583333333334,0
781.5416666666666,0
781.2083333333334,0
782.0416666666666,0
844.0416666666666,0
781.4166666666666,0
846.2083333333334,0
782.4583333333334,0
781.8333333333334,0
782.2916666666666,0
781.7083333333334,0
724.5,0
846.0416666666666,0
844.25,0
846.6666666666666,0
844.3333333333334,0
844.0833333333334,0
781.7916666666666,0
723.75,0
782.4166666666666,0
844.1666666666666,0
782.4583333333334,0
844.0833333333334,0
782.3333333333334,0
781.1666666666666,0
773.7916666666666,0
773.7916666666666,0
773.5416666666666,0
774.125,0
774.0416666666666,0
781.4583333333334,0
781.4166666666666,0
781.4583333333334,0
782.7083333333334,0
781.2916666666666,0
781.4166666666666,0
781.75,0
781.125,0
763.875,0
764.2916666666666,0
781.7916666666666,0
781.5833333333334,0
781.7083333333334,0
781.25,0
781.1666666666666,0
780.9166666666666,0
781.3333333333334,0
781.9583333333334,0
781.5,0
781.7916666666666,0
780.7083333333334,0
781.7083333333334,0
780.9166666666666,0
782.7083333333334,0
781.5833333333334,0
764.0833333333334,0
781.5833333333334,0
781.8333333333334,0
782.0,0
781.5,0
781.4583333333334,0
781.75,0
764.0,0
675.9166666666666,0
781.5833333333334,0
781.3333333333334,0
781.0,0
780.7083333333334,0
843.7083333333334,0
781.3333333333334,0
781.375,0
781.8333333333334,0
781.25,0
781.8333333333334,0
781.0,0
781.5416666666666,0
781.7916666666666,0
780.875,0
781.5833333333334,0
781.4166666666666,0
781.25,0
781.6666666666666,0
781.5833333333334,0
844.0,0
782.625,0
781.4583333333334,0
781.5416666666666,0
781.4166666666666,0
764.1666666666666,0
781.5,0
781.7916666666666,0
781.0,0
781.4583333333334,0
781.6666666666666,0
781.2083333333334,0
781.2083333333334,0
781.2916666666666,0
781.1666666666666,0
782.7083333333334,0
724.3333333333334,0
709.4166666666666,0
721.625,0
724.2083333333334,0
681.9166666666666,0
708.0833333333334,0
781.625,0
780.9166666666666,0
781.6666666666666,0
780.9583333333334,0
781.2916666666666,0
781.9583333333334,0
782.0416666666666,0
781.5416666666666,0
846.4166666666666,0
781.875,0
781.8333333333334,0
782.5,0
781.75,0
781.5,0
781.375,0
781.2083333333334,0
781.4166666666666,0
781.2083333333334,0
781.7083333333334,0
781.5416666666666,0
474.875,0
844.125,0
781.2083333333334,0
781.375,0
781.25,0
781.3333333333334,0
781.1666666666666,0
781.6666666666666,0
781.375,0
781.5416666666666,0
780.75,0
780.6666666666666,0
780.7083333333334,0
780.9166666666666,0
781.3333333333334,0
781.8333333333334,0
781.1666666666666,0
721.9583333333334,0
724.5416666666666,0
724.3333333333334,0
723.7916666666666,0
721.9583333333334,0
709.625,0
722.0,0
724.2083333333334,0
724.2083333333334,0
723.8333333333334,0
723.9166666666666,0
724.25,0
721.7083333333334,0
724.0,0
721.875,0
709.75,0
721.375,0
723.625,0
708.0416666666666,0
724.375,0
723.8333333333334,0
722.1666666666666,0
724.4166666666666,0
722.0416666666666,0
721.4583333333334,0
724.3333333333334,0
721.9166666666666,0
723.7916666666666,0
724.0833333333334,0
724.5,0
722.0,0
722.375,0
724.1666666666666,0
721.375,0
721.625,0
722.3333333333334,0
722.5416666666666,0
721.875,0
722.5,0
722.4583333333334,0
723.9583333333334,0
724.25,0
724.5416666666666,0
722.0,0
724.375,0
723.6666666666666,0
721.7916666666666,0
721.7083333333334,0
723.7916666666666,0
721.9583333333334,0
723.9166666666666,0
721.9166666666666,0
722.1666666666666,0
721.7083333333334,0
709.7083333333334,0
724.25,0
722.1666666666666,0
724.0416666666666,0
721.875,0
724.3333333333334,0
722.7083333333334,0
724.3333333333334,0
721.75,0
722.4583333333334,0
676.5833333333334,0
722.25,0
738.9583333333334,0
722.3333333333334,0
723.875,0
678.0416666666666,0
724.5,0
723.9583333333334,0
709.875,0
723.7083333333334,0
723.875,0
722.125,0
724.0833333333334,0
721.875,0
721.8333333333334,0
721.8333333333334,0
721.5833333333334,0
724.4166666666666,0
723.625,0
722.2083333333334,0
723.75,0
722.0,0
721.375,0
724.125,0
724.5833333333334,0
724.3333333333334,0
723.875,0
723.875,0
722.2083333333334,0
721.875,0
721.375,0
721.5,0
721.9166666666666,0
724.0833333333334,0
721.5,0
681.6666666666666,0
724.125,0
724.0416666666666,0
722.125,0
721.7083333333334,0
708.0416666666666,0
723.8333333333334,0
724.2083333333334,0
724.4166666666666,0
723.875,0
721.375,0
724.0833333333334,0
722.3333333333334,0
724.375,0
707.9166666666666,0
722.375,0
721.3333333333334,0
724.125,0
723.875,0
679.25,0
723.5833333333334,0
724.1666666666666,0
724.2916666666666,0
723.9583333333334,0
724.0833333333334,0
724.0416666666666,0
724.2916666666666,0
724.2916666666666,0
724.375,0
723.9166666666666,0
679.125,0
722.4166666666666,0
724.2083333333334,0
724.125,0
723.8333333333334,0
724.375,0
682.0,0
724.25,0
721.6666666666666,0
721.9166666666666,0
709.75,0
722.0416666666666,0
709.9166666666666,0
722.4583333333334,0
722.375,0
724.5416666666666,0
724.2916666666666,0
724.3333333333334,0
723.8333333333334,0
722.125,0
738.8333333333334,0
724.0833333333334,0
722.2916666666666,0
724.375,0
722.4166666666666,0
723.8333333333334,0
724.4583333333334,0
721.875,0
676.6666666666666,0
721.9166666666666,0
721.75,0
722.1666666666666,0
724.0416666666666,0
724.0833333333334,0
707.7083333333334,0
723.875,0
709.6666666666666,0
738.9166666666666,0
721.9166666666666,0
721.75,0
721.5,0
722.4166666666666,0
723.9166666666666,0
721.6666666666666,0
846.0416666666666,0
844.1666666666666,0
782.75,0
781.0,0
781.2916666666666,0
781.125,0
781.0833333333334,0
781.1666666666666,0
782.8333333333334,0
781.1666666666666,0
780.875,0
781.6666666666666,0
780.9166666666666,0
781.2083333333334,0
781.0833333333334,0
782.8333333333334,0
781.75,0
780.7916666666666,0
781.5,0
781.875,0
782.5416666666666,0
781.4166666666666,0
781.3333333333334,0
781.5,0
781.2916666666666,0
782.5416666666666,0
780.8333333333334,0
782.5416666666666,0
781.9166666666666,0
781.1666666666666,0
782.7916666666666,0
781.5,0
843.9166666666666,0
781.5,0
780.6666666666666,0
780.9166666666666,0
781.7083333333334,0
781.0416666666666,0
782.8333333333334,0
780.6666666666666,0
781.25,0
781.3333333333334,0
781.75,0
780.875,0
781.25,0
780.875,0
781.625,0
782.75,0
781.0416666666666,0
782.625,0
780.9583333333334,0
782.4166666666666,0
781.25,0
780.875,0
781.7083333333334,0
780.9583333333334,0
781.3333333333334,0
782.7916666666666,0
780.8333333333334,0
780.9166666666666,0
781.5,0
780.8333333333334,0
781.75,0
781.2916666666666,0
781.3333333333334,0
780.9583333333334,0
782.875,0
781.3333333333334,0
780.9583333333334,0
781.25,0
781.7083333333334,0
780.9166666666666,0
781.8333333333334,0
781.375,0
781.5,0
781.1666666666666,0
782.5416666666666,0
782.375,0
781.4583333333334,0
780.7916666666666,0
781.3333333333334,0
781.4583333333334,0
781.6666666666666,0
781.2083333333334,0
781.1666666666666,0
782.9166666666666,0
781.7916666666666,0
781.375,0
781.2083333333334,0
781.5416666666666,0
781.125,0
781.0833333333334,0
781.9166666666666,0
676.2083333333334,0
782.3333333333334,0
781.0416666666666,0
781.2916666666666,0
781.6666666666666,0
781.3333333333334,0
781.2916666666666,0
781.75,0
780.875,0
781.1666666666666,0
780.75,0
781.375,0
781.125,0
724.1666666666666,0
782.8333333333334,0
781.0833333333334,0
780.875,0
781.0833333333334,0
844.2916666666666,0
844.1666666666666,0
843.9583333333334,0
724.0,0
675.875,0
773.6666666666666,0
724.0,0
781.7083333333334,0
723.8333333333334,0
723.9583333333334,0
844.4583333333334,0
844.3333333333334,0
844.0416666666666,0
723.8333333333334,0
781.0416666666666,0
781.1666666666666,0
781.25,0
808.2083333333334,0
723.6666666666666,0
723.875,0
723.9583333333334,0
723.6666666666666,0
723.9166666666666,0
724.5416666666666,0
724.375,0
724.2916666666666,0
724.0,0
722.0833333333334,0
722.2916666666666,0
724.2916666666666,0
723.7916666666666,0
721.5833333333334,0
724.5416666666666,0
710.0,0
724.3333333333334,0
724.2916666666666,0
723.9583333333334,0
724.5833333333334,0
724.125,0
723.6666666666666,0
708.2916666666666,0
723.875,0
724.0,0
724.3333333333334,0
724.1666666666666,0
724.3333333333334,0
710.0,0
724.5416666666666,0
724.125,0
723.9583333333334,0
723.7916666666666,0
723.8333333333334,0
724.2916666666666,0
722.2916666666666,0
723.9166666666666,0
723.9166666666666,0
721.9166666666666,0
722.0,0
722.3333333333334,0
723.9166666666666,0
724.4583333333334,0
722.125,0
707.875,0
722.2083333333334,0
722.0416666666666,0
722.5833333333334,0
724.1666666666666,0
709.5,0
722.0416666666666,0
709.5416666666666,0
724.5,0
722.25,0
724.25,0
722.1666666666666,0
724.2083333333334,0
723.9166666666666,0
724.2916666666666,0
724.4166666666666,0
724.0833333333334,0
724.4583333333334,0
721.7083333333334,0
724.4166666666666,0
724.3333333333334,0
724.1666666666666,0
724.3333333333334,0
721.8333333333334,0
724.2083333333334,0
724.2916666666666,0
724.125,0
707.75,0
724.0416666666666,0
722.2083333333334,0
709.875,0
722.125,0
724.4583333333334,0
708.0833333333334,0
721.7916666666666,0
723.8333333333334,0
738.5,0
709.7083333333334,0
724.5833333333334,0
773.8333333333334,0
781.3333333333334,0
781.4583333333334,0
781.625,0
781.625,0
781.375,0
781.75,0
781.2916666666666,0
781.375,0
781.375,0
780.75,0
781.5,0
781.5833333333334,0
780.9166666666666,0
781.2083333333334,0
781.3333333333334,0
781.4166666666666,0
781.5416666666666,0
781.75,0
781.4166666666666,0
781.0833333333334,0
781.2083333333334,0
781.25,0
781.4583333333334,0
781.0833333333334,0
781.5416666666666,0
781.3333333333334,0
723.875,0
724.1666666666666,0
723.6666666666666,0
723.7083333333334,0
773.7916666666666,0
723.7916666666666,0
724.0416666666666,0
782.4166666666666,0
781.4583333333334,0
781.0,0
781.1666666666666,0
781.25,0
780.8333333333334,0
781.0,0
781.4583333333334,0
773.875,0
781.1666666666666,0
781.375,0
781.75,0
781.375,0
764.0,0
781.4583333333334,0
781.1666666666666,0
723.625,0
781.25,0
722.5,0
781.5,0
781.0,0
682.0416666666666,0
781.0416666666666,0
781.2916666666666,0
781.75,0
724.2083333333334,0
724.0,0
781.125,0
723.875,0
780.7916666666666,0
781.5,0
723.8333333333334,0
781.0833333333334,0
781.3333333333334,0
781.2083333333334,0
781.5,0
780.9583333333334,0
724.0,0
843.875,0
781.125,0
780.75,0
781.3333333333334,0
782.2916666666666,0
781.2916666666666,0
773.7916666666666,0
781.5,0
773.2083333333334,0
773.625,0
781.7916666666666,0
781.2916666666666,0
764.0416666666666,0
781.2916666666666,0
781.3333333333334,0
781.125,0
781.5416666666666,0
781.0833333333334,0
781.5,0
781.0833333333334,0
781.1666666666666,0
773.5416666666666,0
781.9583333333334,0
723.7916666666666,0
722.1666666666666,0
724.4166666666666,0
724.2083333333334,0
721.5416666666666,0
724.1666666666666,0
723.75,0
721.625,0
724.3333333333334,0
721.7916666666666,0
722.5833333333334,0
724.0,0
724.5,0
724.5416666666666,0
724.375,0
724.3333333333334,0
724.2083333333334,0
723.875,0
724.4166666666666,0
722.6666666666666,0
724.25,0
722.2916666666666,0
724.125,0
722.25,0
724.0,0
724.375,0
724.375,0
721.9166666666666,0
723.2083333333334,0
709.5416666666666,0
722.0833333333334,0
721.4583333333334,0
708.125,0
724.125,0
724.0833333333334,0
722.5,0
724.7083333333334,0
723.125,0
724.5,0
724.0,0
721.5833333333334,0
722.1666666666666,0
724.2916666666666,0
724.2916666666666,0
723.8333333333334,0
708.0416666666666,0
722.25,0
722.2916666666666,0
723.75,0
724.2083333333334,0
722.1666666666666,0
723.75,0
723.7083333333334,0
724.6666666666666,0
723.375,0
724.0416666666666,0
723.75,0
709.5416666666666,0
709.75,0
724.1666666666666,0
724.0833333333334,0
724.1666666666666,0
722.5416666666666,0
724.0416666666666,0
722.25,0
724.2083333333334,0
722.2083333333334,0
723.7916666666666,0
724.1666666666666,0
722.0833333333334,0
724.2916666666666,0
721.7916666666666,0
723.625,0
724.25,0
722.25,0
721.7916666666666,0
722.3333333333334,0
723.9166666666666,0
724.4583333333334,0
724.2916666666666,0
724.0,0
724.4583333333334,0
724.1666666666666,0
724.0,0
724.25,0
724.625,0
722.0833333333334,0
724.375,0
722.2916666666666,0
722.25,0
723.9583333333334,0
724.375,0
722.7916666666666,0
722.1666666666666,0
724.0833333333334,0
724.6666666666666,0
723.7916666666666,0
724.25,0
724.2916666666666,0
724.0833333333334,0
724.5833333333334,0
722.125,0
722.2083333333334,0
723.875,0
724.0833333333334,0
724.625,0
723.9166666666666,0
722.25,0
723.75,0
723.4583333333334,0
724.25,0
722.375,0
724.0833333333334,0
724.5833333333334,0
724.2083333333334,0
722.2916666666666,0
724.25,0
724.2083333333334,0
724.2916666666666,0
723.9166666666666,0
681.9166666666666,0
724.1666666666666,0
724.0833333333334,0
723.75,0
724.2916666666666,0
722.125,0
724.2916666666666,0
708.0,0
724.0416666666666,0
722.125,0
721.5833333333334,0
722.75,0
724.0,0
723.9166666666666,0
724.2916666666666,0
723.9583333333334,0
678.2083333333334,0
723.875,0
724.3333333333334,0
723.1666666666666,0
724.2083333333334,0
723.8333333333334,0
724.5416666666666,0
724.0,0
722.0833333333334,0
722.75,0
723.9166666666666,0
721.9583333333334,0
722.0,0
724.4166666666666,0
724.125,0
724.0416666666666,0
724.25,0
723.7083333333334,0
722.5,0
724.0416666666666,0
722.1666666666666,0
723.8333333333334,0
721.7083333333334,0
724.5,0
723.875,0
723.7916666666666,0
724.5,0
724.2083333333334,0
724.2083333333334,0
724.0833333333334,0
724.375,0
709.5833333333334,0
724.2916666666666,0
723.9166666666666,0
724.2916666666666,0
722.2083333333334,0
724.4583333333334,0
723.6666666666666,0
721.6666666666666,0
721.625,0
724.0833333333334,0
724.0416666666666,0
722.0833333333334,0
724.2916666666666,0
709.4166666666666,0
722.4166666666666,0
709.5,0
724.7083333333334,0
724.4166666666666,0
722.0416666666666,0
678.2083333333334,0
722.375,0
724.0,0
718.4166666666666,0
724.625,0
722.0833333333334,0
724.0416666666666,0
724.7083333333334,0
724.0416666666666,0
724.0,0
724.125,0
724.0833333333334,0
724.5416666666666,0
721.9166666666666,0
724.25,0
723.9583333333334,0
723.9166666666666,0
724.25,0
721.8333333333334,0
722.2916666666666,0
724.5833333333334,0
722.0,0
723.75,0
723.75,0
721.75,0
724.0,0
724.0833333333334,0
724.6666666666666,0
724.1666666666666,0
723.5416666666666,0
724.25,0
722.375,0
724.3333333333334,0
724.25,0
723.9583333333334,0
724.25,0
722.5,0
721.9166666666666,0
721.6666666666666,0
724.2916666666666,0
722.5416666666666,0
724.1666666666666,0
724.1666666666666,0
724.5,0
723.625,0
844.0,0
773.4583333333334,0
844.5833333333334,0
837.3333333333334,0
846.5,0
844.0416666666666,0
846.75,0
837.2916666666666,0
844.25,0
844.25,0
844.2083333333334,0
843.8333333333334,0
844.375,0
844.2916666666666,0
844.0,0
844.125,0
843.875,0
843.875,0
774.125,0
844.0,0
846.375,0
844.1666666666666,0
846.4166666666666,0
844.0416666666666,0
845.9166666666666,0
844.5416666666666,0
843.9583333333334,0
844.1666666666666,0
844.25,0
846.0833333333334,0
844.3333333333334,0
846.25,0
844.2083333333334,0
843.8333333333334,0
846.5,0
843.875,0
837.25,0
844.375,0
846.25,0
846.2083333333334,0
844.2083333333334,0
774.1666666666666,0
844.1666666666666,0
844.3333333333334,0
844.375,0
844.375,0
844.4583333333334,0
844.375,0
844.0833333333334,0
844.0,0
844.2916666666666,0
843.9166666666666,0
843.875,0
844.2916666666666,0
843.8333333333334,0
844.25,0
837.2083333333334,0
774.2083333333334,0
844.375,0
844.2083333333334,0
846.3333333333334,0
844.3333333333334,0
846.3333333333334,0
844.375,0
844.2083333333334,0
843.7916666666666,0
836.9583333333334,0
844.3333333333334,0
844.5416666666666,0
846.2916666666666,0
844.2083333333334,0
844.2083333333334,0
846.1666666666666,0
844.25,0
844.25,0
844.4583333333334,0
844.5416666666666,0
843.8333333333334,0
846.25,0
773.125,0
843.75,0
773.75,0
844.0,0
844.0,0
844.2083333333334,0
844.0416666666666,0
843.7916666666666,0
846.5,0
846.25,0
844.2083333333334,0
845.9583333333334,0
844.1666666666666,0
846.5416666666666,0
843.9583333333334,0
844.4166666666666,0
844.25,0
846.2916666666666,0
843.8333333333334,0
846.5,0
843.6666666666666,0
843.875,0
846.5833333333334,0
843.7916666666666,0
846.0416666666666,0
844.25,0
845.9583333333334,0
843.8333333333334,0
843.8333333333334,0
843.9166666666666,0
843.9166666666666,0
843.8333333333334,0
844.0,0
844.125,0
843.9583333333334,0
846.0,0
837.4166666666666,0
844.3333333333334,0
844.3333333333334,0
843.9583333333334,0
844.0416666666666,0
844.0833333333334,0
844.0,0
846.2916666666666,0
844.2916666666666,0
846.2083333333334,0
844.1666666666666,0
844.0,0
844.0,0
843.7916666666666,0
844.0416666666666,0
844.5,0
843.875,0
843.75,0
844.1666666666666,0
846.0833333333334,0
846.625,0
846.4166666666666,0
844.25,0
844.5833333333334,0
844.0833333333334,0
836.9583333333334,0
844.125,0
844.0,0
844.2916666666666,0
844.5,0
844.0416666666666,0
844.4166666666666,0
843.7916666666666,0
846.5,0
846.4583333333334,0
844.0,0
844.125,0
846.0416666666666,0
844.2083333333334,0
844.3333333333334,0
773.6666666666666,0
844.4583333333334,0
845.9166666666666,0
844.5,0
845.7916666666666,0
844.375,0
843.7916666666666,0
843.75,0
846.5416666666666,0
844.2083333333334,0
843.7083333333334,0
844.375,0
773.3333333333334,0
773.5833333333334,0
773.75,0
773.75,0
773.7916666666666,0
773.7916666666666,0
773.875,0
773.9166666666666,0
773.875,0
844.0416666666666,0
843.9583333333334,0
846.375,0
844.0,0
845.9583333333334,0
844.0,0
844.375,0
844.0416666666666,0
846.2083333333334,0
774.0833333333334,0
846.0,0
843.875,0
840.9583333333334,0
846.3333333333334,0
846.4166666666666,0
844.1666666666666,0
844.0833333333334,0
844.375,0
844.125,0
846.5833333333334,0
844.4583333333334,0
844.4166666666666,0
846.3333333333334,0
846.1666666666666,0
845.875,0
843.8333333333334,0
846.375,0
844.375,0
843.875,0
846.375,0
843.875,0
844.0416666666666,0
844.4166666666666,0
844.0,0
843.875,0
844.5416666666666,0
846.5833333333334,0
843.875,0
844.375,0
844.5,0
846.125,0
843.875,0
773.4166666666666,0
843.9166666666666,0
844.3333333333334,0
844.375,0
844.0,0
844.0833333333334,0
844.0,0
843.8333333333334,0
844.4166666666666,0
844.2083333333334,0
844.375,0
844.25,0
846.5416666666666,0
844.3333333333334,0
844.3333333333334,0
843.9583333333334,0
844.4166666666666,0
843.875,0
843.9583333333334,0
773.4583333333334,0
844.625,0
844.4166666666666,0
846.0833333333334,0
843.9583333333334,0
844.3333333333334,0
844.4583333333334,0
846.4166666666666,0
844.5,0
844.0416666666666,0
844.2083333333334,0
846.3333333333334,0
844.2083333333334,0
844.375,0
846.5416666666666,0
846.125,0
844.2083333333334,0
844.125,0
844.3333333333334,0
844.375,0
844.125,0
773.5,0
844.4166666666666,0
843.875,0
843.7083333333334,0
844.25,0
846.25,0
844.0416666666666,0
844.375,0
843.9166666666666,0
844.2083333333334,0
773.75,0
844.5416666666666,0
844.2916666666666,0
844.2083333333334,0
844.3333333333334,0
843.9166666666666,0
844.0833333333334,0
844.0416666666666,0
843.9166666666666,0
844.125,0
836.9166666666666,0
844.125,0
846.25,0
844.2916666666666,0
844.0833333333334,0
837.4166666666666,0
844.0,0
843.9583333333334,0
844.125,0
844.0833333333334,0
846.75,0
843.9583333333334,0
844.2916666666666,0
844.2916666666666,0
844.5,0
844.0,0
844.4166666666666,0
843.7083333333334,0
844.375,0
844.4583333333334,0
837.375,0
846.2916666666666,0
844.2916666666666,0
844.5,0
844.25,0
844.25,0
843.9166666666666,0
843.875,0
844.2916666666666,0
843.9166666666666,0
844.0833333333334,0
836.9583333333334,0
843.9583333333334,0
844.0416666666666,0
844.375,0
844.375,0
844.375,0
844.25,0
844.1666666666666,0
844.1666666666666,0
844.3333333333334,0
844.2083333333334,0
836.9166666666666,0
844.1666666666666,0
844.0833333333334,0
773.8333333333334,0
844.5416666666666,0
773.5416666666666,0
843.875,0
844.5,0
844.25,0
837.0416666666666,0
844.5,0
844.4583333333334,0
844.25,0
844.2083333333334,0
844.0,0
846.1666666666666,0
844.125,0
844.25,0
844.4166666666666,0
844.0833333333334,0
844.2083333333334,0
773.6666666666666,0
844.0416666666666,0
844.0,0
846.1666666666666,0
844.3333333333334,0
844.25,0
844.25,0
844.125,0
844.5,0
843.625,0
846.6666666666666,0
843.9583333333334,0
844.125,0
773.75,0
844.3333333333334,0
773.5,0
844.2916666666666,0
844.1666666666666,0
774.1666666666666,0
773.6666666666666,0
844.0833333333334,0
844.125,0
843.9583333333334,0
844.0,0
844.5416666666666,0
843.875,0
844.3333333333334,0
844.1666666666666,0
837.1666666666666,0
843.875,0
844.0416666666666,0
844.125,0
843.8333333333334,0
844.25,0
844.5416666666666,0
837.125,0
837.5,0
773.5833333333334,0
844.1666666666666,0
844.3333333333334,0
844.25,0
837.0416666666666,0
843.7916666666666,0
844.125,0
844.0,0
846.4583333333334,0
843.875,0
843.9166666666666,0
843.9166666666666,0
843.7916666666666,0
846.2916666666666,0
844.5,0
844.3333333333334,0
844.0,0
844.25,0
844.375,0
843.9583333333334,0
843.9583333333334,0
844.2083333333334,0
844.125,0
844.5416666666666,0
844.2083333333334,0
844.125,0
844.125,0
844.125,0
773.5416666666666,0
844.25,0
844.1666666666666,0
844.0833333333334,0
844.4583333333334,0
843.9166666666666,0
843.9583333333334,0
846.125,0
774.0416666666666,0
844.0416666666666,0
844.25,0
843.9166666666666,0
844.25,0
844.1666666666666,0
844.0833333333334,0
843.9583333333334,0
846.625,0
844.1666666666666,0
844.25,0
844.3333333333334,0
844.5833333333334,0
843.9166666666666,0
844.2916666666666,0
844.25,0
844.3333333333334,0
843.9583333333334,0
844.25,0
844.125,0
844.1666666666666,0
844.1666666666666,0
844.5416666666666,0
844.1666666666666,0
844.375,0
846.125,0
844.25,0
843.9583333333334,0
843.9166666666666,0
837.4166666666666,0
837.0833333333334,0
844.1666666666666,0
844.25,0
844.2916666666666,0
844.1666666666666,0
843.9583333333334,0
844.4166666666666,0
844.375,0
843.9166666666666,0
843.8333333333334,0
844.0416666666666,0
844.2916666666666,0
843.7083333333334,0
844.2083333333334,0
844.125,0
837.1666666666666,0
774.1666666666666,0
843.7916666666666,0
844.2916666666666,0
843.9166666666666,0
844.25,0
843.8333333333334,0
843.9583333333334,0
846.4166666666666,0
773.8333333333334,0
843.8333333333334,0
844.1666666666666,0
846.0,0
844.2083333333334,0
844.1666666666666,0
846.2083333333334,0
844.5,0
837.0833333333334,0
843.9166666666666,0
837.0,0
837.25,0
844.5,0
843.6666666666666,0
844.0416666666666,0
844.0416666666666,0
843.7083333333334,0
844.0,0
844.2083333333334,0
844.25,0
843.7916666666666,0
773.5416666666666,0
843.9583333333334,0
844.2083333333334,0
844.2916666666666,0
843.6666666666666,0
843.9583333333334,0
837.5,0
843.9166666666666,0
846.2083333333334,0
844.4583333333334,0
844.4166666666666,0
844.1666666666666,0
844.25,0
843.6666666666666,0
843.875,0
844.1666666666666,0
844.2916666666666,0
843.7083333333334,0
843.7916666666666,0
844.0,0
837.2916666666666,0
773.625,0
843.9583333333334,0
844.2916666666666,0
844.0833333333334,0
844.2916666666666,0
844.0416666666666,0
844.0416666666666,0
843.9583333333334,0
844.0,0
846.4583333333334,0
773.5416666666666,0
844.0833333333334,0
844.125,0
844.25,0
844.3333333333334,0
844.0833333333334,0
843.7916666666666,0
846.25,0
846.5,0
844.2083333333334,0
844.5416666666666,0
837.3333333333334,0
844.0416666666666,0
846.0833333333334,0
774.1666666666666,0
844.0416666666666,0
843.6666666666666,0
837.4583333333334,0
773.4583333333334,0
846.1666666666666,0
843.8333333333334,0
837.0416666666666,0
844.0833333333334,0
843.9166666666666,0
844.0833333333334,0
774.0416666666666,0
844.375,0
844.0416666666666,0
844.2916666666666,0
844.0,0
844.4166666666666,0
844.4583333333334,0
844.125,0
844.0833333333334,0
836.875,0
844.4166666666666,0
844.4166666666666,0
843.9166666666666,0
837.3333333333334,0
843.9166666666666,0
844.0833333333334,0
843.75,0
844.25,0
844.0833333333334,0
846.375,0
844.125,0
844.1666666666666,0
844.0,0
843.9166666666666,0
844.0,0
843.9166666666666,0
837.2083333333334,0
843.9583333333334,0
844.2083333333334,0
844.5833333333334,0
844.2083333333334,0
844.4166666666666,0
844.125,0
843.9583333333334,0
843.8333333333334,0
844.0833333333334,0
844.2083333333334,0
843.5833333333334,0
844.375,0
843.7916666666666,0
773.2916666666666,0
844.0833333333334,0
773.875,0
843.9166666666666,0
844.25,0
843.9583333333334,0
846.2916666666666,0
844.3333333333334,0
844.0,0
844.2916666666666,0
844.3333333333334,0
844.0833333333334,0
844.4583333333334,0
773.5833333333334,0
844.4166666666666,0
843.75,0
844.2083333333334,0
844.0,0
844.0,0
773.375,0
843.9166666666666,0
773.625,0
844.2083333333334,0
773.5,0
843.875,0
843.8333333333334,0
844.2083333333334,0
844.5,0
844.0833333333334,0
837.0,0
843.9583333333334,0
846.0833333333334,0
844.0,0
844.3333333333334,0
773.3333333333334,0
836.9166666666666,0
843.8333333333334,0
844.1666666666666,0
843.875,0
844.4583333333334,0
844.2916666666666,0
844.125,0
844.4583333333334,0
843.875,0
844.0833333333334,0
844.4583333333334,0
844.0416666666666,0
844.4166666666666,0
844.1666666666666,0
844.1666666666666,0
837.0833333333334,0
724.25,0
708.125,0
723.4583333333334,0
723.25,0
724.1666666666666,0
718.2916666666666,0
722.0833333333334,0
724.125,0
724.7083333333334,0
724.0416666666666,0
723.7916666666666,0
724.2916666666666,0
724.1666666666666,0
724.25,0
723.7083333333334,0
724.375,0
724.0833333333334,0
724.0416666666666,0
708.1666666666666,0
724.375,0
724.2083333333334,0
724.2916666666666,0
707.625,0
724.4166666666666,0
723.875,0
724.1666666666666,0
680.0,0
723.5833333333334,0
723.75,0
724.0,0
722.0416666666666,0
724.25,0
723.7083333333334,0
724.3333333333334,0
724.2083333333334,0
724.0,0
724.2916666666666,0
724.1666666666666,0
724.0416666666666,0
724.4166666666666,0
724.0,0
724.125,0
724.6666666666666,0
679.375,0
508.6666666666667,0
724.3333333333334,0
707.625,0
708.1666666666666,0
708.125,0
774.0833333333334,0
773.5416666666666,0
773.7083333333334,0
773.6666666666666,0
773.4166666666666,0
773.7916666666666,0
773.2916666666666,0
774.0,0
773.9166666666666,0
773.75,0
773.2916666666666,0
773.875,0
773.6666666666666,0
773.2916666666666,0
773.7916666666666,0
773.9583333333334,0
773.7083333333334,0
773.9583333333334,0
773.8333333333334,0
773.7916666666666,0
773.75,0
773.5,0
773.3333333333334,0
773.9583333333334,0
773.5833333333334,0
773.4583333333334,0
773.2916666666666,0
773.5833333333334,0
774.0,0
773.8333333333334,0
773.4583333333334,0
774.0416666666666,0
773.7916666666666,0
774.2916666666666,0
773.5,0
773.25,0
773.9583333333334,0
773.875,0
773.2083333333334,0
773.5,0
773.9166666666666,0
773.375,0
773.9583333333334,0
773.5833333333334,0
773.4166666666666,0
773.7916666666666,0
773.4583333333334,0
773.25,0
773.125,0
773.75,0
774.0416666666666,0
773.9583333333334,0
773.625,0
773.3333333333334,0
773.7083333333334,0
774.0416666666666,0
773.4583333333334,0
773.8333333333334,0
773.75,0
773.6666666666666,0
773.25,0
773.7916666666666,0
774.2083333333334,0
773.8333333333334,0
773.6666666666666,0
773.7083333333334,0
773.4166666666666,0
773.3333333333334,0
774.0416666666666,0
773.8333333333334,0
773.25,0
774.1666666666666,0
773.4166666666666,0
773.5,0
773.7916666666666,0
773.4583333333334,0
773.875,0
773.875,0
773.5,0
773.5,0
773.6666666666666,0
773.75,0
773.9166666666666,0
773.7083333333334,0
774.0416666666666,0
773.7083333333334,0
773.4166666666666,0
774.0833333333334,0
773.4166666666666,0
773.5416666666666,0
773.625,0
773.5833333333334,0
773.75,0
773.75,0
773.25,0
773.875,0
774.0,0
773.7083333333334,0
773.375,0
774.0,0
773.9583333333334,0
773.3333333333334,0
773.3333333333334,0
844.4166666666666,0
843.9583333333334,0
837.375,0
773.5833333333334,0
844.0,0
843.9166666666666,0
844.3333333333334,0
844.4166666666666,0
843.9166666666666,0
844.25,0
836.9166666666666,0
844.2083333333334,0
844.4166666666666,0
844.125,0
843.625,0
844.2916666666666,0
773.9583333333334,0
843.75,0
843.8333333333334,0
844.5416666666666,0
844.125,0
844.125,0
843.7916666666666,0
843.875,0
846.125,0
844.125,0
843.7083333333334,0
844.0,0
843.875,0
837.2083333333334,0
844.125,0
844.2916666666666,0
844.0833333333334,0
844.375,0
844.2916666666666,0
844.2916666666666,0
844.0833333333334,0
844.1666666666666,0
844.5,0
844.3333333333334,0
844.0833333333334,0
843.9583333333334,0
844.375,0
844.2916666666666,0
773.9166666666666,0
843.875,0
844.0,0
845.9166666666666,0
843.875,0
846.2083333333334,0
844.375,0
844.0416666666666,0
773.4583333333334,0
774.1666666666666,0
773.7916666666666,0
773.875,0
773.9583333333334,0
773.2916666666666,0
773.9583333333334,0
773.1666666666666,0
773.5,0
773.875,0
773.875,0
773.4583333333334,0
773.7083333333334,0
773.5833333333334,0
773.7083333333334,0
773.75,0
773.5,0
773.625,0
773.5833333333334,0
773.75,0
773.875,0
774.2083333333334,0
773.7916666666666,0
773.75,0
773.875,0
774.2083333333334,0
773.9583333333334,0
773.4166666666666,0
773.7083333333334,0
773.9166666666666,0
773.75,0
773.8333333333334,0
773.7083333333334,0
773.875,0
773.5833333333334,0
773.4583333333334,0
773.5416666666666,0
773.4166666666666,0
773.9166666666666,0
773.6666666666666,0
774.0416666666666,0
774.1666666666666,0
773.7916666666666,0
773.875,0
773.875,0
773.4583333333334,0
773.375,0
773.625,0
773.875,0
773.7916666666666,0
773.625,0
773.5833333333334,0
774.375,0
773.9166666666666,0
773.9583333333334,0
773.7083333333334,0
774.2916666666666,0
773.75,0
773.7083333333334,0
773.5,0
773.8333333333334,0
773.7083333333334,0
774.2083333333334,0
773.625,0
773.7916666666666,0
773.9166666666666,0
773.4166666666666,0
773.7083333333334,0
773.9166666666666,0
773.625,0
773.9583333333334,0
773.7083333333334,0
773.9166666666666,0
773.2916666666666,0
773.6666666666666,0
773.2083333333334,0
774.0416666666666,0
773.875,0
774.125,0
773.7083333333334,0
773.6666666666666,0
773.75,0
773.9583333333334,0
773.6666666666666,0
773.875,0
774.0416666666666,0
773.7083333333334,0
773.5833333333334,0
773.6666666666666,0
773.5833333333334,0
773.9583333333334,0
774.0833333333334,0
773.625,0
773.7916666666666,0
773.5,0
773.7083333333334,0
773.7083333333334,0
773.75,0
773.8333333333334,0
773.9166666666666,0
773.75,0
773.5,0
773.9166666666666,0
774.0416666666666,0
774.2083333333334,0
774.0833333333334,0
773.9166666666666,0
773.6666666666666,0
773.4583333333334,0
773.8333333333334,0
773.625,0
773.125,0
774.0,0
774.125,0
773.75,0
773.6666666666666,0
773.4166666666666,0
773.9166666666666,0
773.7916666666666,0
773.7916666666666,0
774.2083333333334,0
773.7916666666666,0
773.9166666666666,0
773.4166666666666,0
773.1666666666666,0
774.0416666666666,0
773.6666666666666,0
773.5,0
773.9166666666666,0
773.6666666666666,0
773.9166666666666,0
773.5833333333334,0
773.9583333333334,0
773.375,0
773.7916666666666,0
773.375,0
773.5416666666666,0
774.0416666666666,0
773.8333333333334,0
773.4166666666666,0
773.6666666666666,0
773.4166666666666,0
773.625,0
773.75,0
773.9166666666666,0
773.5416666666666,0
773.6666666666666,0
773.6666666666666,0
773.9166666666666,0
773.6666666666666,0
774.2083333333334,0
773.9583333333334,0
773.7083333333334,0
774.0833333333334,0
773.9166666666666,0
773.0416666666666,0
773.625,0
773.8333333333334,0
773.8333333333334,0
773.4583333333334,0
773.625,0
773.25,0
773.7083333333334,0
773.7916666666666,0
773.375,0
774.1666666666666,0
773.7916666666666,0
773.5,0
773.4583333333334,0
773.375,0
774.0,0
774.2916666666666,0
774.0,0
773.3333333333334,0
773.75,0
774.0,0
773.8333333333334,0
774.0,0
773.3333333333334,0
773.875,0
773.375,0
773.5,0
774.3333333333334,0
773.9166666666666,0
837.1666666666666,0
844.3333333333334,0
837.25,0
843.7916666666666,0
844.4583333333334,0
844.375,0
843.9583333333334,0
843.875,0
844.0,0
837.4583333333334,0
844.125,0
844.25,0
837.375,0
844.2916666666666,0
774.2916666666666,0
844.1666666666666,0
843.875,0
844.2916666666666,0
843.8333333333334,0
844.4166666666666,0
844.0833333333334,0
843.7916666666666,0
844.3333333333334,0
843.9583333333334,0
844.4166666666666,0
844.125,0
844.25,0
844.375,0
844.3333333333334,0
773.9583333333334,0
844.2916666666666,0
843.9166666666666,0
844.0833333333334,0
837.4583333333334,0
843.875,0
844.25,0
844.0416666666666,0
844.0833333333334,0
844.2916666666666,0
844.0833333333334,0
844.125,0
844.375,0
843.6666666666666,0
843.875,0
837.25,0
846.7083333333334,0
844.4166666666666,0
837.3333333333334,0
843.75,0
844.125,0
844.4583333333334,0
844.25,0
844.1666666666666,0
844.4166666666666,0
843.375,0
843.7916666666666,0
836.875,0
844.5,0
843.9583333333334,0
844.25,0
844.1666666666666,0
843.9166666666666,0
844.2083333333334,0
844.0416666666666,0
837.3333333333334,0
844.375,0
843.9166666666666,0
844.4583333333334,0
846.2083333333334,0
844.0833333333334,0
844.2083333333334,0
844.1666666666666,0
843.8333333333334,0
844.125,0
844.1666666666666,0
844.2916666666666,0
843.9166666666666,0
843.7916666666666,0
844.5416666666666,0
844.5416666666666,0
843.9583333333334,0
844.2083333333334,0
843.7916666666666,0
836.9583333333334,0
844.2916666666666,0
844.5416666666666,0
843.6666666666666,0
844.0,0
844.4166666666666,0
837.2916666666666,0
844.125,0
837.0,0
844.2083333333334,0
843.875,0
844.1666666666666,0
844.3333333333334,0
837.4166666666666,0
843.9166666666666,0
844.0416666666666,0
844.0416666666666,0
844.125,0
844.375,0
843.75,0
774.0833333333334,0
844.2083333333334,0
844.0416666666666,0
844.0,0
773.625,0
773.6666666666666,0
773.3333333333334,0
837.125,0
843.9583333333334,0
844.0833333333334,0
844.4166666666666,0
837.4583333333334,0
844.375,0
773.75,0
774.1666666666666,0
773.8333333333334,0
724.3333333333334,0
843.75,0
844.5,0
844.2083333333334,0
773.6666666666666,0
844.2916666666666,0
773.5416666666666,0
773.5416666666666,0
773.7083333333334,0
844.25,0
844.2916666666666,0
844.0416666666666,0
844.2083333333334,0
844.3333333333334,0
843.9583333333334,0
773.7916666666666,0
844.25,0
844.2083333333334,0
844.375,0
844.0,0
844.0416666666666,0
843.8333333333334,0
846.375,0
844.5,0
773.75,0
837.0833333333334,0
844.375,0
843.7916666666666,0
774.0,0
844.3333333333334,0
837.2083333333334,0
844.4583333333334,0
844.0833333333334,0
844.4583333333334,0
843.8333333333334,0
844.3333333333334,0
844.2083333333334,0
843.9583333333334,0
837.1666666666666,0
837.0416666666666,0
724.5416666666666,0
843.9583333333334,0
844.2916666666666,0
844.0833333333334,0
843.9166666666666,0
837.0416666666666,0
773.7083333333334,0
837.125,0
844.0833333333334,0
843.875,0
843.7083333333334,0
844.5,0
844.4583333333334,0
844.0416666666666,0
844.2916666666666,0
843.875,0
846.375,0
846.0833333333334,0
843.75,0
774.25,0
844.1666666666666,0
843.9583333333334,0
846.2916666666666,0
773.5833333333334,0
773.8333333333334,0
844.0833333333334,0
843.9583333333334,0
843.7916666666666,0
844.3333333333334,0
773.4583333333334,0
844.125,0
844.1666666666666,0
844.5833333333334,0
844.1666666666666,0
843.75,0
844.0,0
843.7916666666666,0
844.5,0
844.2083333333334,0
844.3333333333334,0
844.0833333333334,0
844.5,0
846.3333333333334,0
844.2083333333334,0
844.2916666666666,0
844.3333333333334,0
844.0833333333334,0
846.2916666666666,0
843.625,0
844.25,0
844.4583333333334,0
844.375,0
844.0833333333334,0
773.5416666666666,0
844.0416666666666,0
844.3333333333334,0
844.4583333333334,0
844.4166666666666,0
843.9166666666666,0
844.0416666666666,0
843.75,0
844.4166666666666,0
844.5,0
844.0833333333334,0
773.9583333333334,0
773.5,0
773.4166666666666,0
774.0833333333334,0
773.6666666666666,0
773.9583333333334,0
773.7083333333334,0
774.0833333333334,0
773.4583333333334,0
773.5,0
773.6666666666666,0
773.75,0
773.9166666666666,0
773.8333333333334,0
774.125,0
773.7916666666666,0
773.875,0
773.7083333333334,0
773.25,0
773.875,0
773.4583333333334,0
774.1666666666666,0
773.4583333333334,0
773.375,0
773.625,0
773.5833333333334,0
773.2083333333334,0
773.75,0
774.0833333333334,0
773.875,0
773.5833333333334,0
773.875,0
774.0416666666666,0
774.0,0
773.7083333333334,0
773.625,0
773.9583333333334,0
773.625,0
773.4166666666666,0
773.875,0
773.8333333333334,0
774.125,0
773.7916666666666,0
773.9583333333334,0
773.4583333333334,0
773.5,0
773.5833333333334,0
773.7916666666666,0
773.9166666666666,0
773.5416666666666,0
773.7083333333334,0
773.3333333333334,0
773.3333333333334,0
773.875,0
773.6666666666666,0
773.875,0
774.3333333333334,0
773.2916666666666,0
773.9166666666666,0
773.875,0
773.75,0
773.5833333333334,0
773.7916666666666,0
773.7083333333334,0
773.5416666666666,0
773.4166666666666,0
774.125,0
773.5416666666666,0
773.8333333333334,0
773.9583333333334,0
773.7916666666666,0
773.7916666666666,0
773.7916666666666,0
773.8333333333334,0
773.7916666666666,0
773.5833333333334,0
774.0416666666666,0
774.0,0
773.5416666666666,0
773.7916666666666,0
773.5416666666666,0
774.0,0
774.375,0
773.5416666666666,0
773.7083333333334,0
773.9583333333334,0
773.5833333333334,0
773.7083333333334,0
773.4583333333334,0
773.7916666666666,0
723.75,0
773.7083333333334,0
773.8333333333334,0
773.7916666666666,0
773.5,0
773.9166666666666,0
773.625,0
773.7083333333334,0
773.5,0
773.8333333333334,0
774.0833333333334,0
773.5416666666666,0
773.9166666666666,0
773.8333333333334,0
773.625,0
773.4583333333334,0
773.75,0
773.9166666666666,0
773.5,0
773.4583333333334,0
773.875,0
773.625,0
773.375,0
773.4583333333334,0
773.4166666666666,0
773.7916666666666,0
774.0,0
773.5416666666666,0
773.875,0
773.9583333333334,0
773.6666666666666,0
773.5,0
773.4166666666666,0
773.9166666666666,0
773.875,0
773.8333333333334,0
773.5,0
773.625,0
773.625,0
773.8333333333334,0
774.0,0
774.0416666666666,0
773.6666666666666,0
773.3333333333334,0
773.625,0
773.875,0
773.375,0
773.5,0
773.125,0
773.3333333333334,0
773.6666666666666,0
773.875,0
773.75,0
773.5,0
774.2083333333334,0
773.5,0
773.4583333333334,0
773.8333333333334,0
773.7083333333334,0
773.5833333333334,0
773.7916666666666,0
774.2083333333334,0
773.3333333333334,0
773.1666666666666,0
773.7916666666666,0
773.625,0
773.5833333333334,0
773.3333333333334,0
773.5,0
773.75,0
773.375,0
774.0,0
773.75,0
773.7916666666666,0
773.5416666666666,0
773.7916666666666,0
773.7083333333334,0
774.125,0
773.6666666666666,0
773.4583333333334,0
724.3333333333334,0
708.0,0
773.0833333333334,0
773.5,0
773.9166666666666,0
773.4166666666666,0
773.375,0
773.9583333333334,0
774.0,0
774.2083333333334,0
774.0416666666666,0
773.5833333333334,0
773.875,0
773.5833333333334,0
773.9583333333334,0
773.6666666666666,0
773.9166666666666,0
773.875,0
773.8333333333334,0
773.6666666666666,0
773.4583333333334,0
774.0833333333334,0
773.75,0
774.1666666666666,0
773.875,0
773.625,0
773.9166666666666,0
773.8333333333334,0
773.4583333333334,0
773.6666666666666,0
773.1666666666666,0
773.6666666666666,0
774.125,0
773.875,0
773.4583333333334,0
774.0,0
773.5,0
773.4583333333334,0
774.0,0
773.375,0
773.9583333333334,0
774.125,0
774.0,0
773.5416666666666,0
774.1666666666666,0
773.8333333333334,0
774.125,0
773.4166666666666,0
773.5416666666666,0
773.8333333333334,0
773.8333333333334,0
774.0416666666666,0
773.9166666666666,0
773.5,0
773.9583333333334,0
773.875,0
773.9166666666666,0
773.5416666666666,0
773.875,0
773.375,0
773.2916666666666,0
773.9583333333334,0
773.75,0
774.0416666666666,0
773.9166666666666,0
773.5416666666666,0
774.0833333333334,0
774.125,0
773.5416666666666,0
774.25,0
773.6666666666666,0
773.9166666666666,0
773.2916666666666,0
773.4166666666666,0
773.5,0
773.7916666666666,0
773.6666666666666,0
774.125,0
773.25,0
773.4166666666666,0
773.875,0
773.5833333333334,0
773.7916666666666,0
773.5416666666666,0
773.5416666666666,0
773.7083333333334,0
773.5833333333334,0
773.5833333333334,0
773.625,0
773.5833333333334,0
773.875,0
773.375,0
773.875,0
773.7916666666666,0
773.75,0
773.9583333333334,0
773.7916666666666,0
773.8333333333334,0
774.0833333333334,0
774.0416666666666,0
773.5,0
773.9166666666666,0
773.875,0
773.125,0
773.5,0
773.9166666666666,0
774.1666666666666,0
773.6666666666666,0
774.1666666666666,0
773.5833333333334,0
773.8333333333334,0
774.25,0
773.4583333333334,0
774.0,0
773.4166666666666,0
774.0416666666666,0
773.5833333333334,0
773.6666666666666,0
773.5416666666666,0
773.1666666666666,0
773.5416666666666,0
773.5833333333334,0
774.0833333333334,0
773.9166666666666,0
773.4583333333334,0
773.625,0
773.7083333333334,0
773.6666666666666,0
773.9166666666666,0
773.875,0
773.9166666666666,0
773.5416666666666,0
774.1666666666666,0
773.9166666666666,0
773.2916666666666,0
773.5416666666666,0
773.875,0
773.75,0
773.9583333333334,0
773.7083333333334,0
773.7083333333334,0
773.7083333333334,0
773.9166666666666,0
774.0833333333334,0
773.4583333333334,0
773.875,0
774.0,0
773.375,0
773.75,0
774.0,0
773.9583333333334,0
773.375,0
773.4583333333334,0
773.75,0
773.5416666666666,0
773.5416666666666,0
773.9166666666666,0
773.7083333333334,0
773.6666666666666,0
773.4166666666666,0
774.25,0
773.7083333333334,0
773.5833333333334,0
773.625,0
774.0,0
773.9166666666666,0
773.6666666666666,0
773.75,0
773.625,0
773.5416666666666,0
773.7083333333334,0
773.5833333333334,0
773.8333333333334,0
773.75,0
773.0,0
773.625,0
774.0,0
774.25,0
773.75,0
774.0416666666666,0
773.8333333333334,0
773.5833333333334,0
773.6666666666666,0
773.7916666666666,0
774.0416666666666,0
774.0,0
773.7916666666666,0
774.125,0
774.125,0
773.5833333333334,0
774.375,0
773.6666666666666,0
773.625,0
773.7916666666666,0
773.875,0
774.2916666666666,0
774.25,0
773.875,0
774.2083333333334,0
773.9166666666666,0
773.9583333333334,0
773.875,0
774.2083333333334,0
773.125,0
773.0833333333334,0
773.75,0
774.2083333333334,0
773.7916666666666,0
773.625,0
773.7916666666666,0
773.7916666666666,0
773.7916666666666,0
773.6666666666666,0
773.4166666666666,0
773.625,0
773.9583333333334,0
773.4583333333334,0
773.625,0
773.875,0
774.125,0
774.125,0
774.0416666666666,0
773.75,0
773.9166666666666,0
773.5416666666666,0
774.25,0
773.5,0
773.9583333333334,0
773.7083333333334,0
773.7083333333334,0
773.625,0
774.0416666666666,0
773.625,0
773.8333333333334,0
774.0,0
773.9166666666666,0
773.625,0
773.875,0
773.8333333333334,0
773.6666666666666,0
774.0,0
773.5,0
773.625,0
773.7083333333334,0
774.125,0
773.4166666666666,0
774.0,0
773.5416666666666,0
773.0416666666666,0
773.1666666666666,0
773.6666666666666,0
773.4166666666666,0
773.9583333333334,0
774.0,0
773.75,0
773.3333333333334,0
773.4166666666666,0
773.7083333333334,0
773.7083333333334,0
773.75,0
773.6666666666666,0
773.5416666666666,0
773.4166666666666,0
773.2916666666666,0
773.7083333333334,0
773.625,0
773.4166666666666,0
773.2916666666666,0
773.375,0
774.125,0
773.9166666666666,0
773.0416666666666,0
773.4583333333334,0
773.8333333333334,0
773.4166666666666,0
773.7916666666666,0
774.2083333333334,0
774.2083333333334,0
773.8333333333334,0
773.9166666666666,0
772.2083333333334,0
773.9166666666666,0
774.0416666666666,0
773.375,0
773.9166666666666,0
773.8333333333334,0
773.75,0
774.125,0
773.8333333333334,0
773.6666666666666,0
774.125,0
773.7083333333334,0
774.0,0
774.0,0
773.875,0
774.1666666666666,0
773.8333333333334,0
773.5833333333334,0
774.0416666666666,0
773.8333333333334,0
774.0,0
773.625,0
773.8333333333334,0
774.0833333333334,0
773.4166666666666,0
773.8333333333334,0
773.6666666666666,0
773.9583333333334,0
773.5416666666666,0
773.9166666666666,0
773.9166666666666,0
773.625,0
773.75,0
773.75,0
773.2083333333334,0
773.4583333333334,0
773.1666666666666,0
773.625,0
774.25,0
773.2916666666666,0
774.375,0
773.75,0
774.0,0
773.9583333333334,0
774.2083333333334,0
773.625,0
773.6666666666666,0
773.7083333333334,0
773.7083333333334,0
774.2916666666666,0
773.375,0
773.8333333333334,0
773.75,0
773.375,0
773.4166666666666,0
774.25,0
773.2083333333334,0
773.7916666666666,0
773.5833333333334,0
774.0416666666666,0
774.1666666666666,0
773.9583333333334,0
773.875,0
773.5,0
773.9583333333334,0
774.1666666666666,0
773.4583333333334,0
773.4166666666666,0
774.3333333333334,0
773.625,0
774.25,0
773.75,0
773.9166666666666,0
773.875,0
773.3333333333334,0
773.75,0
774.0416666666666,0
774.2083333333334,0
773.8333333333334,0
773.9583333333334,0
774.0833333333334,0
773.7083333333334,0
773.25,0
774.125,0
774.0416666666666,0
773.4166666666666,0
773.2916666666666,0
773.8333333333334,0
773.5833333333334,0
773.5416666666666,0
773.9583333333334,0
773.75,0
773.4583333333334,0
773.75,0
774.0833333333334,0
774.0416666666666,0
773.375,0
773.5,0
773.7083333333334,0
773.4583333333334,0
773.4166666666666,0
773.9166666666666,0
773.5,0
774.2083333333334,0
773.3333333333334,0
773.8333333333334,0
773.75,0
773.5,0
773.5,0
773.75,0
773.75,0
774.2916666666666,0
773.5416666666666,0
773.75,0
774.25,0
773.75,0
773.7083333333334,0
773.75,0
773.9583333333334,0
773.7916666666666,0
773.7083333333334,0
773.875,0
774.0833333333334,0
773.3333333333334,0
774.0833333333334,0
773.375,0
773.0833333333334,0
773.6666666666666,0
773.625,0
773.5,0
773.25,0
773.375,0
773.375,0
773.5416666666666,0
773.5833333333334,0
773.5,0
773.5833333333334,0
773.5416666666666,0
774.0416666666666,0
773.8333333333334,0
773.4583333333334,0
774.2916666666666,0
773.2916666666666,0
773.75,0
773.5416666666666,0
773.9166666666666,0
773.5833333333334,0
773.9583333333334,0
773.5833333333334,0
773.0833333333334,0
773.4166666666666,0
774.25,0
773.4583333333334,0
773.6666666666666,0
774.2083333333334,0
773.375,0
773.5,0
773.7916666666666,0
773.875,0
773.625,0
774.0,0
773.5833333333334,0
773.5,0
773.75,0
773.375,0
773.5416666666666,0
774.0,0
773.9583333333334,0
773.875,0
774.0416666666666,0
773.375,0
773.7916666666666,0
773.4583333333334,0
773.5416666666666,0
773.5,0
773.9166666666666,0
773.625,0
773.4166666666666,0
773.25,0
774.0,0
773.4583333333334,0
773.8333333333334,0
773.5416666666666,0
773.2916666666666,0
773.7083333333334,0
773.375,0
773.625,0
773.4583333333334,0
773.5833333333334,0
773.5833333333334,0
774.2916666666666,0
773.6666666666666,0
773.625,0
773.7916666666666,0
773.5833333333334,0
773.7916666666666,0
773.8333333333334,0
774.0833333333334,0
773.625,0
773.5416666666666,0
773.4583333333334,0
773.75,0
773.1666666666666,0
773.8333333333334,0
773.8333333333334,0
773.8333333333334,0
773.75,0
773.9583333333334,0
773.5833333333334,0
773.4583333333334,0
773.5416666666666,0
774.125,0
774.1666666666666,0
773.8333333333334,0
773.3333333333334,0
774.0833333333334,0
774.0,0
774.0833333333334,0
773.9583333333334,0
773.9583333333334,0
773.8333333333334,0
773.75,0
773.8333333333334,0
773.9166666666666,0
773.75,0
773.7083333333334,0
773.8333333333334,0
773.7916666666666,0
773.75,0
774.4166666666666,0
774.0,0
774.1666666666666,0
773.4583333333334,0
773.4583333333334,0
773.625,0
773.6666666666666,0
773.875,0
773.6666666666666,0
774.3333333333334,0
773.5,0
773.9166666666666,0
773.875,0
773.9166666666666,0
773.8333333333334,0
773.3333333333334,0
773.5,0
773.7916666666666,0
773.5833333333334,0
773.75,0
774.0,0
773.7083333333334,0
773.6666666666666,0
773.625,0
773.75,0
773.75,0
773.8333333333334,0
773.3333333333334,0
774.0,0
773.4166666666666,0
773.5833333333334,0
773.5833333333334,0
773.5416666666666,0
773.7916666666666,0
773.7083333333334,0
773.5,0
773.5416666666666,0
773.75,0
774.0416666666666,0
773.5833333333334,0
774.0416666666666,0
773.375,0
773.625,0
773.625,0
773.625,0
774.0,0
773.7916666666666,0
773.6666666666666,0
773.375,0
773.5416666666666,0
773.3333333333334,0
773.8333333333334,0
774.2083333333334,0
773.7916666666666,0
773.4166666666666,0
773.9583333333334,0
773.6666666666666,0
773.7916666666666,0
773.75,0
773.6666666666666,0
773.6666666666666,0
773.375,0
773.6666666666666,0
773.5416666666666,0
773.5833333333334,0
773.7083333333334,0
773.7916666666666,0
773.4583333333334,0
773.2916666666666,0
773.4583333333334,0
773.2916666666666,0
773.4583333333334,0
773.2916666666666,0
773.8333333333334,0
773.9583333333334,0
773.875,0
773.9583333333334,0
773.6666666666666,0
722.2083333333334,0
724.3333333333334,0
723.75,0
724.5,0
723.25,0
723.9583333333334,0
721.875,0
679.9583333333334,0
707.8333333333334,0
723.9583333333334,0
708.0416666666666,0
722.625,0
724.2083333333334,0
724.2083333333334,0
675.7916666666666,0
724.3333333333334,0
724.5833333333334,0
724.1666666666666,0
707.7916666666666,0
722.0833333333334,0
724.2083333333334,0
724.4166666666666,0
724.2083333333334,0
724.625,0
723.75,0
722.1666666666666,0
724.4583333333334,0
724.2916666666666,0
722.2916666666666,0
724.1666666666666,0
722.3333333333334,0
722.0,0
724.4583333333334,0
709.75,0
721.9166666666666,0
680.0416666666666,0
723.7916666666666,0
723.875,0
707.7916666666666,0
681.9583333333334,0
724.625,0
707.875,0
681.8333333333334,0
721.2916666666666,0
723.875,0
678.0,0
724.375,0
709.7083333333334,0
678.0833333333334,0
707.9583333333334,0
681.875,0
721.7083333333334,0
723.7916666666666,0
707.9583333333334,0
721.9583333333334,0
723.875,0
721.4166666666666,0
707.875,0
724.125,0
721.7916666666666,0
708.0416666666666,0
722.0833333333334,0
707.9583333333334,0
707.9583333333334,0
709.625,0
709.9166666666666,0
707.9166666666666,0
566.4166666666666,0
723.9583333333334,0
722.0,0
709.6666666666666,0
722.4166666666666,0
708.2916666666666,0
708.125,0
724.0416666666666,0
722.2083333333334,0
723.375,0
709.6666666666666,0
707.875,0
709.7916666666666,0
707.9166666666666,0
709.6666666666666,0
724.0,0
724.125,0
739.0,0
722.5,0
722.0416666666666,0
707.75,0
707.8333333333334,0
724.0416666666666,0
709.5,0
678.0416666666666,0
721.75,0
707.7916666666666,0
707.75,0
723.9166666666666,0
709.6666666666666,0
723.9166666666666,0
709.4583333333334,0
723.9583333333334,0
722.4583333333334,0
709.75,0
707.75,0
723.9166666666666,0
722.2083333333334,0
721.9166666666666,0
708.2916666666666,0
707.9166666666666,0
721.9583333333334,0
722.1666666666666,0
707.8333333333334,0
709.6666666666666,0
721.75,0
721.3333333333334,0
721.625,0
722.4583333333334,0
721.4583333333334,0
707.8333333333334,0
709.4583333333334,0
723.8333333333334,0
681.875,0
678.1666666666666,0
724.2916666666666,0
678.2083333333334,0
721.6666666666666,0
709.7083333333334,0
721.625,0
722.0416666666666,0
724.4583333333334,0
721.5416666666666,0
724.0,0
724.7083333333334,0
723.7916666666666,0
724.2083333333334,0
724.4166666666666,0
722.25,0
724.25,0
724.125,0
722.2916666666666,0
723.9166666666666,0
676.7083333333334,0
722.625,0
724.25,0
724.2083333333334,0
724.25,0
724.25,0
724.0833333333334,0
724.4166666666666,0
724.4166666666666,0
723.5416666666666,0
723.9583333333334,0
724.3333333333334,0
724.125,0
724.2083333333334,0
723.9166666666666,0
723.4583333333334,0
676.625,0
724.0416666666666,0
724.0,0
724.2083333333334,0
724.4166666666666,0
723.9583333333334,0
724.5416666666666,0
724.0,0
723.75,0
724.1666666666666,0
724.1666666666666,0
676.0416666666666,0
724.2083333333334,0
724.125,0
724.2083333333334,0
567.2083333333334,0
553.125,0
707.875,0
723.9583333333334,0
706.5416666666666,0
724.0833333333334,0
723.75,0
723.1666666666666,0
676.5833333333334,0
724.2083333333334,0
724.375,0
724.4166666666666,0
723.625,0
723.625,0
723.5833333333334,0
723.9583333333334,0
724.2083333333334,0
724.4583333333334,0
724.2083333333334,0
724.25,0
724.2083333333334,0
723.5833333333334,0
708.1666666666666,0
724.0416666666666,0
724.0,0
676.9583333333334,0
724.0833333333334,0
723.5416666666666,0
723.75,0
723.5,0
724.5416666666666,0
724.5,0
723.7083333333334,0
724.0416666666666,0
724.1666666666666,0
724.0416666666666,0
723.9166666666666,0
722.0416666666666,0
724.3333333333334,0
722.5416666666666,0
724.1666666666666,0
724.5833333333334,0
724.375,0
724.0416666666666,0
721.7083333333334,0
724.25,0
722.4583333333334,0
722.3333333333334,0
721.5833333333334,0
724.0833333333334,0
723.7083333333334,0
723.6666666666666,0
721.5416666666666,0
709.875,0
721.6666666666666,0
724.4583333333334,0
724.4583333333334,0
721.6666666666666,0
721.625,0
710.0,0
724.4583333333334,0
781.2083333333334,0
781.4583333333334,0
781.3333333333334,0
916.625,0
916.5833333333334,0
917.7083333333334,0
917.2916666666666,0
781.1666666666666,0
916.6666666666666,0
917.4583333333334,0
781.75,0
916.5833333333334,0
781.3333333333334,0
846.1666666666666,0
781.0,0
846.7083333333334,0
846.7083333333334,0
845.8333333333334,0
780.7916666666666,0
844.3333333333334,0
781.2916666666666,0
781.375,0
781.4166666666666,0
781.7916666666666,0
780.6666666666666,0
843.7916666666666,0
781.0833333333334,0
781.7916666666666,0
781.4583333333334,0
781.5,0
781.1666666666666,0
781.5,0
780.9583333333334,0
782.4166666666666,0
780.9583333333334,0
781.0416666666666,0
781.3333333333334,0
843.875,0
781.625,0
781.2083333333334,0
781.2916666666666,0
763.9166666666666,0
781.5,0
782.75,0
782.5,0
781.5416666666666,0
781.0,0
781.5416666666666,0
782.5416666666666,0
781.4166666666666,0
781.5416666666666,0
781.8333333333334,0
675.9166666666666,0
781.8333333333334,0
722.5,0
965.625,0
781.2083333333334,0
781.25,0
781.75,0
781.4583333333334,0
781.875,0
781.75,0
916.7083333333334,0
782.7083333333334,0
764.2916666666666,0
781.1666666666666,0
781.5833333333334,0
781.875,0
781.2916666666666,0
781.75,0
781.2916666666666,0
764.0833333333334,0
781.4166666666666,0
781.8333333333334,0
781.125,0
676.375,0
781.2083333333334,0
781.6666666666666,0
781.5833333333334,0
781.5416666666666,0
781.2083333333334,0
781.0,0
781.2916666666666,0
763.9583333333334,0
782.2916666666666,0
781.5833333333334,0
781.25,0
781.2916666666666,0
780.875,0
780.9583333333334,0
781.5416666666666,0
781.125,0
781.0,0
780.8333333333334,0
781.6666666666666,0
781.5416666666666,0
781.7083333333334,0
781.6666666666666,0
781.8333333333334,0
781.75,0
781.5416666666666,0
781.5,0
846.125,0
781.5416666666666,0
781.625,0
781.4166666666666,0
781.4166666666666,0
781.0416666666666,0
781.2083333333334,0
781.5833333333334,0
781.125,0
781.5,0
781.4166666666666,0
781.3333333333334,0
781.2916666666666,0
782.5833333333334,0
781.0833333333334,0
782.375,0
781.4583333333334,0
923.8333333333334,0
763.7083333333334,0
781.5833333333334,0
781.4583333333334,0
781.5416666666666,0
782.3333333333334,0
781.4166666666666,0
780.9166666666666,0
780.625,0
781.2916666666666,0
763.9166666666666,0
780.7916666666666,0
780.9583333333334,0
780.875,0
780.6666666666666,0
781.75,0
781.4583333333334,0
781.4166666666666,0
781.4583333333334,0
781.25,0
763.7083333333334,0
781.5,0
781.3333333333334,0
781.375,0
781.4166666666666,0
781.1666666666666,0
781.5,0
781.2916666666666,0
781.7083333333334,0
780.7083333333334,0
781.2916666666666,0
763.8333333333334,0
781.0833333333334,0
916.625,0
781.4583333333334,0
916.4166666666666,0
781.5416666666666,0
764.2916666666666,0
780.875,0
782.9166666666666,0
781.5416666666666,0
781.25,0
780.7916666666666,0
782.5833333333334,0
780.7916666666666,0
781.25,0
781.7916666666666,0
781.6666666666666,0
781.1666666666666,0
781.375,0
763.7916666666666,0
781.0833333333334,0
781.3333333333334,0
781.4166666666666,0
781.625,0
781.5833333333334,0
780.7916666666666,0
781.4166666666666,0
781.5,0
781.0833333333334,0
781.4166666666666,0
782.875,0
917.5,0
916.75,0
916.4583333333334,0
965.25,0
780.9166666666666,0
923.4583333333334,0
916.5,0
916.625,0
917.2083333333334,0
916.2916666666666,0
781.625,0
780.625,0
965.2916666666666,0
781.625,0
763.7083333333334,0
781.4583333333334,0
781.5,0
781.2083333333334,0
782.625,0
781.6666666666666,0
781.375,0
781.5416666666666,0
781.0833333333334,0
782.6666666666666,0
781.25,0
781.125,0
780.9583333333334,0
781.0416666666666,0
781.7083333333334,0
781.0833333333334,0
782.4583333333334,0
781.2083333333334,0
773.75,0
763.75,0
917.7916666666666,0
781.8333333333334,0
781.8333333333334,0
782.0416666666666,0
781.4166666666666,0
781.5,0
781.6666666666666,0
781.7916666666666,0
782.4583333333334,0
781.5,0
780.8333333333334,0
782.375,0
781.0,0
781.375,0
773.9166666666666,0
781.0833333333334,0
782.5,0
763.875,0
781.2916666666666,0
781.3333333333334,0
781.6666666666666,0
764.125,0
782.5,0
781.7083333333334,0
781.25,0
780.9166666666666,0
781.25,0
764.2916666666666,0
781.75,0
764.2083333333334,0
780.9166666666666,0
781.2083333333334,0
781.75,0
781.375,0
917.625,0
781.125,0
764.0833333333334,0
846.0833333333334,0
780.9166666666666,0
917.7916666666666,0
918.3333333333334,0
781.1666666666666,0
780.75,0
780.625,0
781.875,0
782.6666666666666,0
781.4583333333334,0
781.8333333333334,0
764.125,0
781.7083333333334,0
780.875,0
781.5833333333334,0
781.125,0
782.875,0
781.3333333333334,0
780.7916666666666,0
781.0,0
781.75,0
781.4166666666666,0
781.125,0
782.7916666666666,0
723.6666666666666,0
780.75,0
781.5833333333334,0
781.0833333333334,0
781.1666666666666,0
781.625,0
781.25,0
781.25,0
781.4583333333334,0
780.75,0
781.25,0
781.5833333333334,0
763.75,0
781.2916666666666,0
916.7083333333334,0
781.0416666666666,0
781.2916666666666,0
781.2083333333334,0
781.4166666666666,0
781.3333333333334,0
781.875,0
782.5833333333334,0
781.2916666666666,0
781.7083333333334,0
764.0833333333334,0
780.9166666666666,0
780.75,0
782.7083333333334,0
781.5,0
781.2083333333334,0
781.2083333333334,0
763.75,0
781.25,0
781.375,0
782.625,0
843.75,0
780.9583333333334,0
782.8333333333334,0
781.7083333333334,0
781.2916666666666,0
782.625,0
781.3333333333334,0
781.25,0
763.7916666666666,0
781.2916666666666,0
781.3333333333334,0
782.75,0
780.7916666666666,0
781.4166666666666,0
781.5,0
781.3333333333334,0
781.3333333333334,0
781.0416666666666,0
781.0,0
782.6666666666666,0
781.5,0
781.0416666666666,0
781.25,0
781.2916666666666,0
781.6666666666666,0
781.0416666666666,0
780.7083333333334,0
782.5833333333334,0
781.2916666666666,0
923.7083333333334,0
781.3333333333334,0
781.1666666666666,0
781.5416666666666,0
781.8333333333334,0
782.2916666666666,0
781.3333333333334,0
781.5833333333334,0
780.875,0
846.3333333333334,0
917.875,0
780.9166666666666,0
782.6666666666666,0
782.875,0
781.6666666666666,0
781.4166666666666,0
781.9583333333334,0
781.0,0
764.2083333333334,0
781.25,0
781.2083333333334,0
916.75,0
846.375,0
781.125,0
781.4583333333334,0
781.0,0
781.6666666666666,0
781.5833333333334,0
764.125,0
916.875,0
781.7083333333334,0
781.3333333333334,0
781.0,0
781.2916666666666,0
843.8333333333334,0
780.9583333333334,0
781.25,0
780.75,0
844.125,0
781.2083333333334,0
763.9583333333334,0
781.25,0
782.2916666666666,0
723.6666666666666,0
780.9583333333334,0
782.625,0
781.5416666666666,0
781.4166666666666,0
781.7083333333334,0
781.2083333333334,0
781.7916666666666,0
676.1666666666666,0
781.375,0
780.7916666666666,0
764.25,0
780.9583333333334,0
781.625,0
782.5416666666666,0
781.4583333333334,0
782.875,0
781.5416666666666,0
901.6666666666666,0
917.7083333333334,0
916.625,0
735.9166666666666,0
917.4583333333334,0
812.75,0
917.5,0
916.875,0
917.3333333333334,0
917.25,0
916.375,0
763.6666666666666,0
593.0833333333334,0
917.75,0
916.5,0
965.5416666666666,0
781.7083333333334,0
916.3333333333334,0
723.9583333333334,0
916.5,0
781.2916666666666,0
846.375,0
781.1666666666666,0
781.375,0
917.6666666666666,0
844.2083333333334,0
723.8333333333334,0
917.2083333333334,0
781.4583333333334,0
781.375,0
917.6666666666666,0
780.7916666666666,0
965.3333333333334,0
917.5,0
781.0833333333334,0
844.4166666666666,0
844.3333333333334,0
844.5416666666666,0
782.4166666666666,0
780.8333333333334,0
781.4583333333334,0
843.9166666666666,0
781.9166666666666,0
781.25,0
724.0,0
723.9166666666666,0
722.6666666666666,0
923.75,0
738.7916666666666,0
718.7083333333334,0
781.4583333333334,0
677.2083333333334,0
844.0833333333334,0
773.8333333333334,0
843.9583333333334,0
843.9583333333334,0
844.1666666666666,0
844.2083333333334,0
844.0416666666666,0
917.7083333333334,0
781.375,0
780.9166666666666,0
843.9166666666666,0
917.5,0
781.8333333333334,0
781.75,0
780.8333333333334,0
916.2916666666666,0
781.7083333333334,0
923.5416666666666,0
781.2916666666666,0
781.4583333333334,0
780.625,0
780.9583333333334,0
781.5,0
917.9583333333334,0
781.2916666666666,0
781.6666666666666,0
845.9583333333334,0
781.7916666666666,0
781.5833333333334,0
724.0833333333334,0
782.4583333333334,0
781.2083333333334,0
781.25,0
781.0416666666666,0
781.375,0
781.2083333333334,0
781.4583333333334,0
781.1666666666666,0
781.4583333333334,0
781.4166666666666,0
781.2083333333334,0
780.875,0
781.125,0
917.0833333333334,0
917.1666666666666,0
916.4583333333334,0
916.7916666666666,0
917.4583333333334,0
916.625,0
918.2916666666666,0
923.6666666666666,0
916.7916666666666,0
916.5,0
781.4583333333334,0
923.7083333333334,0
916.25,0
917.5833333333334,0
917.625,0
917.3333333333334,0
917.6666666666666,0
916.7083333333334,0
916.5833333333334,0
916.6666666666666,0
917.75,0
917.6666666666666,0
916.75,0
916.6666666666666,0
917.8333333333334,0
923.2916666666666,0
916.625,0
916.5416666666666,0
916.8333333333334,0
965.6666666666666,0
917.0,0
916.4583333333334,0
916.625,0
916.3333333333334,0
917.5416666666666,0
916.8333333333334,0
916.7916666666666,0
916.75,0
916.2083333333334,0
916.4583333333334,0
965.75,0
916.375,0
916.4166666666666,0
916.0416666666666,0
915.7916666666666,0
916.625,0
917.0,0
916.7916666666666,0
917.5416666666666,0
916.625,0
916.375,0
917.8333333333334,0
917.375,0
917.2083333333334,0
917.8333333333334,0
917.625,0
917.875,0
915.9166666666666,0
915.875,0
916.4166666666666,0
916.5833333333334,0
916.4166666666666,0
916.4583333333334,0
916.2916666666666,0
916.5,0
916.5833333333334,0
916.2083333333334,0
917.7083333333334,0
916.0833333333334,0
916.5,0
916.25,0
916.25,0
916.8333333333334,0
916.8333333333334,0
916.25,0
916.5833333333334,0
917.5416666666666,0
923.3333333333334,0
916.25,0
916.4583333333334,0
916.4166666666666,0
917.1666666666666,0
916.4583333333334,0
916.4583333333334,0
916.5833333333334,0
917.0,0
916.25,0
915.8333333333334,0
916.3333333333334,0
917.9166666666666,0
916.4583333333334,0
916.0,0
916.3333333333334,0
917.375,0
917.8333333333334,0
917.4166666666666,0
916.9583333333334,0
916.8333333333334,0
916.8333333333334,0
917.1666666666666,0
916.375,0
917.625,0
916.5833333333334,0
916.875,0
916.2916666666666,0
916.0,0
917.2916666666666,0
916.9583333333334,0
916.875,0
917.875,0
916.9583333333334,0
965.5,0
916.3333333333334,0
917.625,0
916.5833333333334,0
917.25,0
916.625,0
916.5833333333334,0
916.5,0
916.8333333333334,0
915.9166666666666,0
916.9166666666666,0
916.5833333333334,0
916.7916666666666,0
916.5416666666666,0
916.4583333333334,0
917.625,0
917.5833333333334,0
917.25,0
916.3333333333334,0
916.375,0
916.25,0
916.8333333333334,0
916.875,0
916.25,0
916.8333333333334,0
917.6666666666666,0
916.2916666666666,0
917.8333333333334,0
916.6666666666666,0
916.6666666666666,0
916.375,0
916.6666666666666,0
916.5,0
917.7916666666666,0
916.5,0
916.6666666666666,0
916.7083333333334,0
843.8333333333334,0
781.2916666666666,0
781.7083333333334,0
923.25,0
917.4166666666666,0
917.8333333333334,0
781.75,0
763.9166666666666,0
781.2916666666666,0
781.0,0
781.25,0
781.75,0
781.2916666666666,0
780.875,0
781.6666666666666,0
781.625,0
781.625,0
781.25,0
781.0,0
781.0833333333334,0
781.2083333333334,0
781.375,0
781.2083333333334,0
781.4583333333334,0
781.8333333333334,0
781.125,0
781.5833333333334,0
780.8333333333334,0
781.3333333333334,0
724.0416666666666,0
781.4166666666666,0
781.6666666666666,0
781.4583333333334,0
846.0,0
722.4166666666666,0
845.8333333333334,0
723.9583333333334,0
724.3333333333334,0
844.25,0
844.0833333333334,0
843.9583333333334,0
844.1666666666666,0
844.2083333333334,0
844.0416666666666,0
846.1666666666666,0
845.7916666666666,0
723.9583333333334,0
844.2916666666666,0
845.875,0
844.0,0
724.5416666666666,0
843.875,0
724.7083333333334,0
722.3333333333334,0
724.4166666666666,0
845.9583333333334,0
844.0833333333334,0
723.875,0
844.625,0
846.25,0
724.1666666666666,0
844.125,0
723.875,0
724.4583333333334,0
844.2083333333334,0
846.0,0
724.1666666666666,0
843.8333333333334,0
843.9583333333334,0
844.375,0
844.0416666666666,0
722.2916666666666,0
844.25,0
844.0416666666666,0
846.5,0
724.5,0
843.875,0
845.9583333333334,0
843.7083333333334,0
844.375,0
844.125,0
843.8333333333334,0
844.5833333333334,0
844.4583333333334,0
845.7916666666666,0
724.125,0
844.0416666666666,0
723.9583333333334,0
724.0,0
843.75,0
724.125,0
844.2916666666666,0
844.2916666666666,0
844.25,0
724.5416666666666,0
844.0416666666666,0
844.2083333333334,0
843.7916666666666,0
724.0416666666666,0
724.2083333333334,0
724.5833333333334,0
724.1666666666666,0
844.125,0
846.0,0
846.25,0
843.6666666666666,0
844.375,0
844.375,0
844.125,0
724.3333333333334,0
846.0416666666666,0
724.1666666666666,0
724.0416666666666,0
844.25,0
844.125,0
724.0,0
844.0,0
724.4166666666666,0
844.2083333333334,0
773.2916666666666,0
723.9583333333334,0
844.2083333333334,0
843.875,0
846.4583333333334,0
844.0,0
844.3333333333334,0
724.5,0
724.2083333333334,0
846.2916666666666,0
843.9583333333334,0
844.375,0
846.4583333333334,0
844.375,0
844.1666666666666,0
844.1666666666666,0
843.9583333333334,0
846.4166666666666,0
845.875,0
844.5416666666666,0
846.3333333333334,0
846.25,0
843.9583333333334,0
724.0416666666666,0
724.0,0
844.3333333333334,0
723.7083333333334,0
844.0416666666666,0
723.7916666666666,0
846.1666666666666,0
722.4583333333334,0
844.2916666666666,0
844.2083333333334,0
844.0,0
844.0416666666666,0
844.2083333333334,0
724.3333333333334,0
843.625,0
844.0416666666666,0
845.9166666666666,0
843.875,0
843.6666666666666,0
843.9583333333334,0
773.8333333333334,0
844.5833333333334,0
844.2916666666666,0
844.125,0
844.2916666666666,0
844.5,0
723.9166666666666,0
723.9583333333334,0
844.0416666666666,0
724.3333333333334,0
844.1666666666666,0
846.2916666666666,0
724.0,0
845.9166666666666,0
843.7083333333334,0
774.0,0
773.8333333333334,0
781.6666666666666,0
774.2916666666666,0
773.5833333333334,0
773.9166666666666,0
774.25,0
773.6666666666666,0
781.375,0
781.4583333333334,0
781.4166666666666,0
781.25,0
782.9166666666666,0
781.0833333333334,0
781.0,0
781.5,0
781.25,0
781.0416666666666,0
781.0,0
781.375,0
781.8333333333334,0
781.0833333333334,0
781.6666666666666,0
781.25,0
781.0416666666666,0
781.0416666666666,0
781.2083333333334,0
780.7916666666666,0
781.375,0
781.4166666666666,0
782.4166666666666,0
780.6666666666666,0
781.0,0
781.1666666666666,0
781.2916666666666,0
781.2083333333334,0
781.125,0
781.25,0
781.5,0
782.7916666666666,0
781.5416666666666,0
781.0,0
781.2083333333334,0
764.0,0
781.75,0
781.4583333333334,0
781.2083333333334,0
781.0416666666666,0
781.4166666666666,0
781.4166666666666,0
780.875,0
782.3333333333334,0
781.1666666666666,0
781.625,0
780.75,0
782.9166666666666,0
781.4166666666666,0
782.4166666666666,0
781.625,0
781.125,0
781.0416666666666,0
782.5416666666666,0
781.625,0
781.6666666666666,0
781.625,0
780.75,0
780.9166666666666,0
781.2916666666666,0
780.9583333333334,0
782.2916666666666,0
781.25,0
781.375,0
781.0416666666666,0
781.0833333333334,0
780.875,0
781.8333333333334,0
675.875,0
782.625,0
781.0416666666666,0
781.5,0
782.5833333333334,0
781.7083333333334,0
781.3333333333334,0
781.0416666666666,0
781.5833333333334,0
782.8333333333334,0
781.7083333333334,0
780.8333333333334,0
781.125,0
781.7916666666666,0
780.75,0
781.2083333333334,0
781.0416666666666,0
781.25,0
780.7916666666666,0
780.6666666666666,0
773.625,0
723.2916666666666,0
773.2083333333334,0
724.0416666666666,0
724.125,0
724.0833333333334,0
916.7916666666666,0
917.3333333333334,0
917.375,0
916.6666666666666,0
916.7083333333334,0
916.6666666666666,0
916.6666666666666,0
916.3333333333334,0
916.375,0
916.4166666666666,0
916.6666666666666,0
916.1666666666666,0
916.7083333333334,0
917.25,0
916.4166666666666,0
916.125,0
916.2916666666666,0
915.7916666666666,0
916.0416666666666,0
916.6666666666666,0
916.625,0
916.8333333333334,0
916.75,0
916.5,0
916.6666666666666,0
915.9166666666666,0
917.5,0
917.2916666666666,0
917.5416666666666,0
915.875,0
916.6666666666666,0
916.7916666666666,0
916.375,0
916.5833333333334,0
916.75,0
916.625,0
916.8333333333334,0
724.2083333333334,0
739.0416666666666,0
780.8333333333334,0
722.0416666666666,0
722.625,0
724.1666666666666,0
722.5416666666666,0
709.9583333333334,0
781.9166666666666,0
503.75,0
781.25,0
844.5416666666666,0
676.3333333333334,0
724.0416666666666,0
846.125,0
781.0,0
844.25,0
676.2083333333334,0
781.2083333333334,0
781.125,0
724.1666666666666,0
780.9583333333334,0
843.9583333333334,0
808.875,0
844.0833333333334,0
773.4166666666666,0
773.9583333333334,0
773.0,0
773.7916666666666,0
774.0416666666666,0
773.75,0
774.25,0
773.3333333333334,0
774.0,0
773.375,0
773.9166666666666,0
773.75,0
773.8333333333334,0
773.6666666666666,0
774.3333333333334,0
781.125,0
781.2083333333334,0
781.25,0
780.7916666666666,0
781.125,0
774.1666666666666,0
707.7083333333334,0
709.625,0
675.875,0
676.25,0
780.9166666666666,0
773.875,0
773.625,0
774.25,0
723.8333333333334,0
724.1666666666666,0
723.5833333333334,0
774.0416666666666,0
773.7083333333334,0
773.5833333333334,0
773.7083333333334,0
773.625,0
774.125,0
722.5,0
724.0416666666666,0
773.4166666666666,0
724.0,0
773.4166666666666,0
773.4166666666666,0
774.0,0
724.0,0
723.7083333333334,0
724.2083333333334,0
723.6666666666666,0
782.375,0
723.7916666666666,0
724.25,0
724.0833333333334,0
724.0416666666666,0
723.875,0
844.25,0
846.5833333333334,0
781.2083333333334,0
724.0833333333334,0
724.0833333333334,0
781.125,0
724.3333333333334,0
781.0833333333334,0
781.125,0
781.0416666666666,0
781.4166666666666,0
773.7083333333334,0
781.0,0
781.1666666666666,0
724.0833333333334,0
780.8333333333334,0
724.0416666666666,0
724.125,0
724.125,0
724.0833333333334,0
781.0,0
781.2083333333334,0
724.0833333333334,0
723.9583333333334,0
781.625,0
781.7916666666666,0
781.3333333333334,0
675.75,0
773.5,0
781.2916666666666,0
782.375,0
780.7083333333334,0
780.9166666666666,0
781.9166666666666,0
782.7083333333334,0
781.375,0
781.0833333333334,0
763.9166666666666,0
781.5833333333334,0
782.4583333333334,0
781.0416666666666,0
782.4583333333334,0
781.4166666666666,0
763.875,0
782.5,0
781.625,0
723.75,0
781.5,0
781.625,0
782.6666666666666,0
781.0833333333334,0
781.0833333333334,0
781.6666666666666,0
781.5416666666666,0
773.875,0
774.1666666666666,0
781.1666666666666,0
781.2916666666666,0
781.3333333333334,0
774.3333333333334,0
774.0,0
780.8333333333334,0
763.7083333333334,0
763.8333333333334,0
780.7916666666666,0
782.5833333333334,0
723.875,0
724.2916666666666,0
724.5416666666666,0
723.9583333333334,0
724.5833333333334,0
724.125,0
724.125,0
709.625,0
723.625,0
723.7916666666666,0
723.8333333333334,0
722.625,0
722.75,0
724.4583333333334,0
723.8333333333334,0
844.2083333333334,0
844.3333333333334,0
844.0833333333334,0
723.7916666666666,0
721.6666666666666,0
773.4166666666666,0
723.3333333333334,0
724.375,0
724.375,0
723.9583333333334,0
723.375,0
724.0416666666666,0
724.1666666666666,0
723.9166666666666,0
724.2916666666666,0
724.2916666666666,0
724.1666666666666,0
724.25,0
723.9583333333334,0
724.125,0
723.9166666666666,0
723.8333333333334,0
724.5416666666666,0
707.9583333333334,0
723.8333333333334,0
724.3333333333334,0
723.9166666666666,0
708.1666666666666,0
724.5,0
724.2916666666666,0
722.0833333333334,0
724.1666666666666,0
724.0416666666666,0
722.0833333333334,0
707.9166666666666,0
723.8333333333334,0
738.375,0
717.875,0
504.0833333333333,0
490.5833333333333,0
467.8333333333333,0
468.4583333333333,0
503.1666666666667,0
474.9166666666667,0
503.9166666666667,0
503.625,0
503.4166666666667,0
516.2916666666666,0
515.9583333333334,0
503.2916666666667,0
515.3333333333334,0
503.375,0
503.625,0
516.4166666666666,0
505.1666666666667,0
374.4583333333333,0
503.5,0
524.4583333333334,0
516.0416666666666,0
438.625,0
375.0,0
522.375,0
504.2083333333333,0
521.6666666666666,0
504.375,0
506.5,0
374.7083333333333,0
516.4166666666666,0
515.8333333333334,0
521.8333333333334,0
468.7083333333333,0
522.0,0
503.5,0
516.375,0
503.5416666666667,0
515.5416666666666,0
521.875,0
515.4166666666666,0
524.6666666666666,0
505.1666666666667,0
503.5416666666667,0
503.5833333333333,0
468.9166666666667,0
524.5,0
506.5,0
515.4583333333334,0
515.9583333333334,0
468.9166666666667,0
522.0416666666666,0
503.2916666666667,0
502.1666666666667,0
516.2916666666666,0
515.875,0
516.375,0
504.5833333333333,0
504.5416666666667,0
521.7916666666666,0
525.0416666666666,0
516.375,0
515.9166666666666,0
504.5416666666667,0
505.0,0
524.2916666666666,0
521.75,0
524.3333333333334,0
503.625,0
522.375,0
504.2083333333333,0
438.1666666666667,0
505.2916666666667,0
515.375,0
516.0,0
524.625,0
504.6666666666667,0
468.7916666666667,0
503.5833333333333,0
504.5833333333333,0
504.7083333333333,0
506.2916666666667,0
502.4583333333333,0
522.25,0
516.0416666666666,0
503.1666666666667,0
516.375,0
504.5,0
468.9583333333333,0
504.4166666666667,0
504.5,0
522.25,0
525.1666666666666,0
503.5,0
521.875,0
524.875,0
525.1666666666666,0
515.9166666666666,0
521.5,0
521.875,0
522.0416666666666,0
504.7083333333333,0
505.0,0
522.4583333333334,0
508.125,0
524.5,0
506.75,0
504.6666666666667,0
524.4583333333334,0
515.75,0
503.125,0
504.3333333333333,0
515.5,0
503.5416666666667,0
516.125,0
504.75,0
504.5416666666667,0
503.5833333333333,0
504.625,0
506.7916666666667,0
515.5833333333334,0
506.2916666666667,0
516.125,0
522.3333333333334,0
522.0416666666666,0
503.5833333333333,0
505.125,0
522.0833333333334,0
505.0833333333333,0
516.3333333333334,0
503.0416666666667,0
508.0416666666667,0
506.375,0
504.4166666666667,0
504.375,0
516.25,0
503.0833333333333,0
374.9166666666667,0
504.3333333333333,0
516.0416666666666,0
374.6666666666667,0
525.2916666666666,0
521.75,0
516.2916666666666,0
525.0416666666666,0
503.75,0
504.4166666666667,0
515.3333333333334,0
515.3333333333334,0
522.0,0
515.9583333333334,0
516.375,0
522.0833333333334,0
504.5,0
516.375,0
504.7083333333333,0
516.25,0
516.1666666666666,0
504.4583333333333,0
503.5,0
522.1666666666666,0
503.25,0
515.625,0
522.0,0
503.4583333333333,0
505.0,0
504.4583333333333,0
522.25,0
504.6666666666667,0
506.25,0
505.0,0
521.4583333333334,0
504.125,0
515.25,0
522.4166666666666,0
515.7916666666666,0
503.5833333333333,0
515.9166666666666,0
515.625,0
515.5833333333334,0
516.0416666666666,0
503.4583333333333,0
502.7083333333333,0
503.5833333333333,0
515.3333333333334,0
521.9583333333334,0
515.625,0
504.625,0
522.125,0
504.4583333333333,0
504.75,0
516.0833333333334,0
468.7083333333333,0
505.25,0
522.4583333333334,0
503.5833333333333,0
516.4166666666666,0
516.25,0
522.3333333333334,0
522.1666666666666,0
516.4166666666666,0
503.7083333333333,0
503.75,0
516.5,0
516.3333333333334,0
506.4583333333333,0
469.125,0
508.0833333333333,0
506.5833333333333,0
504.375,0
506.5416666666667,0
515.5416666666666,0
515.5416666666666,0
515.5,0
524.6666666666666,0
506.3333333333333,0
516.0,0
504.5,0
502.375,0
516.125,0
515.4583333333334,0
515.8333333333334,0
516.0833333333334,0
516.1666666666666,0
506.375,0
524.2916666666666,0
506.625,0
468.75,0
515.625,0
515.2083333333334,0
503.0833333333333,0
516.1666666666666,0
515.7083333333334,0
504.0833333333333,0
524.7083333333334,0
524.5,0
515.8333333333334,0
504.5,0
515.9166666666666,0
522.0,0
504.375,0
522.2916666666666,0
521.4166666666666,0
522.0416666666666,0
521.7083333333334,0
516.2083333333334,0
524.625,0
504.8333333333333,0
374.375,0
515.2916666666666,0
524.4583333333334,0
374.625,0
521.9583333333334,0
522.0,0
516.375,0
515.7083333333334,0
504.4166666666667,0
506.8333333333333,0
521.6666666666666,0
504.5416666666667,0
522.4583333333334,0
504.7916666666667,0
521.75,0
469.2083333333333,0
516.0416666666666,0
505.2916666666667,0
515.5833333333334,0
522.0416666666666,0
524.5833333333334,0
522.2083333333334,0
374.3333333333333,0
504.5,0
504.2083333333333,0
515.5416666666666,0
505.2083333333333,0
515.4583333333334,0
504.7916666666667,0
515.5,0
521.9166666666666,0
504.6666666666667,0
504.625,0
521.7916666666666,0
522.0,0
503.2083333333333,0
524.2916666666666,0
522.4583333333334,0
374.5833333333333,0
504.5833333333333,0
504.8333333333333,0
521.9583333333334,0
522.4166666666666,0
516.6666666666666,0
506.625,0
502.875,0
522.0,0
522.4166666666666,0
522.3333333333334,0
503.1666666666667,0
504.2083333333333,0
515.5416666666666,0
506.2916666666667,0
504.3333333333333,0
504.4166666666667,0
516.3333333333334,0
504.0833333333333,0
521.7083333333334,0
516.2083333333334,0
506.25,0
515.3333333333334,0
505.25,0
521.7083333333334,0
516.0416666666666,0
515.9166666666666,0
521.8333333333334,0
506.6666666666667,0
516.0,0
516.0,0
522.25,0
504.5416666666667,0
515.7083333333334,0
515.7083333333334,0
515.5833333333334,0
503.6666666666667,0
504.4166666666667,0
506.4166666666667,0
504.7916666666667,0
503.875,0
504.875,0
521.9583333333334,0
504.1666666666667,0
508.375,0
504.5416666666667,0
506.4166666666667,0
505.1666666666667,0
524.7083333333334,0
522.0,0
504.6666666666667,0
468.8333333333333,0
521.5,0
516.25,0
506.8333333333333,0
522.5,0
522.2083333333334,0
516.2916666666666,0
516.0416666666666,0
516.0416666666666,0
503.625,0
504.2916666666667,0
516.0,0
504.6666666666667,0
524.4166666666666,0
503.125,0
516.1666666666666,0
516.2916666666666,0
502.7083333333333,0
506.75,0
522.0416666666666,0
522.2083333333334,0
506.4166666666667,0
521.875,0
516.0,0
504.7916666666667,0
504.7916666666667,0
504.4583333333333,0
516.0416666666666,0
516.25,0
503.375,0
506.2916666666667,0
521.9583333333334,0
516.2916666666666,0
524.875,0
522.2083333333334,0
516.125,0
506.5833333333333,0
522.5,0
506.3333333333333,0
516.0833333333334,0
515.9166666666666,0
516.4166666666666,0
515.9166666666666,0
503.25,0
468.9166666666667,0
522.0416666666666,0
504.4166666666667,0
516.3333333333334,0
505.25,0
515.7916666666666,0
503.75,0
503.4583333333333,0
508.25,0
504.5,0
506.4166666666667,0
506.4166666666667,0
504.5416666666667,0
505.2083333333333,0
515.9583333333334,0
522.3333333333334,0
522.5,0
522.5,0
506.75,0
503.4166666666667,0
503.4583333333333,0
515.9583333333334,0
504.625,0
516.2916666666666,0
506.7916666666667,0
521.5,0
374.3333333333333,0
503.0,0
503.9166666666667,0
504.8333333333333,0
502.5,0
504.4166666666667,0
521.7916666666666,0
503.125,0
515.5833333333334,0
505.125,0
515.7916666666666,0
374.8333333333333,0
515.7916666666666,0
503.7916666666667,0
374.9166666666667,0
506.2083333333333,0
515.6666666666666,0
515.9583333333334,0
374.9166666666667,0
503.25,0
506.2916666666667,0
516.4166666666666,0
503.6666666666667,0
515.9583333333334,0
524.7916666666666,0
508.3333333333333,0
504.625,0
506.1666666666667,0
503.5416666666667,0
503.1666666666667,0
506.6666666666667,0
515.5416666666666,0
504.7083333333333,0
515.3333333333334,0
508.25,0
503.75,0
516.4583333333334,0
503.7916666666667,0
524.9166666666666,0
524.2916666666666,0
516.4583333333334,0
506.25,0
504.3333333333333,0
515.5833333333334,0
503.375,0
505.0833333333333,0
515.4583333333334,0
374.5833333333333,0
468.9166666666667,0
515.375,0
468.875,0
515.9583333333334,0
503.4166666666667,0
524.625,0
503.6666666666667,0
521.9583333333334,0
515.4583333333334,0
503.6666666666667,0
524.5416666666666,0
503.0833333333333,0
504.5,0
515.5,0
506.6666666666667,0
505.2083333333333,0
504.7083333333333,0
516.0833333333334,0
515.75,0
515.9166666666666,0
503.6666666666667,0
515.7916666666666,0
521.9166666666666,0
506.375,0
504.75,0
521.75,0
504.9166666666667,0
506.2083333333333,0
508.4166666666667,0
504.875,0
521.875,0
504.5416666666667,0
515.2916666666666,0
524.75,0
503.25,0
516.0,0
521.875,0
375.0,0
503.5416666666667,0
521.9166666666666,0
515.7916666666666,0
515.4166666666666,0
504.5833333333333,0
503.4583333333333,0
506.625,0
521.9583333333334,0
508.25,0
506.75,0
505.125,0
468.75,0
504.4583333333333,0
515.625,0
503.5416666666667,0
504.7916666666667,0
515.2916666666666,0
374.5416666666667,0
469.1666666666667,0
504.5,0
516.2083333333334,0
503.25,0
506.4166666666667,0
503.7916666666667,0
515.2916666666666,0
515.5416666666666,0
468.875,0
521.4583333333334,0
504.2916666666667,0
506.2083333333333,0
503.75,0
515.875,0
468.5833333333333,0
516.125,0
504.4583333333333,0
723.5833333333334,0
722.3333333333334,0
724.2916666666666,0
722.375,0
709.4166666666666,0
724.0,0
721.5833333333334,0
679.3333333333334,0
709.4166666666666,0
724.4583333333334,0
722.1666666666666,0
722.5416666666666,0
721.75,0
722.2083333333334,0
722.1666666666666,0
722.7083333333334,0
707.7083333333334,0
722.2083333333334,0
721.875,0
722.5833333333334,0
676.5416666666666,0
724.0833333333334,0
721.9583333333334,0
722.5,0
723.8333333333334,0
645.5,0
707.7916666666666,0
721.7083333333334,0
645.5416666666666,0
739.0416666666666,0
722.5,0
722.75,0
722.25,0
722.125,0
721.8333333333334,0
724.3333333333334,0
724.25,0
738.7083333333334,0
724.125,0
708.0,0
722.375,0
724.25,0
708.2083333333334,0
722.5833333333334,0
722.4583333333334,0
721.5833333333334,0
721.9166666666666,0
721.7916666666666,0
709.5416666666666,0
738.8333333333334,0
722.375,0
707.8333333333334,0
738.7916666666666,0
724.5,0
724.4166666666666,0
724.2083333333334,0
721.75,0
723.8333333333334,0
722.3333333333334,0
722.4166666666666,0
723.7916666666666,0
722.5,0
724.0,0
724.4583333333334,0
708.2916666666666,0
724.4583333333334,0
721.4166666666666,0
708.25,0
679.25,0
724.1666666666666,0
722.4166666666666,0
708.0416666666666,0
724.3333333333334,0
723.625,0
724.375,0
723.25,0
723.7916666666666,0
679.4583333333334,0
709.5833333333334,0
724.1666666666666,0
724.625,0
709.9166666666666,0
724.25,0
722.2916666666666,0
724.375,0
708.0,0
709.625,0
679.7083333333334,0
709.5,0
708.0416666666666,0
724.375,0
724.125,0
708.0833333333334,0
710.0416666666666,0
709.375,0
709.8333333333334,0
722.5833333333334,0
678.0833333333334,0
724.4166666666666,0
708.2083333333334,0
677.9583333333334,0
681.9166666666666,0
722.625,0
723.7083333333334,0
722.7083333333334,0
724.125,0
724.0833333333334,0
724.2083333333334,0
724.0833333333334,0
709.5833333333334,0
707.9166666666666,0
724.2083333333334,0
708.2083333333334,0
709.375,0
722.0833333333334,0
708.2083333333334,0
723.3333333333334,0
724.4583333333334,0
721.9583333333334,0
718.2083333333334,0
724.5,0
723.1666666666666,0
724.0833333333334,0
724.6666666666666,0
723.7083333333334,0
724.0416666666666,0
724.5,0
724.25,0
724.0833333333334,0
724.25,0
724.0833333333334,0
724.0833333333334,0
724.25,0
724.375,0
724.1666666666666,0
724.1666666666666,0
724.4583333333334,0
707.9583333333334,0
723.5,0
724.0416666666666,0
724.125,0
721.8333333333334,0
724.1666666666666,0
723.7916666666666,0
724.0416666666666,0
718.375,0
724.1666666666666,0
724.5833333333334,0
707.875,0
724.125,0
724.625,0
723.2916666666666,0
724.0416666666666,0
723.9166666666666,0
723.7083333333334,0
723.4166666666666,0
724.2083333333334,0
724.0833333333334,0
723.75,0
723.7916666666666,0
724.25,0
707.7916666666666,0
723.375,0
724.125,0
724.6666666666666,0
584.2083333333334,0
723.75,0
724.3333333333334,0
723.9583333333334,0
707.75,0
724.1666666666666,0
708.0833333333334,0
724.375,0
724.0833333333334,0
723.625,0
724.4583333333334,0
723.5833333333334,0
718.6666666666666,0
723.3333333333334,0
708.1666666666666,0
724.5416666666666,0
724.125,0
724.25,0
724.125,0
708.0,0
707.9166666666666,0
679.9583333333334,0
679.5416666666666,0
708.25,0
723.2083333333334,0
707.9583333333334,0
724.0833333333334,0
707.8333333333334,0
679.7916666666666,0
708.0833333333334,0
722.0416666666666,0
707.7916666666666,0
707.7083333333334,0
724.125,0
709.4583333333334,0
724.6666666666666,0
722.4583333333334,0
724.125,0
680.0,0
724.0,0
723.8333333333334,0
707.8333333333334,0
723.9166666666666,0
724.0833333333334,0
723.7083333333334,0
724.375,0
580.4583333333334,0
708.125,0
679.9583333333334,0
724.2916666666666,0
724.2083333333334,0
723.2916666666666,0
707.5833333333334,0
707.6666666666666,0
723.9583333333334,0
679.875,0
724.2083333333334,0
723.625,0
724.4166666666666,0
724.25,0
679.9166666666666,0
724.2916666666666,0
679.9583333333334,0
722.3333333333334,0
724.3333333333334,0
724.125,0
723.2083333333334,0
724.6666666666666,0
679.9166666666666,0
723.7916666666666,0
707.875,0
724.4166666666666,0
707.8333333333334,0
724.1666666666666,0
681.9583333333334,0
724.1666666666666,0
723.9583333333334,0
724.375,0
722.1666666666666,0
724.2916666666666,0
724.125,0
708.0833333333334,0
679.6666666666666,0
707.875,0
707.6666666666666,0
708.0833333333334,0
566.9166666666666,0
566.9583333333334,0
568.2916666666666,0
217.875,0
502.625,0
568.125,0
566.9166666666666,0
568.0833333333334,0
566.9583333333334,0
567.5416666666666,0
568.2916666666666,0
584.0416666666666,0
680.0833333333334,0
676.25,0
676.75,0
676.4166666666666,0
739.2916666666666,0
682.1666666666666,0
718.125,0
718.5416666666666,0
718.2916666666666,0
718.8333333333334,0
718.2083333333334,0
718.875,0
718.8333333333334,0
718.25,0
676.4583333333334,0
718.875,0
718.4583333333334,0
718.5416666666666,0
719.0,0
718.625,0
718.7083333333334,0
681.9166666666666,0
718.6666666666666,0
718.6666666666666,0
717.5416666666666,0
719.0833333333334,0
717.9583333333334,0
718.625,0
680.0416666666666,0
718.9166666666666,0
717.5416666666666,0
738.75,0
676.125,0
718.125,0
718.125,0
676.25,0
730.6666666666666,0
718.7916666666666,0
718.0833333333334,0
718.875,0
718.0,0
738.875,0
676.375,0
676.7916666666666,0
717.875,0
730.9166666666666,0
718.9583333333334,0
676.2916666666666,0
738.875,0
676.625,0
717.625,0
718.5416666666666,0
717.8333333333334,0
676.6666666666666,0
717.625,0
676.2083333333334,0
718.25,0
718.7083333333334,0
718.75,0
676.2916666666666,0
718.5416666666666,0
718.375,0
718.625,0
738.3333333333334,0
730.9166666666666,0
718.2916666666666,0
718.75,0
718.2083333333334,0
717.9166666666666,0
738.5416666666666,0
718.0416666666666,0
738.875,0
717.8333333333334,0
718.7083333333334,0
718.2916666666666,0
682.1666666666666,0
719.0833333333334,0
719.2083333333334,0
676.2083333333334,0
719.1666666666666,0
718.1666666666666,0
738.9166666666666,0
718.0416666666666,0
738.4583333333334,0
718.6666666666666,0
718.8333333333334,0
717.9166666666666,0
676.25,0
676.75,0
676.0,0
718.5833333333334,0
256.1666666666667,0
679.125,0
718.125,0
676.4166666666666,0
718.3333333333334,0
718.5,0
718.7916666666666,0
718.7083333333334,0
676.8333333333334,0
718.7916666666666,0
718.0416666666666,0
739.0416666666666,0
738.875,0
717.9166666666666,0
718.75,0
718.0,0
676.2916666666666,0
676.6666666666666,0
718.8333333333334,0
676.7083333333334,0
718.4166666666666,0
718.5833333333334,0
717.9583333333334,0
676.5833333333334,0
717.9166666666666,0
718.0833333333334,0
718.6666666666666,0
738.7083333333334,0
738.625,0
707.6666666666666,0
738.4166666666666,0
738.7916666666666,0
738.7916666666666,0
738.625,0
739.0416666666666,0
739.0,0
738.7083333333334,0
739.25,0
738.875,0
738.9166666666666,0
738.5,0
739.125,0
738.875,0
738.75,0
739.0,0
739.0,0
739.0833333333334,0
738.5416666666666,0
738.7916666666666,0
739.1666666666666,0
738.9583333333334,0
738.7916666666666,0
738.7916666666666,0
738.6666666666666,0
718.5,0
717.9166666666666,0
717.7916666666666,0
717.625,0
718.375,0
738.875,0
718.4583333333334,0
738.7916666666666,0
717.5416666666666,0
738.5416666666666,0
730.875,0
718.2916666666666,0
707.7083333333334,0
718.0833333333334,0
718.6666666666666,0
717.5416666666666,0
738.9583333333334,0
718.5833333333334,0
717.7083333333334,0
718.0833333333334,0
717.875,0
717.8333333333334,0
717.875,0
676.7083333333334,0
738.9166666666666,0
718.0,0
718.8333333333334,0
717.5416666666666,0
738.8333333333334,0
676.3333333333334,0
718.0833333333334,0
718.25,0
718.7083333333334,0
718.5416666666666,0
717.7916666666666,0
738.375,0
718.7083333333334,0
717.8333333333334,0
718.7916666666666,0
738.9583333333334,0
718.625,0
676.4166666666666,0
676.2916666666666,0
718.875,0
676.3333333333334,0
717.9583333333334,0
718.1666666666666,0
676.5416666666666,0
679.1666666666666,0
718.0833333333334,0
178.29166666666666,0
738.75,0
718.5833333333334,0
719.125,0
680.125,0
680.0416666666666,0
718.0416666666666,0
718.9166666666666,0
718.5833333333334,0
738.9166666666666,0
718.5416666666666,0
738.75,0
739.2916666666666,0
679.5833333333334,0
717.8333333333334,0
676.8333333333334,0
718.375,0
718.75,0
718.625,0
739.2916666666666,0
718.875,0
719.0416666666666,0
717.7083333333334,0
676.7083333333334,0
676.875,0
676.375,0
718.875,0
738.5833333333334,0
718.625,0
718.0416666666666,0
718.8333333333334,0
730.75,0
719.125,0
718.4583333333334,0
718.875,0
676.375,0
718.7916666666666,0
717.7916666666666,0
738.9166666666666,0
718.4166666666666,0
676.625,0
718.875,0
679.625,0
738.4166666666666,0
718.875,0
718.4166666666666,0
718.2083333333334,0
677.0416666666666,0
738.7083333333334,0
717.9166666666666,0
718.7916666666666,0
738.25,0
676.0,0
717.7916666666666,0
730.8333333333334,0
718.1666666666666,0
717.5,0
717.9583333333334,0
738.75,0
718.0,0
738.75,0
676.75,0
730.9166666666666,0
719.1666666666666,0
717.625,0
718.375,0
678.2083333333334,0
718.4583333333334,0
676.3333333333334,0
718.4166666666666,0
675.8333333333334,0
718.5416666666666,0
718.0416666666666,0
719.25,0
718.9583333333334,0
717.9583333333334,0
717.75,0
676.2916666666666,0
718.9166666666666,0
717.75,0
738.3333333333334,0
718.1666666666666,0
676.6666666666666,0
718.4583333333334,0
718.1666666666666,0
718.125,0
718.7083333333334,0
718.5,0
718.5416666666666,0
718.875,0
738.5416666666666,0
718.5416666666666,0
718.9166666666666,0
738.6666666666666,0
679.8333333333334,0
731.1666666666666,0
717.5833333333334,0
718.75,0
718.875,0
717.7916666666666,0
730.6666666666666,0
682.125,0
718.25,0
718.7083333333334,0
676.2916666666666,0
718.3333333333334,0
738.5,0
718.9166666666666,0
718.125,0
717.5833333333334,0
719.0,0
718.375,0
718.9583333333334,0
680.0,0
738.5,0
718.2083333333334,0
717.8333333333334,0
717.9166666666666,0
676.25,0
738.5,0
676.1666666666666,0
718.9583333333334,0
717.9583333333334,0
717.7083333333334,0
718.875,0
718.4166666666666,0
718.5833333333334,0
718.625,0
718.8333333333334,0
718.125,0
717.875,0
718.7916666666666,0
718.7083333333334,0
676.125,0
718.375,0
718.4166666666666,0
718.4583333333334,0
676.0833333333334,0
679.6666666666666,0
717.9166666666666,0
718.125,0
718.9166666666666,0
718.5,0
718.7916666666666,0
718.5833333333334,0
676.375,0
718.6666666666666,0
718.0833333333334,0
738.6666666666666,0
717.625,0
718.25,0
738.875,0
679.625,0
717.8333333333334,0
718.625,0
676.5416666666666,0
718.8333333333334,0
718.3333333333334,0
738.6666666666666,0
718.9166666666666,0
717.9166666666666,0
718.125,0
679.7083333333334,0
717.75,0
718.8333333333334,0
676.25,0
718.5416666666666,0
718.0833333333334,0
718.5,0
676.4166666666666,0
718.2916666666666,0
719.0416666666666,0
717.875,0
718.7083333333334,0
718.7916666666666,0
718.1666666666666,0
719.0,0
718.25,0
676.5,0
717.5,0
675.75,0
739.25,0
738.4166666666666,0
718.75,0
717.75,0
680.0833333333334,0
718.2083333333334,0
717.75,0
718.7916666666666,0
718.0416666666666,0
719.0,0
717.9166666666666,0
738.7083333333334,0
718.6666666666666,0
718.75,0
717.7083333333334,0
718.7083333333334,0
676.125,0
717.875,0
718.8333333333334,0
718.5,0
718.75,0
738.9583333333334,0
717.5833333333334,0
719.1666666666666,0
718.125,0
718.75,0
739.2916666666666,0
717.7083333333334,0
717.9583333333334,0
717.9583333333334,0
717.9166666666666,0
719.2083333333334,0
738.6666666666666,0
717.6666666666666,0
731.2083333333334,0
719.3333333333334,0
718.7083333333334,0
718.6666666666666,0
676.4583333333334,0
718.375,0
719.3333333333334,0
718.8333333333334,0
717.8333333333334,0
718.125,0
719.0416666666666,0
676.7916666666666,0
718.5833333333334,0
718.0,0
738.2916666666666,0
719.1666666666666,0
718.4583333333334,0
718.5833333333334,0
718.7083333333334,0
718.0,0
719.0,0
718.3333333333334,0
718.5833333333334,0
717.7916666666666,0
719.0,0
719.1666666666666,0
718.2916666666666,0
718.3333333333334,0
679.5833333333334,0
718.0416666666666,0
718.2083333333334,0
676.7916666666666,0
738.75,0
718.5,0
717.625,0
717.8333333333334,0
717.7083333333334,0
717.8333333333334,0
718.7083333333334,0
718.5,0
717.625,0
738.5,0
677.0833333333334,0
718.3333333333334,0
718.8333333333334,0
717.625,0
717.75,0
738.875,0
718.125,0
738.4583333333334,0
719.1666666666666,0
718.375,0
717.7916666666666,0
679.75,0
718.1666666666666,0
738.9583333333334,0
718.8333333333334,0
717.9583333333334,0
718.2916666666666,0
717.75,0
730.7083333333334,0
718.7916666666666,0
718.0416666666666,0
718.3333333333334,0
738.7083333333334,0
679.625,0
676.3333333333334,0
718.1666666666666,0
718.7916666666666,0
718.6666666666666,0
718.7083333333334,0
718.0,0
739.0833333333334,0
676.75,0
718.4583333333334,0
718.6666666666666,0
718.0,0
718.3333333333334,0
738.6666666666666,0
718.4583333333334,0
717.9166666666666,0
738.6666666666666,0
717.5833333333334,0
676.25,0
718.2916666666666,0
717.5833333333334,0
718.125,0
738.6666666666666,0
718.75,0
738.2916666666666,0
718.75,0
718.5,0
718.8333333333334,0
718.7083333333334,0
717.75,0
719.0,0
739.2916666666666,0
718.625,0
718.1666666666666,0
718.75,0
738.75,0
717.875,0
718.7083333333334,0
717.8333333333334,0
738.9166666666666,0
731.0416666666666,0
718.875,0
717.7916666666666,0
738.75,0
718.8333333333334,0
719.25,0
717.6666666666666,0
717.7083333333334,0
679.5833333333334,0
676.2083333333334,0
718.0416666666666,0
718.7083333333334,0
718.3333333333334,0
717.5,0
738.5833333333334,0
719.0833333333334,0
718.9166666666666,0
738.5,0
738.875,0
718.5,0
719.125,0
717.9166666666666,0
718.0833333333334,0
717.9583333333334,0
717.9583333333334,0
679.5833333333334,0
718.4583333333334,0
719.0,0
739.125,0
718.9166666666666,0
718.4166666666666,0
718.5833333333334,0
717.9166666666666,0
718.5833333333334,0
718.875,0
717.7916666666666,0
676.7083333333334,0
676.2083333333334,0
718.625,0
730.8333333333334,0
676.125,0
718.4166666666666,0
718.3333333333334,0
718.0,0
718.7083333333334,0
718.5416666666666,0
718.9583333333334,0
738.5416666666666,0
718.7916666666666,0
717.75,0
718.7916666666666,0
717.75,0
719.0416666666666,0
675.75,0
717.7916666666666,0
718.9583333333334,0
718.4583333333334,0
731.1666666666666,0
738.4583333333334,0
719.125,0
731.1666666666666,0
718.25,0
718.4583333333334,0
675.9166666666666,0
676.25,0
676.6666666666666,0
718.7916666666666,0
731.1666666666666,0
717.9166666666666,0
718.9583333333334,0
738.625,0
718.6666666666666,0
718.5833333333334,0
730.9583333333334,0
717.7083333333334,0
718.125,0
676.375,0
738.8333333333334,0
718.5833333333334,0
718.3333333333334,0
718.125,0
718.75,0
718.5833333333334,0
718.2916666666666,0
676.4583333333334,0
676.7916666666666,0
717.7916666666666,0
676.1666666666666,0
676.625,0
718.2916666666666,0
676.1666666666666,0
718.875,0
718.0416666666666,0
717.7916666666666,0
718.625,0
718.25,0
719.25,0
738.9583333333334,0
718.3333333333334,0
717.875,0
718.2916666666666,0
718.2083333333334,0
718.8333333333334,0
717.8333333333334,0
718.4166666666666,0
676.2916666666666,0
718.5833333333334,0
717.875,0
718.3333333333334,0
718.375,0
676.5,0
718.0833333333334,0
717.5416666666666,0
718.0833333333334,0
718.9583333333334,0
738.4583333333334,0
718.0,0
718.75,0
717.7083333333334,0
677.9583333333334,0
718.625,0
730.875,0
718.7083333333334,0
718.1666666666666,0
730.9166666666666,0
718.3333333333334,0
718.25,0
718.25,0
717.8333333333334,0
738.9583333333334,0
718.4166666666666,0
717.7916666666666,0
717.7083333333334,0
738.6666666666666,0
739.2083333333334,0
717.5416666666666,0
676.0833333333334,0
731.2083333333334,0
718.4166666666666,0
718.9583333333334,0
717.75,0
717.6666666666666,0
738.7916666666666,0
718.3333333333334,0
718.8333333333334,0
718.5416666666666,0
718.4166666666666,0
676.125,0
718.375,0
718.625,0
718.1666666666666,0
717.9166666666666,0
676.2916666666666,0
717.7916666666666,0
738.3333333333334,0
718.5,0
718.9166666666666,0
717.9166666666666,0
718.6666666666666,0
718.4166666666666,0
719.0833333333334,0
681.9583333333334,0
738.8333333333334,0
718.6666666666666,0
718.375,0
717.5,0
718.9166666666666,0
719.125,0
718.5416666666666,0
717.7916666666666,0
676.25,0
739.0,0
718.1666666666666,0
718.5,0
718.0416666666666,0
718.6666666666666,0
718.75,0
718.7083333333334,0
718.6666666666666,0
718.9166666666666,0
717.5416666666666,0
717.625,0
717.9583333333334,0
717.75,0
718.1666666666666,0
676.1666666666666,0
718.75,0
738.8333333333334,0
718.4166666666666,0
718.375,0
718.9583333333334,0
718.25,0
718.4166666666666,0
676.6666666666666,0
718.0833333333334,0
718.25,0
718.1666666666666,0
718.75,0
739.0416666666666,0
718.0,0
718.7083333333334,0
738.9166666666666,0
681.875,0
676.2083333333334,0
718.9583333333334,0
730.625,0
718.4583333333334,0
676.4166666666666,0
739.0833333333334,0
738.5416666666666,0
717.75,0
718.375,0
718.6666666666666,0
676.3333333333334,0
718.0,0
738.5416666666666,0
717.5833333333334,0
718.375,0
718.125,0
738.7916666666666,0
676.2083333333334,0
717.9583333333334,0
738.8333333333334,0
718.25,0
708.125,0
717.6666666666666,0
731.0833333333334,0
717.875,0
677.0833333333334,0
718.9583333333334,0
717.6666666666666,0
678.0833333333334,0
676.7083333333334,0
718.625,0
738.5,0
718.6666666666666,0
718.75,0
718.7916666666666,0
718.5833333333334,0
676.5416666666666,0
718.9166666666666,0
718.5416666666666,0
738.7916666666666,0
718.7916666666666,0
676.75,0
717.7083333333334,0
718.2083333333334,0
738.75,0
676.2916666666666,0
739.25,0
738.6666666666666,0
718.9166666666666,0
739.3333333333334,0
679.5833333333334,0
718.875,0
718.4583333333334,0
676.0,0
738.8333333333334,0
738.5416666666666,0
718.9583333333334,0
717.875,0
676.4583333333334,0
717.5416666666666,0
676.4166666666666,0
718.0416666666666,0
738.7916666666666,0
718.5416666666666,0
718.4583333333334,0
676.7083333333334,0
718.3333333333334,0
718.7083333333334,0
738.4166666666666,0
676.125,0
676.3333333333334,0
718.7916666666666,0
676.625,0
718.4583333333334,0
717.9166666666666,0
681.9166666666666,0
676.5,0
738.9166666666666,0
738.9583333333334,0
718.3333333333334,0
717.6666666666666,0
718.125,0
718.125,0
718.75,0
676.25,0
718.4166666666666,0
738.6666666666666,0
730.625,0
718.5,0
718.6666666666666,0
717.7083333333334,0
718.0,0
738.9583333333334,0
717.875,0
718.625,0
731.0416666666666,0
718.5416666666666,0
718.625,0
717.7916666666666,0
718.0833333333334,0
679.7916666666666,0
718.6666666666666,0
717.625,0
718.125,0
717.9166666666666,0
717.7083333333334,0
718.3333333333334,0
717.7083333333334,0
678.125,0
717.9583333333334,0
718.7083333333334,0
717.5416666666666,0
739.0833333333334,0
717.875,0
717.7083333333334,0
719.0,0
718.2916666666666,0
718.4583333333334,0
738.8333333333334,0
717.8333333333334,0
717.9166666666666,0
676.25,0
718.4583333333334,0
718.0833333333334,0
717.75,0
718.5416666666666,0
739.125,0
676.2916666666666,0
718.1666666666666,0
717.9583333333334,0
730.875,0
718.1666666666666,0
676.25,0
717.9166666666666,0
718.7916666666666,0
718.625,0
739.2083333333334,0
718.5833333333334,0
738.8333333333334,0
738.375,0
719.125,0
718.4166666666666,0
718.5416666666666,0
717.7916666666666,0
738.8333333333334,0
739.1666666666666,0
738.7916666666666,0
679.5,0
717.875,0
738.7916666666666,0
676.4166666666666,0
717.9166666666666,0
738.625,0
719.0416666666666,0
730.6666666666666,0
718.7916666666666,0
739.0833333333334,0
738.8333333333334,0
718.375,0
738.875,0
718.875,0
738.7916666666666,0
718.75,0
717.5833333333334,0
717.9583333333334,0
681.6666666666666,0
718.6666666666666,0
718.125,0
676.4583333333334,0
718.875,0
676.1666666666666,0
679.6666666666666,0
718.0833333333334,0
718.9583333333334,0
717.5833333333334,0
718.4583333333334,0
718.1666666666666,0
677.0416666666666,0
718.5833333333334,0
676.4583333333334,0
718.375,0
718.4166666666666,0
738.7916666666666,0
717.625,0
738.75,0
718.0416666666666,0
718.2083333333334,0
738.9166666666666,0
717.9166666666666,0
718.2083333333334,0
718.8333333333334,0
718.5833333333334,0
719.2916666666666,0
676.7083333333334,0
719.125,0
718.75,0
738.875,0
718.625,0
719.0416666666666,0
718.875,0
738.375,0
717.625,0
717.7083333333334,0
718.625,0
717.8333333333334,0
718.0,0
718.0833333333334,0
676.1666666666666,0
718.0833333333334,0
717.7083333333334,0
718.8333333333334,0
739.2083333333334,0
717.625,0
718.0833333333334,0
738.9166666666666,0
676.4583333333334,0
676.4166666666666,0
730.7916666666666,0
718.9166666666666,0
718.0833333333334,0
718.375,0
718.0833333333334,0
718.125,0
677.0833333333334,0
676.2916666666666,0
676.7083333333334,0
675.75,0
679.5833333333334,0
717.7083333333334,0
677.0416666666666,0
718.2916666666666,0
717.9166666666666,0
717.8333333333334,0
718.5416666666666,0
718.4166666666666,0
676.1666666666666,0
718.875,0
679.0833333333334,0
718.2916666666666,0
679.625,0
717.5833333333334,0
717.625,0
717.8333333333334,0
718.0,0
676.6666666666666,0
719.0,0
718.9166666666666,0
676.2916666666666,0
678.0416666666666,0
718.6666666666666,0
676.5,0
719.0,0
718.7083333333334,0
717.75,0
717.9583333333334,0
718.7083333333334,0
678.125,0
717.625,0
679.5416666666666,0
718.0,0
255.08333333333334,0
731.25,0
718.875,0
717.625,0
679.5416666666666,0
717.9166666666666,0
676.4166666666666,0
718.75,0
738.875,0
676.3333333333334,0
679.5,0
679.0416666666666,0
718.5,0
738.7916666666666,0
718.8333333333334,0
718.5833333333334,0
719.0416666666666,0
718.9166666666666,0
738.6666666666666,0
718.7083333333334,0
718.0,0
718.8333333333334,0
676.5,0
717.9166666666666,0
717.875,0
718.0416666666666,0
719.0416666666666,0
718.8333333333334,0
676.125,0
739.0833333333334,0
718.125,0
717.5833333333334,0
718.75,0
718.5833333333334,0
718.5833333333334,0
718.7083333333334,0
718.5,0
717.7083333333334,0
676.5833333333334,0
739.0416666666666,0
676.875,0
718.125,0
738.4583333333334,0
717.5416666666666,0
718.0833333333334,0
718.5416666666666,0
718.7083333333334,0
717.9166666666666,0
719.3333333333334,0
718.5416666666666,0
718.9166666666666,0
718.9166666666666,0
718.9583333333334,0
718.7083333333334,0
717.7916666666666,0
717.75,0
718.375,0
738.4166666666666,0
738.625,0
718.9583333333334,0
718.4583333333334,0
718.7916666666666,0
718.875,0
719.0,0
717.75,0
739.2916666666666,0
719.0416666666666,0
730.9583333333334,0
738.5416666666666,0
717.7083333333334,0
738.7916666666666,0
738.75,0
718.875,0
717.75,0
718.75,0
717.7083333333334,0
739.125,0
718.125,0
730.7916666666666,0
717.6666666666666,0
718.7916666666666,0
718.9166666666666,0
718.75,0
718.5416666666666,0
679.7083333333334,0
730.8333333333334,0
718.0416666666666,0
718.8333333333334,0
738.75,0
718.3333333333334,0
739.0833333333334,0
738.25,0
738.9166666666666,0
738.4166666666666,0
738.2083333333334,0
738.3333333333334,0
717.75,0
718.0416666666666,0
718.4166666666666,0
718.6666666666666,0
738.875,0
682.0,0
739.1666666666666,0
738.7916666666666,0
717.8333333333334,0
718.7916666666666,0
729.0,0
738.9166666666666,0
718.4583333333334,0
718.1666666666666,0
718.25,0
738.9166666666666,0
718.625,0
676.375,0
738.4583333333334,0
738.4166666666666,0
718.2083333333334,0
738.75,0
717.8333333333334,0
718.9166666666666,0
738.8333333333334,0
676.25,0
739.2083333333334,0
717.875,0
738.7916666666666,0
718.625,0
717.7083333333334,0
718.5,0
738.7083333333334,0
738.7916666666666,0
738.5833333333334,0
718.0,0
718.2083333333334,0
738.7916666666666,0
717.7083333333334,0
718.7916666666666,0
718.125,0
738.7083333333334,0
719.25,0
718.75,0
717.9583333333334,0
718.6666666666666,0
718.5416666666666,0
676.2916666666666,0
738.75,0
718.875,0
718.625,0
718.4583333333334,0
719.0416666666666,0
718.625,0
738.8333333333334,0
719.0416666666666,0
718.7916666666666,0
738.9583333333334,0
717.9583333333334,0
718.0416666666666,0
717.8333333333334,0
731.125,0
717.5833333333334,0
718.0416666666666,0
718.5,0
718.0833333333334,0
675.75,0
717.9583333333334,0
676.125,0
717.9166666666666,0
718.4166666666666,0
738.875,0
719.0,0
718.6666666666666,0
718.2916666666666,0
718.1666666666666,0
719.0416666666666,0
718.125,0
676.75,0
718.1666666666666,0
718.0,0
718.3333333333334,0
738.4166666666666,0
676.5,0
717.9583333333334,0
676.5833333333334,0
719.0416666666666,0
676.6666666666666,0
718.5416666666666,0
718.7083333333334,0
718.6666666666666,0
678.0416666666666,0
717.9583333333334,0
718.0416666666666,0
718.5833333333334,0
719.1666666666666,0
718.7083333333334,0
717.5,0
717.9166666666666,0
717.6666666666666,0
718.2916666666666,0
676.25,0
718.625,0
717.5833333333334,0
718.6666666666666,0
718.7083333333334,0
719.125,0
676.25,0
718.125,0
738.5,0
718.2083333333334,0
676.0,0
717.875,0
675.75,0
718.0,0
680.0416666666666,0
730.8333333333334,0
676.625,0
718.0,0
676.2916666666666,0
676.0416666666666,0
730.75,0
676.1666666666666,0
718.5833333333334,0
719.0,0
676.3333333333334,0
676.7083333333334,0
718.3333333333334,0
718.5416666666666,0
679.8333333333334,0
676.2083333333334,0
718.125,0
718.0416666666666,0
717.5416666666666,0
717.7916666666666,0
717.625,0
676.4583333333334,0
676.2916666666666,0
718.4166666666666,0
718.5,0
676.2916666666666,0
679.5416666666666,0
676.625,0
676.3333333333334,0
718.125,0
718.0833333333334,0
676.7083333333334,0
676.2916666666666,0
718.5833333333334,0
738.7916666666666,0
730.9583333333334,0
730.7083333333334,0
718.25,0
717.625,0
676.2083333333334,0
676.25,0
719.125,0
676.2916666666666,0
718.2916666666666,0
717.5833333333334,0
676.5833333333334,0
676.4166666666666,0
676.8333333333334,0
679.7916666666666,0
717.5416666666666,0
717.6666666666666,0
718.5416666666666,0
738.9166666666666,0
678.0833333333334,0
717.9583333333334,0
739.0833333333334,0
717.7916666666666,0
717.8333333333334,0
717.9583333333334,0
718.5,0
718.8333333333334,0
676.5416666666666,0
676.5,0
717.5833333333334,0
717.875,0
718.5,0
718.9166666666666,0
718.4166666666666,0
717.7916666666666,0
730.7916666666666,0
718.2083333333334,0
718.2083333333334,0
676.375,0
679.625,0
679.0833333333334,0
718.125,0
717.4583333333334,0
718.0833333333334,0
719.1666666666666,0
717.9583333333334,0
679.0,0
718.8333333333334,0
676.3333333333334,0
717.7083333333334,0
676.0416666666666,0
718.6666666666666,0
718.9166666666666,0
718.7916666666666,0
676.5416666666666,0
738.5833333333334,0
719.2083333333334,0
719.0,0
676.3333333333334,0
738.9583333333334,0
718.4583333333334,0
676.375,0
718.1666666666666,0
739.25,0
718.75,0
718.5833333333334,0
718.5416666666666,0
738.4166666666666,0
718.6666666666666,0
677.9583333333334,0
718.9166666666666,0
676.8333333333334,0
679.5833333333334,0
718.875,0
718.75,0
718.4166666666666,0
738.4583333333334,0
731.0833333333334,0
717.875,0
717.8333333333334,0
718.5833333333334,0
718.0,0
718.2916666666666,0
717.75,0
718.125,0
718.4583333333334,0
718.8333333333334,0
731.0,0
717.875,0
680.0833333333334,0
718.4583333333334,0
718.9583333333334,0
676.5,0
718.9583333333334,0
738.8333333333334,0
717.5833333333334,0
676.7916666666666,0
738.8333333333334,0
717.9166666666666,0
718.5416666666666,0
718.75,0
738.5416666666666,0
676.1666666666666,0
717.7083333333334,0
717.9583333333334,0
730.7083333333334,0
719.0416666666666,0
717.625,0
717.8333333333334,0
738.8333333333334,0
676.8333333333334,0
718.0416666666666,0
718.3333333333334,0
718.5,0
717.75,0
738.875,0
730.875,0
676.5416666666666,0
739.0416666666666,0
680.0833333333334,0
718.8333333333334,0
719.0,0
717.8333333333334,0
718.0416666666666,0
718.0416666666666,0
718.7083333333334,0
717.75,0
718.0416666666666,0
718.5416666666666,0
676.25,0
738.6666666666666,0
718.625,0
718.625,0
718.9166666666666,0
717.7916666666666,0
718.5416666666666,0
718.5833333333334,0
717.5833333333334,0
738.5416666666666,0
677.0833333333334,0
739.25,0
717.8333333333334,0
718.0833333333334,0
718.375,0
717.7083333333334,0
718.0833333333334,0
718.0833333333334,0
718.9583333333334,0
718.0833333333334,0
718.125,0
718.875,0
718.5,0
717.7083333333334,0
679.0,0
718.625,0
719.0833333333334,0
675.9583333333334,0
718.875,0
717.7083333333334,0
717.7916666666666,0
718.5833333333334,0
676.0833333333334,0
718.9166666666666,0
738.3333333333334,0
679.3333333333334,0
717.625,0
730.9583333333334,0
718.125,0
731.2083333333334,0
718.2083333333334,0
719.0416666666666,0
718.5,0
718.1666666666666,0
718.5416666666666,0
717.8333333333334,0
717.9583333333334,0
717.7083333333334,0
718.0833333333334,0
717.8333333333334,0
679.0833333333334,0
676.5,0
718.9583333333334,0
730.625,0
718.5833333333334,0
738.8333333333334,0
717.8333333333334,0
718.75,0
718.4166666666666,0
717.875,0
718.2916666666666,0
679.7916666666666,0
718.9583333333334,0
718.5,0
718.1666666666666,0
717.7083333333334,0
718.4583333333334,0
718.8333333333334,0
676.375,0
717.875,0
718.6666666666666,0
719.125,0
676.2083333333334,0
718.7916666666666,0
718.625,0
718.7916666666666,0
718.2083333333334,0
676.2083333333334,0
676.2916666666666,0
738.7083333333334,0
676.125,0
717.7916666666666,0
718.125,0
718.0416666666666,0
676.3333333333334,0
718.125,0
718.4166666666666,0
675.9583333333334,0
676.375,0
718.3333333333334,0
679.5416666666666,0
731.125,0
718.875,0
738.875,0
676.25,0
718.7916666666666,0
676.2083333333334,0
718.5833333333334,0
738.8333333333334,0
676.625,0
718.625,0
718.5,0
676.0833333333334,0
718.5416666666666,0
676.2083333333334,0
717.9583333333334,0
676.2083333333334,0
717.8333333333334,0
676.75,0
718.6666666666666,0
718.8333333333334,0
738.7083333333334,0
717.75,0
718.6666666666666,0
679.6666666666666,0
718.75,0
738.875,0
679.75,0
676.4583333333334,0
718.625,0
717.7916666666666,0
738.4166666666666,0
717.8333333333334,0
738.875,0
717.5416666666666,0
719.2916666666666,0
717.875,0
679.5833333333334,0
718.5833333333334,0
718.5416666666666,0
717.6666666666666,0
717.75,0
676.2083333333334,0
718.25,0
718.8333333333334,0
717.875,0
718.0,0
719.0833333333334,0
718.3333333333334,0
718.875,0
718.875,0
676.2916666666666,0
718.2916666666666,0
719.0833333333334,0
718.0,0
718.0,0
718.7916666666666,0
675.9583333333334,0
718.125,0
676.625,0
718.6666666666666,0
717.7083333333334,0
717.875,0
718.0833333333334,0
676.1666666666666,0
738.9583333333334,0
718.0,0
718.9583333333334,0
676.7916666666666,0
679.1666666666666,0
718.5,0
718.7083333333334,0
676.875,0
738.8333333333334,0
718.1666666666666,0
718.4166666666666,0
718.7916666666666,0
676.625,0
718.25,0
738.875,0
719.0,0
717.875,0
718.75,0
717.5,0
681.75,0
719.0833333333334,0
679.0416666666666,0
717.9583333333334,0
164.66666666666666,0
719.0833333333334,0
676.1666666666666,0
676.2083333333334,0
718.375,0
675.9583333333334,0
676.4583333333334,0
739.0,0
717.5833333333334,0
679.5416666666666,0
730.75,0
717.6666666666666,0
676.75,0
738.8333333333334,0
717.75,0
676.1666666666666,0
738.9166666666666,0
676.4166666666666,0
676.7916666666666,0
731.2083333333334,0
676.0833333333334,0
719.0,0
254.91666666666666,0
718.0833333333334,0
718.9583333333334,0
718.625,0
731.0416666666666,0
717.9583333333334,0
718.9166666666666,0
717.6666666666666,0
678.125,0
717.875,0
738.9166666666666,0
676.3333333333334,0
718.9166666666666,0
718.5416666666666,0
717.7916666666666,0
718.8333333333334,0
718.4583333333334,0
717.5416666666666,0
730.625,0
731.0416666666666,0
718.7916666666666,0
718.1666666666666,0
738.5833333333334,0
738.4166666666666,0
718.625,0
719.0,0
731.25,0
178.16666666666666,0
718.7083333333334,0
738.9166666666666,0
717.875,0
717.75,0
730.75,0
738.7916666666666,0
717.6666666666666,0
738.9166666666666,0
718.3333333333334,0
738.5,0
718.2916666666666,0
717.5833333333334,0
738.875,0
717.5416666666666,0
730.7083333333334,0
718.0,0
738.9583333333334,0
717.7916666666666,0
718.0,0
717.6666666666666,0
719.0,0
717.7916666666666,0
738.7916666666666,0
679.8333333333334,0
676.75,0
718.9166666666666,0
676.2916666666666,0
676.2916666666666,0
676.375,0
730.6666666666666,0
718.6666666666666,0
738.2916666666666,0
717.625,0
717.5833333333334,0
679.5,0
679.8333333333334,0
677.0,0
739.0416666666666,0
718.8333333333334,0
718.0416666666666,0
718.6666666666666,0
718.9166666666666,0
717.875,0
718.25,0
676.9166666666666,0
718.0833333333334,0
717.8333333333334,0
719.0416666666666,0
718.625,0
718.1666666666666,0
717.9166666666666,0
718.625,0
676.1666666666666,0
717.75,0
718.125,0
676.6666666666666,0
717.6666666666666,0
676.0416666666666,0
676.125,0
717.8333333333334,0
717.9166666666666,0
681.9166666666666,0
676.5833333333334,0
718.125,0
676.75,0
731.0,0
718.7083333333334,0
719.125,0
717.6666666666666,0
738.7083333333334,0
718.7916666666666,0
718.875,0
718.625,0
718.3333333333334,0
738.9166666666666,0
718.7916666666666,0
718.25,0
718.625,0
679.5,0
718.875,0
717.6666666666666,0
679.7083333333334,0
718.0416666666666,0
718.4583333333334,0
676.4583333333334,0
718.2083333333334,0
719.0416666666666,0
718.2916666666666,0
717.7916666666666,0
717.75,0
718.3333333333334,0
475.0,0
718.5,0
718.0,0
738.625,0
718.2916666666666,0
717.8333333333334,0
718.875,0
676.4166666666666,0
676.375,0
731.0833333333334,0
676.3333333333334,0
718.7916666666666,0
676.25,0
178.33333333333334,0
718.4166666666666,0
738.75,0
718.4166666666666,0
718.0833333333334,0
676.5,0
718.25,0
718.25,0
731.125,0
717.5416666666666,0
676.4583333333334,0
739.125,0
738.875,0
718.5416666666666,0
719.125,0
738.625,0
256.3333333333333,0
679.0833333333334,0
718.6666666666666,0
676.6666666666666,0
718.25,0
676.6666666666666,0
718.6666666666666,0
718.5833333333334,0
719.3333333333334,0
679.0,0
676.2083333333334,0
676.375,0
718.4166666666666,0
731.125,0
717.7083333333334,0
738.5416666666666,0
718.625,0
738.875,0
719.2083333333334,0
718.625,0
731.0,0
718.4583333333334,0
718.0416666666666,0
676.3333333333334,0
718.7916666666666,0
718.5833333333334,0
676.75,0
738.5,0
643.2916666666666,0
709.875,0
738.625,0
738.9166666666666,0
738.6666666666666,0
738.7083333333334,0
738.3333333333334,0
709.4166666666666,0
739.0416666666666,0
643.6666666666666,0
708.1666666666666,0
738.7083333333334,0
709.7083333333334,0
643.375,0
709.8333333333334,0
708.125,0
738.7083333333334,0
738.4166666666666,0
739.125,0
738.3333333333334,0
738.5,0
738.9583333333334,0
738.7916666666666,0
738.625,0
738.5416666666666,0
738.2083333333334,0
739.0833333333334,0
738.9583333333334,0
738.5416666666666,0
738.9583333333334,0
738.5416666666666,0
739.0833333333334,0
738.6666666666666,0
738.7916666666666,0
739.0416666666666,0
738.625,0
739.2083333333334,0
738.75,0
738.5833333333334,0
738.5833333333334,0
738.875,0
738.9166666666666,0
738.6666666666666,0
738.75,0
738.5,0
738.6666666666666,0
738.9583333333334,0
739.0416666666666,0
739.125,0
738.7083333333334,0
738.625,0
738.8333333333334,0
738.6666666666666,0
738.75,0
738.9583333333334,0
738.625,0
738.6666666666666,0
738.5833333333334,0
738.75,0
739.0416666666666,0
738.875,0
739.1666666666666,0
738.375,0
738.5,0
738.8333333333334,0
738.9583333333334,0
739.0833333333334,0
738.9583333333334,0
738.5,0
738.8333333333334,0
738.5416666666666,0
738.7083333333334,0
738.8333333333334,0
738.875,0
739.125,0
738.6666666666666,0
738.9166666666666,0
739.0,0
738.5416666666666,0
738.2916666666666,0
738.9583333333334,0
738.2916666666666,0
739.0416666666666,0
738.9166666666666,0
738.9583333333334,0
738.5833333333334,0
739.1666666666666,0
738.4583333333334,0
739.0833333333334,0
739.0,0
739.25,0
738.2083333333334,0
738.8333333333334,0
738.6666666666666,0
738.9583333333334,0
738.9583333333334,0
739.0416666666666,0
739.0,0
738.5,0
739.0833333333334,0
739.125,0
738.625,0
739.0,0
738.75,0
739.0416666666666,0
739.2083333333334,0
739.0416666666666,0
738.75,0
738.9166666666666,0
738.4166666666666,0
739.125,0
738.3333333333334,0
739.2083333333334,0
738.5416666666666,0
739.0833333333334,0
739.0833333333334,0
739.0833333333334,0
739.2083333333334,0
738.875,0
738.7916666666666,0
738.625,0
738.7916666666666,0
738.625,0
739.0416666666666,0
738.625,0
738.375,0
738.5,0
739.0416666666666,0
738.875,0
739.125,0
739.0,0
738.625,0
739.125,0
738.7083333333334,0
738.9166666666666,0
739.0,0
739.125,0
738.9583333333334,0
738.8333333333334,0
739.0416666666666,0
739.0833333333334,0
738.5833333333334,0
738.625,0
738.9583333333334,0
739.1666666666666,0
738.75,0
738.9166666666666,0
738.7916666666666,0
738.4166666666666,0
738.4166666666666,0
739.0,0
738.4166666666666,0
738.9166666666666,0
738.5416666666666,0
738.8333333333334,0
738.9166666666666,0
739.1666666666666,0
739.2083333333334,0
738.9166666666666,0
738.75,0
738.75,0
738.9166666666666,0
738.625,0
738.4166666666666,0
738.5833333333334,0
738.625,0
738.5,0
738.625,0
739.25,0
738.5833333333334,0
738.5416666666666,0
738.3333333333334,0
738.2916666666666,0
739.0416666666666,0
738.8333333333334,0
738.5833333333334,0
738.5,0
738.9166666666666,0
738.7083333333334,0
738.5833333333334,0
739.125,0
738.7916666666666,0
738.7083333333334,0
738.7916666666666,0
738.75,0
738.7916666666666,0
738.8333333333334,0
738.9166666666666,0
738.6666666666666,0
738.5,0
738.5833333333334,0
738.25,0
738.7916666666666,0
738.8333333333334,0
738.9583333333334,0
739.1666666666666,0
738.7083333333334,0
739.0416666666666,0
738.75,0
738.5833333333334,0
709.625,0
738.5416666666666,0
739.0,0
739.0416666666666,0
738.9583333333334,0
738.5833333333334,0
738.9166666666666,0
738.625,0
738.4166666666666,0
739.2083333333334,0
738.5833333333334,0
739.0833333333334,0
738.375,0
738.9166666666666,0
738.6666666666666,0
738.625,0
739.125,0
738.9166666666666,0
738.9166666666666,0
738.5833333333334,0
738.4166666666666,0
739.0416666666666,0
738.6666666666666,0
739.0833333333334,0
738.6666666666666,0
739.1666666666666,0
738.5416666666666,0
739.0,0
738.25,0
738.9583333333334,0
738.7083333333334,0
738.7083333333334,0
738.5416666666666,0
738.5833333333334,0
738.5416666666666,0
738.5833333333334,0
738.75,0
739.0,0
738.9166666666666,0
739.0833333333334,0
738.7083333333334,0
738.8333333333334,0
739.125,0
738.7083333333334,0
738.75,0
738.4583333333334,0
738.625,0
738.6666666666666,0
738.9166666666666,0
738.5416666666666,0
738.75,0
738.5833333333334,0
738.6666666666666,0
738.8333333333334,0
739.0,0
738.875,0
739.0416666666666,0
738.4583333333334,0
739.0,0
738.7083333333334,0
739.0416666666666,0
738.4166666666666,0
738.9166666666666,0
739.2916666666666,0
739.0,0
738.875,0
738.875,0
738.4583333333334,0
738.5416666666666,0
738.8333333333334,0
738.75,0
738.7083333333334,0
738.4583333333334,0
738.8333333333334,0
738.875,0
738.5833333333334,0
738.5,0
738.4583333333334,0
738.8333333333334,0
738.8333333333334,0
738.7083333333334,0
738.5833333333334,0
738.75,0
738.5,0
738.6666666666666,0
739.0833333333334,0
738.625,0
739.25,0
738.7916666666666,0
738.6666666666666,0
738.9583333333334,0
738.3333333333334,0
738.5416666666666,0
738.5416666666666,0
738.625,0
738.7916666666666,0
738.7083333333334,0
738.5416666666666,0
739.0833333333334,0
738.7916666666666,0
739.0416666666666,0
738.6666666666666,0
738.625,0
738.6666666666666,0
739.125,0
738.7083333333334,0
739.0833333333334,0
738.875,0
738.625,0
738.375,0
738.875,0
738.4583333333334,0
738.7083333333334,0
707.7083333333334,0
738.8333333333334,0
739.0833333333334,0
738.7083333333334,0
738.8333333333334,0
738.9583333333334,0
738.625,0
738.8333333333334,0
739.0416666666666,0
738.9583333333334,0
739.0416666666666,0
738.75,0
738.2916666666666,0
738.8333333333334,0
738.9583333333334,0
738.7083333333334,0
738.8333333333334,0
738.875,0
738.5,0
738.9166666666666,0
738.7083333333334,0
738.7083333333334,0
738.5416666666666,0
738.8333333333334,0
738.8333333333334,0
738.5416666666666,0
738.4583333333334,0
738.6666666666666,0
739.0,0
738.875,0
738.9166666666666,0
738.9583333333334,0
738.3333333333334,0
739.125,0
739.2083333333334,0
738.7916666666666,0
739.125,0
738.7083333333334,0
738.9583333333334,0
738.9166666666666,0
738.5833333333334,0
738.625,0
739.1666666666666,0
739.1666666666666,0
738.5416666666666,0
738.7916666666666,0
738.625,0
739.0833333333334,0
738.7916666666666,0
738.75,0
738.25,0
738.375,0
738.75,0
739.2083333333334,0
739.0416666666666,0
738.7916666666666,0
738.9583333333334,0
738.625,0
739.0,0
739.0,0
738.5833333333334,0
738.9166666666666,0
739.0833333333334,0
739.0416666666666,0
738.9583333333334,0
739.0,0
738.875,0
738.8333333333334,0
738.5416666666666,0
738.7916666666666,0
738.6666666666666,0
738.75,0
739.0,0
738.7083333333334,0
738.6666666666666,0
738.75,0
738.5416666666666,0
739.0,0
738.7916666666666,0
738.25,0
738.6666666666666,0
738.3333333333334,0
738.8333333333334,0
738.4583333333334,0
738.7916666666666,0
739.125,0
738.4583333333334,0
738.75,0
738.8333333333334,0
738.6666666666666,0
739.1666666666666,0
739.25,0
739.0416666666666,0
738.3333333333334,0
738.5833333333334,0
739.0416666666666,0
739.1666666666666,0
738.625,0
738.7083333333334,0
738.5833333333334,0
738.5833333333334,0
738.875,0
739.125,0
738.4583333333334,0
739.0833333333334,0
738.75,0
738.8333333333334,0
739.0416666666666,0
738.5416666666666,0
738.6666666666666,0
738.75,0
739.1666666666666,0
738.9166666666666,0
738.7083333333334,0
738.375,0
738.7083333333334,0
738.9166666666666,0
738.7916666666666,0
739.0,0
738.7083333333334,0
739.25,0
738.875,0
739.0,0
738.7083333333334,0
738.7083333333334,0
738.5833333333334,0
738.875,0
738.2916666666666,0
738.375,0
738.375,0
738.7083333333334,0
738.3333333333334,0
739.0416666666666,0
738.8333333333334,0
738.4583333333334,0
738.7083333333334,0
738.8333333333334,0
739.0,0
738.5833333333334,0
738.375,0
738.875,0
738.3333333333334,0
738.7083333333334,0
738.625,0
738.75,0
739.125,0
738.7083333333334,0
738.5,0
738.4583333333334,0
738.4166666666666,0
738.375,0
738.5416666666666,0
738.6666666666666,0
738.7916666666666,0
738.625,0
739.0,0
738.875,0
738.5416666666666,0
738.75,0
739.2083333333334,0
739.0416666666666,0
739.0416666666666,0
738.5833333333334,0
738.9583333333334,0
738.7083333333334,0
738.4583333333334,0
739.0416666666666,0
739.125,0
738.5833333333334,0
738.5833333333334,0
738.25,0
739.0,0
739.2083333333334,0
738.5,0
738.2916666666666,0
739.0833333333334,0
738.9166666666666,0
738.7916666666666,0
739.0416666666666,0
739.125,0
738.6666666666666,0
738.4583333333334,0
739.0833333333334,0
738.875,0
738.6666666666666,0
738.7083333333334,0
738.6666666666666,0
738.875,0
738.8333333333334,0
739.0416666666666,0
738.5,0
738.75,0
739.1666666666666,0
738.875,0
739.125,0
738.875,0
739.0833333333334,0
738.7916666666666,0
738.4583333333334,0
738.75,0
739.0,0
738.9583333333334,0
738.875,0
738.9583333333334,0
738.7916666666666,0
738.6666666666666,0
739.1666666666666,0
738.5,0
738.75,0
738.7916666666666,0
738.4166666666666,0
739.2083333333334,0
738.3333333333334,0
738.4583333333334,0
739.0416666666666,0
725.875,0
738.4166666666666,0
738.8333333333334,0
738.5416666666666,0
738.375,0
738.7916666666666,0
738.6666666666666,0
739.1666666666666,0
738.625,0
739.0833333333334,0
738.6666666666666,0
738.625,0
738.75,0
738.9166666666666,0
738.6666666666666,0
738.7083333333334,0
738.2916666666666,0
738.625,0
738.9583333333334,0
738.3333333333334,0
738.4583333333334,0
738.7083333333334,0
738.5833333333334,0
738.625,0
738.625,0
738.7083333333334,0
738.5416666666666,0
738.3333333333334,0
738.375,0
738.75,0
738.7083333333334,0
738.4166666666666,0
738.7083333333334,0
738.6666666666666,0
738.75,0
738.2916666666666,0
738.4166666666666,0
738.2916666666666,0
738.2916666666666,0
738.5416666666666,0
738.7083333333334,0
738.5833333333334,0
738.75,0
738.5,0
738.9166666666666,0
738.5,0
738.7916666666666,0
738.6666666666666,0
738.7083333333334,0
738.875,0
738.5833333333334,0
738.9583333333334,0
738.9583333333334,0
738.5833333333334,0
738.4166666666666,0
738.8333333333334,0
739.125,0
738.7916666666666,0
738.6666666666666,0
738.7916666666666,0
738.875,0
738.2916666666666,0
738.9166666666666,0
739.1666666666666,0
738.5833333333334,0
738.75,0
739.0,0
738.4166666666666,0
739.125,0
738.875,0
738.7083333333334,0
738.9583333333334,0
739.25,0
739.25,0
738.625,0
739.0416666666666,0
738.8333333333334,0
738.7083333333334,0
738.875,0
738.4166666666666,0
738.6666666666666,0
739.0833333333334,0
738.6666666666666,0
738.8333333333334,0
738.75,0
738.625,0
738.5416666666666,0
738.6666666666666,0
738.9166666666666,0
738.4583333333334,0
738.75,0
739.2083333333334,0
738.5416666666666,0
738.9166666666666,0
738.75,0
738.5833333333334,0
739.1666666666666,0
738.5,0
738.6666666666666,0
738.5833333333334,0
738.7916666666666,0
738.4166666666666,0
739.0416666666666,0
738.8333333333334,0
739.1666666666666,0
739.125,0
738.2916666666666,0
738.7083333333334,0
739.125,0
738.8333333333334,0
739.0,0
738.375,0
738.8333333333334,0
738.3333333333334,0
739.125,0
738.75,0
738.625,0
707.7083333333334,0
738.625,0
739.125,0
707.875,0
738.625,0
738.625,0
708.0416666666666,0
643.2916666666666,0
709.9166666666666,0
709.9583333333334,0
708.2083333333334,0
707.7916666666666,0
738.6666666666666,0
709.875,0
738.625,0
738.4583333333334,0
709.625,0
643.125,0
738.4583333333334,0
643.4166666666666,0
738.5833333333334,0
738.7083333333334,0
738.7916666666666,0
739.0,0
738.625,0
738.5416666666666,0
738.7916666666666,0
738.8333333333334,0
738.7083333333334,0
739.2083333333334,0
738.9583333333334,0
738.625,0
738.5,0
738.75,0
738.5,0
738.75,0
738.7916666666666,0
738.375,0
738.3333333333334,0
738.4583333333334,0
738.4583333333334,0
738.7083333333334,0
738.7916666666666,0
738.6666666666666,0
738.5416666666666,0
707.5833333333334,0
738.3333333333334,0
738.75,0
645.7083333333334,0
738.875,0
738.5,0
738.625,0
709.9166666666666,0
739.2083333333334,0
643.2083333333334,0
738.4166666666666,0
739.125,0
643.6666666666666,0
739.1666666666666,0
707.8333333333334,0
643.2916666666666,0
738.8333333333334,0
738.5833333333334,0
643.4583333333334,0
738.6666666666666,0
738.875,0
738.5,0
738.6666666666666,0
645.4583333333334,0
738.7083333333334,0
738.9166666666666,0
707.625,0
738.5416666666666,0
738.5,0
738.375,0
738.5833333333334,0
738.75,0
645.4583333333334,0
738.75,0
645.5416666666666,0
709.75,0
643.5,0
708.2083333333334,0
643.125,0
739.0416666666666,0
709.75,0
708.25,0
738.5416666666666,0
643.25,0
643.5833333333334,0
707.75,0
738.6666666666666,0
643.4166666666666,0
738.6666666666666,0
738.6666666666666,0
738.5833333333334,0
643.75,0
707.9166666666666,0
681.875,0
681.8333333333334,0
643.5416666666666,0
708.3333333333334,0
738.625,0
643.375,0
643.0416666666666,0
646.0,0
738.625,0
645.5833333333334,0
738.5833333333334,0
738.625,0
467.7916666666667,0
643.375,0
738.4583333333334,0
707.9166666666666,0
738.625,0
708.1666666666666,0
643.5,0
707.75,0
707.875,0
738.7916666666666,0
675.9166666666666,0
739.1666666666666,0
468.7916666666667,0
643.2916666666666,0
707.875,0
708.0,0
738.7083333333334,0
738.7083333333334,0
739.0,0
643.3333333333334,0
707.9583333333334,0
643.5416666666666,0
707.8333333333334,0
738.9166666666666,0
739.0,0
681.625,0
681.875,0
707.875,0
643.3333333333334,0
676.9583333333334,0
643.7083333333334,0
709.5416666666666,0
643.5833333333334,0
739.0833333333334,0
643.2916666666666,0
738.625,0
738.4583333333334,0
643.5833333333334,0
708.2083333333334,0
643.5416666666666,0
738.7916666666666,0
643.5416666666666,0
708.0416666666666,0
738.9583333333334,0
738.5833333333334,0
707.75,0
643.375,0
708.0833333333334,0
738.9166666666666,0
708.0,0
739.0416666666666,0
738.5833333333334,0
643.625,0
643.5833333333334,0
738.6666666666666,0
738.8333333333334,0
739.125,0
643.125,0
738.75,0
738.75,0
738.7916666666666,0
676.8333333333334,0
643.5,0
738.625,0
709.5833333333334,0
738.5833333333334,0
738.7916666666666,0
708.2916666666666,0
709.375,0
643.0416666666666,0
738.875,0
708.2083333333334,0
738.7916666666666,0
738.9166666666666,0
709.5833333333334,0
643.875,0
738.6666666666666,0
643.4166666666666,0
738.6666666666666,0
643.2083333333334,0
643.875,0
739.0833333333334,0
708.2916666666666,0
708.1666666666666,0
675.875,0
643.375,0
681.9166666666666,0
708.3333333333334,0
708.0416666666666,0
709.875,0
738.7916666666666,0
643.6666666666666,0
738.875,0
675.7083333333334,0
738.7916666666666,0
708.3333333333334,0
738.8333333333334,0
677.2083333333334,0
708.1666666666666,0
681.9166666666666,0
709.3333333333334,0
643.125,0
738.9583333333334,0
709.9583333333334,0
675.9166666666666,0
709.4583333333334,0
738.8333333333334,0
738.8333333333334,0
643.9583333333334,0
643.7083333333334,0
738.75,0
643.625,0
738.875,0
738.9583333333334,0
643.1666666666666,0
709.4166666666666,0
708.25,0
709.8333333333334,0
643.8333333333334,0
738.375,0
643.0833333333334,0
681.7916666666666,0
708.125,0
709.8333333333334,0
709.625,0
738.625,0
738.4583333333334,0
643.25,0
738.75,0
738.75,0
643.4166666666666,0
709.7083333333334,0
738.6666666666666,0
643.5416666666666,0
738.75,0
643.4166666666666,0
709.5,0
738.7083333333334,0
643.2916666666666,0
708.0,0
643.5416666666666,0
738.75,0
643.8333333333334,0
643.375,0
643.25,0
738.5416666666666,0
708.1666666666666,0
708.0833333333334,0
676.875,0
707.7916666666666,0
708.375,0
738.7083333333334,0
738.5833333333334,0
708.2083333333334,0
709.3333333333334,0
738.8333333333334,0
643.375,0
739.0833333333334,0
739.1666666666666,0
643.7083333333334,0
707.875,0
645.75,0
738.8333333333334,0
738.625,0
738.7916666666666,0
643.7083333333334,0
738.7916666666666,0
738.6666666666666,0
708.3333333333334,0
738.625,0
707.7916666666666,0
708.0833333333334,0
676.8333333333334,0
738.6666666666666,0
739.0833333333334,0
643.7083333333334,0
738.5,0
643.2916666666666,0
707.6666666666666,0
738.9583333333334,0
709.9166666666666,0
738.7083333333334,0
643.7083333333334,0
645.5,0
707.6666666666666,0
738.7083333333334,0
739.0,0
708.3333333333334,0
707.6666666666666,0
708.0,0
738.5833333333334,0
738.4583333333334,0
643.5416666666666,0
707.6666666666666,0
709.9583333333334,0
708.1666666666666,0
709.5833333333334,0
643.0833333333334,0
643.375,0
739.0416666666666,0
679.5,0
643.5,0
709.7916666666666,0
738.75,0
643.6666666666666,0
709.3333333333334,0
738.5833333333334,0
709.8333333333334,0
738.9583333333334,0
738.7083333333334,0
738.875,0
645.9166666666666,0
738.4166666666666,0
645.5833333333334,0
643.1666666666666,0
738.75,0
738.75,0
709.7916666666666,0
739.0,0
645.625,0
739.0,0
739.0833333333334,0
707.875,0
708.125,0
738.8333333333334,0
738.8333333333334,0
738.9166666666666,0
679.875,0
738.4583333333334,0
738.875,0
709.5833333333334,0
679.875,0
738.625,0
738.9166666666666,0
738.5833333333334,0
738.9583333333334,0
738.7916666666666,0
643.7083333333334,0
707.6666666666666,0
707.9583333333334,0
707.75,0
707.7916666666666,0
708.0,0
738.6666666666666,0
643.0833333333334,0
645.5416666666666,0
738.9166666666666,0
738.7083333333334,0
738.7916666666666,0
709.5,0
708.125,0
643.875,0
707.7916666666666,0
738.625,0
738.7916666666666,0
645.7083333333334,0
643.4583333333334,0
738.75,0
709.4583333333334,0
709.3333333333334,0
643.5416666666666,0
643.375,0
709.4583333333334,0
643.75,0
739.0,0
738.6666666666666,0
708.125,0
738.75,0
643.75,0
708.25,0
643.2083333333334,0
739.1666666666666,0
708.25,0
738.7083333333334,0
708.125,0
708.0416666666666,0
709.4583333333334,0
708.1666666666666,0
645.875,0
708.0,0
738.875,0
708.1666666666666,0
738.8333333333334,0
738.9583333333334,0
738.875,0
708.1666666666666,0
738.5416666666666,0
643.2083333333334,0
707.75,0
738.6666666666666,0
738.5,0
709.75,0
707.75,0
738.875,0
708.125,0
738.875,0
738.6666666666666,0
708.25,0
708.25,0
707.625,0
645.5416666666666,0
738.5,0
738.7916666666666,0
738.625,0
707.8333333333334,0
709.5,0
738.9166666666666,0
708.2083333333334,0
642.9583333333334,0
643.375,0
643.25,0
643.7916666666666,0
643.5416666666666,0
738.9166666666666,0
643.375,0
643.625,0
707.8333333333334,0
738.8333333333334,0
738.75,0
645.75,0
738.8333333333334,0
708.0416666666666,0
708.0416666666666,0
709.9166666666666,0
709.4583333333334,0
708.0833333333334,0
738.5416666666666,0
738.7083333333334,0
739.0,0
709.7916666666666,0
645.5833333333334,0
708.125,0
708.125,0
709.7916666666666,0
738.625,0
738.5,0
739.0,0
738.9166666666666,0
675.875,0
708.0833333333334,0
738.9583333333334,0
708.2916666666666,0
708.1666666666666,0
709.5416666666666,0
738.8333333333334,0
708.125,0
681.75,0
738.5416666666666,0
738.5416666666666,0
645.5833333333334,0
738.875,0
708.0416666666666,0
709.625,0
707.6666666666666,0
709.375,0
738.6666666666666,0
707.7083333333334,0
738.7916666666666,0
643.1666666666666,0
643.2083333333334,0
643.875,0
643.5833333333334,0
645.875,0
707.7083333333334,0
709.5416666666666,0
738.375,0
643.4166666666666,0
709.8333333333334,0
738.7916666666666,0
709.875,0
708.25,0
707.875,0
677.25,0
707.9583333333334,0
676.7083333333334,0
470.4166666666667,0
682.0,0
707.6666666666666,0
676.6666666666666,0
669.2916666666666,0
676.7083333333334,0
676.9583333333334,0
707.7083333333334,0
676.7083333333334,0
677.2083333333334,0
675.875,0
681.875,0
679.2083333333334,0
707.75,0
708.0833333333334,0
708.2083333333334,0
738.5,0
645.6666666666666,0
707.9166666666666,0
681.625,0
643.375,0
643.75,0
676.9166666666666,0
643.2916666666666,0
708.2083333333334,0
645.4583333333334,0
643.5,0
738.625,0
708.25,0
708.25,0
707.7916666666666,0
643.8333333333334,0
645.75,0
707.9166666666666,0
643.625,0
643.7916666666666,0
643.1666666666666,0
707.7916666666666,0
643.2916666666666,0
643.0416666666666,0
645.875,0
643.7916666666666,0
709.5,0
643.5416666666666,0
739.0,0
676.3333333333334,0
676.9166666666666,0
738.875,0
643.5,0
643.7083333333334,0
738.875,0
643.5416666666666,0
707.8333333333334,0
708.0833333333334,0
739.0,0
643.0833333333334,0
738.4166666666666,0
643.4166666666666,0
707.8333333333334,0
708.2083333333334,0
645.75,0
738.9583333333334,0
738.5416666666666,0
643.6666666666666,0
643.5833333333334,0
708.0833333333334,0
679.9166666666666,0
738.4583333333334,0
738.8333333333334,0
708.0833333333334,0
738.7916666666666,0
643.5416666666666,0
708.2083333333334,0
643.25,0
643.125,0
643.4166666666666,0
738.9583333333334,0
675.8333333333334,0
643.9583333333334,0
709.9166666666666,0
645.625,0
738.875,0
643.9583333333334,0
708.3333333333334,0
738.8333333333334,0
503.5,0
738.5416666666666,0
679.25,0
676.7916666666666,0
643.7083333333334,0
738.625,0
643.1666666666666,0
707.75,0
643.4166666666666,0
708.25,0
709.8333333333334,0
681.5,0
707.9583333333334,0
676.5833333333334,0
710.0,0
676.7916666666666,0
678.1666666666666,0
707.5416666666666,0
669.4583333333334,0
669.25,0
669.5416666666666,0
707.9583333333334,0
643.4166666666666,0
669.375,0
708.0416666666666,0
643.5416666666666,0
739.0,0
707.7916666666666,0
643.7916666666666,0
738.4166666666666,0
679.9166666666666,0
708.0,0
643.0416666666666,0
738.375,0
739.0416666666666,0
643.25,0
738.7916666666666,0
709.375,0
708.125,0
738.5833333333334,0
708.0,0
738.5833333333334,0
738.75,0
643.7916666666666,0
680.0,0
738.8333333333334,0
643.0833333333334,0
643.25,0
645.7916666666666,0
679.1666666666666,0
738.7083333333334,0
739.0416666666666,0
708.1666666666666,0
643.4583333333334,0
643.5416666666666,0
576.0416666666666,0
676.5833333333334,0
708.0416666666666,0
600.7916666666666,0
219.125,0
676.625,0
709.6666666666666,0
571.75,0
571.8333333333334,0
676.75,0
676.7083333333334,0
681.6666666666666,0
675.7916666666666,0
708.3333333333334,0
675.875,0
708.125,0
707.9166666666666,0
676.75,0
677.9166666666666,0
679.2916666666666,0
708.3333333333334,0
709.6666666666666,0
676.5416666666666,0
708.125,0
708.0833333333334,0
682.0416666666666,0
682.0,0
675.7083333333334,0
709.5,0
675.8333333333334,0
676.625,0
708.0,0
675.7916666666666,0
708.0416666666666,0
677.9166666666666,0
682.125,0
676.875,0
676.6666666666666,0
708.0,0
675.6666666666666,0
708.1666666666666,0
676.7083333333334,0
678.1666666666666,0
676.8333333333334,0
708.2083333333334,0
708.375,0
676.4583333333334,0
681.5833333333334,0
643.4583333333334,0
707.7083333333334,0
571.75,0
708.0,0
708.2916666666666,0
708.0416666666666,0
675.9583333333334,0
707.875,0
675.7916666666666,0
707.4583333333334,0
676.0416666666666,0
707.9166666666666,0
681.9166666666666,0
676.6666666666666,0
708.0,0
681.9583333333334,0
676.5416666666666,0
681.9583333333334,0
676.5416666666666,0
675.9166666666666,0
676.625,0
676.3333333333334,0
675.8333333333334,0
675.9583333333334,0
708.1666666666666,0
676.0833333333334,0
676.4583333333334,0
676.125,0
708.0833333333334,0
675.9583333333334,0
676.9583333333334,0
709.875,0
677.0,0
707.7916666666666,0
682.0416666666666,0
707.5416666666666,0
682.0416666666666,0
681.9166666666666,0
679.3333333333334,0
708.1666666666666,0
708.0,0
679.1666666666666,0
707.875,0
709.5,0
676.625,0
676.6666666666666,0
676.6666666666666,0
677.0,0
708.0416666666666,0
709.5416666666666,0
708.0,0
677.0,0
676.75,0
708.125,0
676.7916666666666,0
708.0833333333334,0
707.625,0
707.9583333333334,0
707.9583333333334,0
708.0833333333334,0
679.2916666666666,0
676.75,0
675.7083333333334,0
681.875,0
708.0833333333334,0
708.25,0
682.0833333333334,0
676.7916666666666,0
707.9583333333334,0
682.0833333333334,0
679.125,0
676.625,0
708.1666666666666,0
676.7916666666666,0
676.75,0
675.875,0
669.9583333333334,0
677.25,0
669.9583333333334,0
658.0416666666666,0
657.875,0
643.6666666666666,0
656.5416666666666,0
655.5833333333334,0
470.2916666666667,0
658.875,0
656.4583333333334,0
657.25,0
643.7916666666666,0
643.1666666666666,0
471.2083333333333,0
669.25,0
643.2083333333334,0
637.25,0
655.5833333333334,0
656.9583333333334,0
658.125,0
643.4166666666666,0
658.0,0
471.0416666666667,0
655.875,0
656.875,0
468.625,0
657.2083333333334,0
658.0833333333334,0
657.2916666666666,0
671.9583333333334,0
655.5,0
656.1666666666666,0
657.8333333333334,0
643.75,0
655.625,0
643.7083333333334,0
468.5,0
655.5416666666666,0
656.9583333333334,0
656.5416666666666,0
608.375,0
471.0416666666667,0
660.75,0
671.5,0
643.875,0
669.75,0
643.375,0
643.3333333333334,0
669.4583333333334,0
669.2916666666666,0
656.125,0
669.7083333333334,0
669.5833333333334,0
669.7083333333334,0
669.625,0
669.6666666666666,0
656.125,0
669.9166666666666,0
669.625,0
669.625,0
669.3333333333334,0
468.8333333333333,0
669.7916666666666,0
468.8333333333333,0
669.6666666666666,0
669.7083333333334,0
656.2916666666666,0
669.5,0
669.5,0
656.125,0
657.0,0
669.75,0
669.2916666666666,0
470.0416666666667,0
655.875,0
656.2083333333334,0
656.3333333333334,0
470.375,0
656.1666666666666,0
656.1666666666666,0
669.4583333333334,0
656.25,0
669.4583333333334,0
669.3333333333334,0
656.2083333333334,0
669.3333333333334,0
669.3333333333334,0
471.6666666666667,0
470.6666666666667,0
470.3333333333333,0
669.875,0
469.2083333333333,0
669.875,0
669.6666666666666,0
669.5833333333334,0
656.2916666666666,0
669.75,0
669.5416666666666,0
669.375,0
669.6666666666666,0
669.4583333333334,0
656.1666666666666,0
669.2916666666666,0
468.9166666666667,0
669.625,0
669.2916666666666,0
669.9166666666666,0
669.875,0
468.5416666666667,0
669.75,0
669.6666666666666,0
468.9583333333333,0
656.2083333333334,0
669.875,0
669.25,0
656.0833333333334,0
669.625,0
670.0416666666666,0
669.7916666666666,0
669.625,0
669.8333333333334,0
669.75,0
656.125,0
669.8333333333334,0
468.9583333333333,0
669.625,0
669.5416666666666,0
669.6666666666666,0
669.5833333333334,0
669.625,0
669.4166666666666,0
656.25,0
669.4583333333334,0
669.2916666666666,0
669.9166666666666,0
669.5833333333334,0
669.2916666666666,0
669.7916666666666,0
669.8333333333334,0
669.3333333333334,0
669.875,0
669.8333333333334,0
669.3333333333334,0
656.25,0
669.9166666666666,0
669.5,0
669.75,0
669.5833333333334,0
669.7916666666666,0
669.5416666666666,0
669.3333333333334,0
669.4166666666666,0
656.2916666666666,0
669.8333333333334,0
669.7916666666666,0
669.375,0
669.5,0
656.2916666666666,0
656.3333333333334,0
669.8333333333334,0
669.5416666666666,0
669.7916666666666,0
669.6666666666666,0
669.7083333333334,0
669.5416666666666,0
669.7083333333334,0
470.2083333333333,0
470.0416666666667,0
470.0,0
643.5833333333334,0
643.6666666666666,0
669.9583333333334,0
646.75,0
643.5416666666666,0
643.625,0
657.0,0
643.8333333333334,0
470.8333333333333,0
657.4583333333334,0
655.5833333333334,0
671.6666666666666,0
656.1666666666666,0
643.5833333333334,0
470.2916666666667,0
643.2916666666666,0
655.7083333333334,0
657.375,0
656.625,0
669.8333333333334,0
647.375,0
657.4583333333334,0
657.9166666666666,0
656.9166666666666,0
643.4583333333334,0
655.9583333333334,0
657.6666666666666,0
647.2083333333334,0
657.0,0
661.1666666666666,0
656.5416666666666,0
658.0416666666666,0
671.875,0
657.9583333333334,0
656.2083333333334,0
669.5,0
657.0833333333334,0
656.625,0
657.625,0
671.875,0
655.5,0
656.125,0
656.0,0
669.875,0
669.875,0
655.625,0
670.2916666666666,0
656.5,0
658.5416666666666,0
656.9583333333334,0
669.7083333333334,0
658.9583333333334,0
669.8333333333334,0
656.8333333333334,0
669.3333333333334,0
655.5833333333334,0
671.25,0
658.0833333333334,0
657.0,0
669.8333333333334,0
670.0833333333334,0
671.1666666666666,0
669.5416666666666,0
655.375,0
655.5,0
588.0833333333334,0
655.5833333333334,0
671.7083333333334,0
590.875,0
671.4583333333334,0
671.4166666666666,0
655.7916666666666,0
669.2916666666666,0
657.0833333333334,0
656.0416666666666,0
669.4583333333334,0
655.9166666666666,0
671.6666666666666,0
469.9583333333333,0
655.7083333333334,0
669.2916666666666,0
669.75,0
655.5416666666666,0
656.875,0
669.8333333333334,0
669.5,0
669.8333333333334,0
656.9583333333334,0
669.5833333333334,0
669.4166666666666,0
671.75,0
669.8333333333334,0
655.9583333333334,0
657.9583333333334,0
657.2083333333334,0
655.9166666666666,0
656.75,0
669.875,0
669.75,0
469.9166666666667,0
669.5833333333334,0
657.0833333333334,0
655.75,0
669.625,0
656.0833333333334,0
655.75,0
470.125,0
677.2083333333334,0
655.875,0
671.2083333333334,0
669.8333333333334,0
657.0416666666666,0
669.9166666666666,0
655.9166666666666,0
316.375,0
656.75,0
503.5833333333333,0
304.7916666666667,0
669.75,0
669.75,0
655.625,0
656.6666666666666,0
669.8333333333334,0
669.875,0
655.5833333333334,0
657.125,0
670.125,0
657.75,0
669.625,0
671.2916666666666,0
656.5833333333334,0
669.875,0
655.75,0
669.5833333333334,0
670.125,0
657.0833333333334,0
657.0833333333334,0
470.3333333333333,0
670.1666666666666,0
657.5,0
656.75,0
669.9583333333334,0
657.6666666666666,0
671.7916666666666,0
669.5833333333334,0
669.9166666666666,0
669.5416666666666,0
669.5,0
216.625,0
566.8333333333334,0
217.70833333333334,0
566.875,0
217.66666666666666,0
567.5416666666666,0
221.54166666666666,0
221.5,0
221.45833333333334,0
567.25,0
217.70833333333334,0
374.9583333333333,0
504.125,0
567.0416666666666,0
566.9583333333334,0
374.4583333333333,0
567.4166666666666,0
567.375,0
567.0416666666666,0
217.66666666666666,0
566.7916666666666,0
221.58333333333334,0
218.33333333333334,0
567.3333333333334,0
219.33333333333334,0
216.58333333333334,0
374.5,0
567.0,0
218.45833333333334,0
566.6666666666666,0
218.41666666666666,0
216.625,0
375.0416666666667,0
221.625,0
502.75,0
566.8333333333334,0
566.8333333333334,0
218.625,0
567.0416666666666,0
566.8333333333334,0
218.125,0
566.9583333333334,0
216.58333333333334,0
216.66666666666666,0
502.375,0
221.625,0
218.45833333333334,0
566.9166666666666,0
374.5833333333333,0
374.4583333333333,0
221.625,0
567.2916666666666,0
218.125,0
217.70833333333334,0
221.54166666666666,0
218.08333333333334,0
217.91666666666666,0
217.16666666666666,0
567.2916666666666,0
218.54166666666666,0
566.8333333333334,0
217.875,0
221.16666666666666,0
217.83333333333334,0
567.4583333333334,0
566.9166666666666,0
217.875,0
217.95833333333334,0
567.2083333333334,0
217.33333333333334,0
218.125,0
217.58333333333334,0
217.75,0
221.04166666666666,0
217.625,0
218.20833333333334,0
218.08333333333334,0
567.0,0
566.875,0
566.9583333333334,0
566.75,0
217.16666666666666,0
218.54166666666666,0
218.04166666666666,0
218.45833333333334,0
217.70833333333334,0
567.5416666666666,0
217.875,0
217.66666666666666,0
217.125,0
567.4166666666666,0
217.91666666666666,0
566.6666666666666,0
374.875,0
217.70833333333334,0
566.7916666666666,0
374.875,0
567.0833333333334,0
217.58333333333334,0
217.95833333333334,0
219.08333333333334,0
503.375,0
218.41666666666666,0
566.9583333333334,0
218.0,0
216.79166666666666,0
567.4583333333334,0
218.41666666666666,0
221.45833333333334,0
567.1666666666666,0
567.5,0
218.33333333333334,0
566.9583333333334,0
566.8333333333334,0
218.16666666666666,0
218.08333333333334,0
217.66666666666666,0
502.2916666666667,0
219.20833333333334,0
218.25,0
218.33333333333334,0
218.33333333333334,0
218.04166666666666,0
217.45833333333334,0
221.20833333333334,0
218.5,0
216.58333333333334,0
217.70833333333334,0
217.91666666666666,0
217.66666666666666,0
219.08333333333334,0
218.54166666666666,0
218.58333333333334,0
217.29166666666666,0
218.54166666666666,0
219.16666666666666,0
221.5,0
501.7916666666667,0
216.58333333333334,0
566.9166666666666,0
217.58333333333334,0
217.33333333333334,0
218.5,0
218.04166666666666,0
217.75,0
218.125,0
567.2916666666666,0
566.9166666666666,0
217.375,0
516.625,0
567.125,0
567.2916666666666,0
218.91666666666666,0
218.5,0
217.875,0
221.45833333333334,0
217.66666666666666,0
502.5,0
217.33333333333334,0
218.16666666666666,0
221.41666666666666,0
218.25,0
566.7916666666666,0
567.4583333333334,0
567.4583333333334,0
221.125,0
221.16666666666666,0
217.58333333333334,0
221.5,0
221.25,0
217.625,0
217.91666666666666,0
217.08333333333334,0
218.125,0
219.04166666666666,0
217.45833333333334,0
218.83333333333334,0
218.20833333333334,0
217.83333333333334,0
217.91666666666666,0
219.16666666666666,0
218.95833333333334,0
218.04166666666666,0
217.95833333333334,0
217.625,0
219.33333333333334,0
218.95833333333334,0
218.08333333333334,0
217.75,0
221.0,0
218.16666666666666,0
217.625,0
218.16666666666666,0
217.66666666666666,0
221.20833333333334,0
219.20833333333334,0
217.91666666666666,0
221.04166666666666,0
218.95833333333334,0
221.08333333333334,0
218.0,0
217.79166666666666,0
217.54166666666666,0
219.125,0
502.2083333333333,0
221.16666666666666,0
502.0833333333333,0
218.20833333333334,0
217.54166666666666,0
503.0833333333333,0
221.20833333333334,0
218.0,0
217.66666666666666,0
217.95833333333334,0
217.75,0
217.83333333333334,0
218.20833333333334,0
221.08333333333334,0
218.16666666666666,0
221.20833333333334,0
217.66666666666666,0
217.79166666666666,0
217.625,0
217.75,0
221.04166666666666,0
218.08333333333334,0
218.04166666666666,0
217.375,0
217.625,0
221.08333333333334,0
217.625,0
218.91666666666666,0
218.875,0
217.70833333333334,0
502.5833333333333,0
218.125,0
221.16666666666666,0
217.75,0
221.04166666666666,0
218.20833333333334,0
217.70833333333334,0
219.20833333333334,0
217.875,0
501.875,0
217.66666666666666,0
501.7916666666667,0
217.70833333333334,0
217.875,0
502.4166666666667,0
218.125,0
217.91666666666666,0
218.08333333333334,0
217.45833333333334,0
218.91666666666666,0
217.58333333333334,0
217.79166666666666,0
